service_area,network_type,category,access_medium,provider_fee_included,status,affiliate_available,affiliate_url,link_is_pr,ipv6,smartphone_discount,smartphone_carrier,smartphone_discount_max,discount_required_option_fee,discount_scope,latency_ms,jitter_ms,packet_loss_pct,measured_down_mbps,measured_up_mbps,initial_fee,construction_fee,construction_fee_max,construction_fee_basis,contract_period,cancellation_fee,mandatory_monthly_fee,mandatory_one_time_fee,provider_monthly_fee,campaign_monthly_fee,campaign_months,cashback_amount,campaign_summary,campaign_end,congestion_policy,dedicated_bandwidth,checked_at,fee_tax,fee_basis,other_fees,eligibility,notes,service_id,service_name,provider,official_url,area_check_url,source_url,price_source_url,technical_source_url,status_source_url,plan_name,housing_type,max_down_mbps,max_up_mbps,normal_monthly_fee,record_id,price_status,ipv6_option_monthly_fee,monthly_fee_min,monthly_fee_max,monthly_fee_schedule,area_prefectures,max_up_source_url,max_up_checked_at,max_up_review_status,max_up_notes,conditional_monthly_fee,conditional_fee_requirements,pricing_reviewed_at,pricing_review_result,operator_name,pending_review_status,pending_review_reason,pending_review_date,pending_review_source_url
全国（設備・地域により対象外）,光コラボ,fixed,FTTH,true,active,NULL,NULL,false,プロバイダーによる,docomo対象プランのスマホ料金割引。ahamo対象外,docomo,1210,0,mobile,NULL,NULL,NULL,NULL,NULL,NULL,NULL,NULL,工事内容・配線状況により変動。未確認額はNULL,24,NULL,0,0,NULL,NULL,NULL,NULL,要確認（通常月額に含めない）,NULL,NULL,NULL,2026-10-07,税込,通常料金・プロバイダー込み。キャンペーン・スマホ割を除く,ブロードバンドユニバーサルサービス料・追加工事・任意オプション等は別途。適用額は公式で確認,NULL,,docomo,ドコモ光,選択制（タイプA/B/C）,https://www.docomo.ne.jp/internet/hikari/charge/,https://www.docomo.ne.jp/internet/hikari/charge/,https://www.docomo.ne.jp/internet/hikari/charge/,https://www.docomo.ne.jp/internet/hikari/charge/,https://www.docomo.ne.jp/internet/hikari/charge/,https://www.docomo.ne.jp/internet/hikari/charge/,1ギガ タイプA 2年定期,house,1000,NULL,5720,docomo-053d324083,verified,NULL,NULL,NULL,NULL,NULL,NULL,2026-10-07,rechecked_unresolved,公式サービス・料金ページと公式サイト検索を再調査しましたが、このレコードに適用する上り最大値を確定できませんでした。下りと同じ値では埋めていません。,NULL,NULL,NULL,NULL,NTTドコモ,NULL,NULL,NULL,NULL
全国（設備・地域により対象外）,光コラボ,fixed,FTTH,true,active,NULL,NULL,false,プロバイダーによる,docomo対象プランのスマホ料金割引。ahamo対象外,docomo,1210,0,mobile,NULL,NULL,NULL,NULL,NULL,NULL,NULL,NULL,工事内容・配線状況により変動。未確認額はNULL,24,NULL,0,0,NULL,NULL,NULL,NULL,要確認（通常月額に含めない）,NULL,NULL,NULL,2026-10-07,税込,通常料金・プロバイダー込み。キャンペーン・スマホ割を除く,ブロードバンドユニバーサルサービス料・追加工事・任意オプション等は別途。適用額は公式で確認,NULL,,docomo,ドコモ光,選択制（タイプA/B/C）,https://www.docomo.ne.jp/internet/hikari/charge/,https://www.docomo.ne.jp/internet/hikari/charge/,https://www.docomo.ne.jp/internet/hikari/charge/,https://www.docomo.ne.jp/internet/hikari/charge/,https://www.docomo.ne.jp/internet/hikari/charge/,https://www.docomo.ne.jp/internet/hikari/charge/,1ギガ タイプA 2年定期,apartment,1000,NULL,4400,docomo-4abcca704e,verified,NULL,NULL,NULL,NULL,NULL,NULL,2026-10-07,rechecked_unresolved,公式サービス・料金ページと公式サイト検索を再調査しましたが、このレコードに適用する上り最大値を確定できませんでした。下りと同じ値では埋めていません。,NULL,NULL,NULL,NULL,NTTドコモ,NULL,NULL,NULL,NULL
全国（設備・地域により対象外）,光コラボ,fixed,FTTH,true,active,NULL,NULL,false,プロバイダーによる,docomo対象プランのスマホ料金割引。ahamo対象外,docomo,1210,0,mobile,NULL,NULL,NULL,NULL,NULL,NULL,NULL,NULL,工事内容・配線状況により変動。未確認額はNULL,0,0,0,0,NULL,NULL,NULL,NULL,要確認（通常月額に含めない）,NULL,NULL,NULL,2026-10-07,税込,通常料金・プロバイダー込み。キャンペーン・スマホ割を除く,ブロードバンドユニバーサルサービス料・追加工事・任意オプション等は別途。適用額は公式で確認,NULL,,docomo,ドコモ光,選択制（タイプA/B/C）,https://www.docomo.ne.jp/internet/hikari/charge/,https://www.docomo.ne.jp/internet/hikari/charge/,https://www.docomo.ne.jp/internet/hikari/charge/,https://www.docomo.ne.jp/internet/hikari/charge/,https://www.docomo.ne.jp/internet/hikari/charge/,https://www.docomo.ne.jp/internet/hikari/charge/,1ギガ タイプA 定期なし,house,1000,NULL,7370,docomo-8a767ad967,verified,NULL,NULL,NULL,NULL,NULL,NULL,2026-10-07,rechecked_unresolved,公式サービス・料金ページと公式サイト検索を再調査しましたが、このレコードに適用する上り最大値を確定できませんでした。下りと同じ値では埋めていません。,NULL,NULL,NULL,NULL,NTTドコモ,NULL,NULL,NULL,NULL
全国（設備・地域により対象外）,光コラボ,fixed,FTTH,true,active,NULL,NULL,false,プロバイダーによる,docomo対象プランのスマホ料金割引。ahamo対象外,docomo,1210,0,mobile,NULL,NULL,NULL,NULL,NULL,NULL,NULL,NULL,工事内容・配線状況により変動。未確認額はNULL,0,0,0,0,NULL,NULL,NULL,NULL,要確認（通常月額に含めない）,NULL,NULL,NULL,2026-10-07,税込,通常料金・プロバイダー込み。キャンペーン・スマホ割を除く,ブロードバンドユニバーサルサービス料・追加工事・任意オプション等は別途。適用額は公式で確認,NULL,,docomo,ドコモ光,選択制（タイプA/B/C）,https://www.docomo.ne.jp/internet/hikari/charge/,https://www.docomo.ne.jp/internet/hikari/charge/,https://www.docomo.ne.jp/internet/hikari/charge/,https://www.docomo.ne.jp/internet/hikari/charge/,https://www.docomo.ne.jp/internet/hikari/charge/,https://www.docomo.ne.jp/internet/hikari/charge/,1ギガ タイプA 定期なし,apartment,1000,NULL,5500,docomo-84b417ba04,verified,NULL,NULL,NULL,NULL,NULL,NULL,2026-10-07,rechecked_unresolved,公式サービス・料金ページと公式サイト検索を再調査しましたが、このレコードに適用する上り最大値を確定できませんでした。下りと同じ値では埋めていません。,NULL,NULL,NULL,NULL,NTTドコモ,NULL,NULL,NULL,NULL
全国（設備・地域により対象外）,光コラボ,fixed,FTTH,true,active,NULL,NULL,false,プロバイダーによる,docomo対象プランのスマホ料金割引。ahamo対象外,docomo,1210,0,mobile,NULL,NULL,NULL,NULL,NULL,NULL,NULL,NULL,工事内容・配線状況により変動。未確認額はNULL,24,NULL,0,0,NULL,NULL,NULL,NULL,要確認（通常月額に含めない）,NULL,NULL,NULL,2026-10-07,税込,通常料金・プロバイダー込み。キャンペーン・スマホ割を除く,ブロードバンドユニバーサルサービス料・追加工事・任意オプション等は別途。適用額は公式で確認,NULL,,docomo,ドコモ光,選択制（タイプA/B/C）,https://www.docomo.ne.jp/internet/hikari/charge/,https://www.docomo.ne.jp/internet/hikari/charge/,https://www.docomo.ne.jp/internet/hikari/charge/,https://www.docomo.ne.jp/internet/hikari/charge/,https://www.docomo.ne.jp/internet/hikari/charge/,https://www.docomo.ne.jp/internet/hikari/charge/,1ギガ タイプB 2年定期,house,1000,NULL,5940,docomo-c45e2dd09c,verified,NULL,NULL,NULL,NULL,NULL,NULL,2026-10-07,rechecked_unresolved,公式サービス・料金ページと公式サイト検索を再調査しましたが、このレコードに適用する上り最大値を確定できませんでした。下りと同じ値では埋めていません。,NULL,NULL,NULL,NULL,NTTドコモ,NULL,NULL,NULL,NULL
全国（設備・地域により対象外）,光コラボ,fixed,FTTH,true,active,NULL,NULL,false,プロバイダーによる,docomo対象プランのスマホ料金割引。ahamo対象外,docomo,1210,0,mobile,NULL,NULL,NULL,NULL,NULL,NULL,NULL,NULL,工事内容・配線状況により変動。未確認額はNULL,24,NULL,0,0,NULL,NULL,NULL,NULL,要確認（通常月額に含めない）,NULL,NULL,NULL,2026-10-07,税込,通常料金・プロバイダー込み。キャンペーン・スマホ割を除く,ブロードバンドユニバーサルサービス料・追加工事・任意オプション等は別途。適用額は公式で確認,NULL,,docomo,ドコモ光,選択制（タイプA/B/C）,https://www.docomo.ne.jp/internet/hikari/charge/,https://www.docomo.ne.jp/internet/hikari/charge/,https://www.docomo.ne.jp/internet/hikari/charge/,https://www.docomo.ne.jp/internet/hikari/charge/,https://www.docomo.ne.jp/internet/hikari/charge/,https://www.docomo.ne.jp/internet/hikari/charge/,1ギガ タイプB 2年定期,apartment,1000,NULL,4620,docomo-b79619aef6,verified,NULL,NULL,NULL,NULL,NULL,NULL,2026-10-07,rechecked_unresolved,公式サービス・料金ページと公式サイト検索を再調査しましたが、このレコードに適用する上り最大値を確定できませんでした。下りと同じ値では埋めていません。,NULL,NULL,NULL,NULL,NTTドコモ,NULL,NULL,NULL,NULL
全国（設備・地域により対象外）,光コラボ,fixed,FTTH,true,active,NULL,NULL,false,プロバイダーによる,docomo対象プランのスマホ料金割引。ahamo対象外,docomo,1210,0,mobile,NULL,NULL,NULL,NULL,NULL,NULL,NULL,NULL,工事内容・配線状況により変動。未確認額はNULL,0,0,0,0,NULL,NULL,NULL,NULL,要確認（通常月額に含めない）,NULL,NULL,NULL,2026-10-07,税込,通常料金・プロバイダー込み。キャンペーン・スマホ割を除く,ブロードバンドユニバーサルサービス料・追加工事・任意オプション等は別途。適用額は公式で確認,NULL,,docomo,ドコモ光,選択制（タイプA/B/C）,https://www.docomo.ne.jp/internet/hikari/charge/,https://www.docomo.ne.jp/internet/hikari/charge/,https://www.docomo.ne.jp/internet/hikari/charge/,https://www.docomo.ne.jp/internet/hikari/charge/,https://www.docomo.ne.jp/internet/hikari/charge/,https://www.docomo.ne.jp/internet/hikari/charge/,1ギガ タイプB 定期なし,house,1000,NULL,7590,docomo-a0bfaf3f70,verified,NULL,NULL,NULL,NULL,NULL,NULL,2026-10-07,rechecked_unresolved,公式サービス・料金ページと公式サイト検索を再調査しましたが、このレコードに適用する上り最大値を確定できませんでした。下りと同じ値では埋めていません。,NULL,NULL,NULL,NULL,NTTドコモ,NULL,NULL,NULL,NULL
全国（設備・地域により対象外）,光コラボ,fixed,FTTH,true,active,NULL,NULL,false,プロバイダーによる,docomo対象プランのスマホ料金割引。ahamo対象外,docomo,1210,0,mobile,NULL,NULL,NULL,NULL,NULL,NULL,NULL,NULL,工事内容・配線状況により変動。未確認額はNULL,0,0,0,0,NULL,NULL,NULL,NULL,要確認（通常月額に含めない）,NULL,NULL,NULL,2026-10-07,税込,通常料金・プロバイダー込み。キャンペーン・スマホ割を除く,ブロードバンドユニバーサルサービス料・追加工事・任意オプション等は別途。適用額は公式で確認,NULL,,docomo,ドコモ光,選択制（タイプA/B/C）,https://www.docomo.ne.jp/internet/hikari/charge/,https://www.docomo.ne.jp/internet/hikari/charge/,https://www.docomo.ne.jp/internet/hikari/charge/,https://www.docomo.ne.jp/internet/hikari/charge/,https://www.docomo.ne.jp/internet/hikari/charge/,https://www.docomo.ne.jp/internet/hikari/charge/,1ギガ タイプB 定期なし,apartment,1000,NULL,5720,docomo-5cfcc6f412,verified,NULL,NULL,NULL,NULL,NULL,NULL,2026-10-07,rechecked_unresolved,公式サービス・料金ページと公式サイト検索を再調査しましたが、このレコードに適用する上り最大値を確定できませんでした。下りと同じ値では埋めていません。,NULL,NULL,NULL,NULL,NTTドコモ,NULL,NULL,NULL,NULL
全国（設備・地域により対象外）,光コラボ,fixed,FTTH,false,active,NULL,NULL,false,プロバイダーによる,docomo対象プランのスマホ料金割引。ahamo対象外,docomo,1210,0,mobile,NULL,NULL,NULL,NULL,NULL,NULL,NULL,NULL,工事内容・配線状況により変動。未確認額はNULL,24,NULL,0,0,NULL,NULL,NULL,NULL,要確認（通常月額に含めない）,NULL,NULL,NULL,2026-10-07,税込,回線のみ。プロバイダー料金別、合計は要確認,ブロードバンドユニバーサルサービス料・追加工事・任意オプション等は別途。適用額は公式で確認,NULL,,docomo,ドコモ光,選択制（タイプA/B/C）,https://www.docomo.ne.jp/internet/hikari/charge/,https://www.docomo.ne.jp/internet/hikari/charge/,https://www.docomo.ne.jp/internet/hikari/charge/,https://www.docomo.ne.jp/internet/hikari/charge/,https://www.docomo.ne.jp/internet/hikari/charge/,https://www.docomo.ne.jp/internet/hikari/charge/,1ギガ 単独タイプ 2年定期,house,1000,NULL,5500,docomo-f0e55b8d13,verified,NULL,NULL,NULL,NULL,NULL,NULL,2026-10-07,rechecked_unresolved,公式サービス・料金ページと公式サイト検索を再調査しましたが、このレコードに適用する上り最大値を確定できませんでした。下りと同じ値では埋めていません。,NULL,NULL,2026-10-07,回線のみ料金は確認済み。別契約プロバイダー料金が必要,NTTドコモ,conditional,回線のみ料金は確認済み。別契約プロバイダー料金が必要,2026-10-07,https://www.docomo.ne.jp/internet/hikari/charge/
全国（設備・地域により対象外）,光コラボ,fixed,FTTH,false,active,NULL,NULL,false,プロバイダーによる,docomo対象プランのスマホ料金割引。ahamo対象外,docomo,1210,0,mobile,NULL,NULL,NULL,NULL,NULL,NULL,NULL,NULL,工事内容・配線状況により変動。未確認額はNULL,24,NULL,0,0,NULL,NULL,NULL,NULL,要確認（通常月額に含めない）,NULL,NULL,NULL,2026-10-07,税込,回線のみ。プロバイダー料金別、合計は要確認,ブロードバンドユニバーサルサービス料・追加工事・任意オプション等は別途。適用額は公式で確認,NULL,,docomo,ドコモ光,選択制（タイプA/B/C）,https://www.docomo.ne.jp/internet/hikari/charge/,https://www.docomo.ne.jp/internet/hikari/charge/,https://www.docomo.ne.jp/internet/hikari/charge/,https://www.docomo.ne.jp/internet/hikari/charge/,https://www.docomo.ne.jp/internet/hikari/charge/,https://www.docomo.ne.jp/internet/hikari/charge/,1ギガ 単独タイプ 2年定期,apartment,1000,NULL,4180,docomo-5ab3dde426,verified,NULL,NULL,NULL,NULL,NULL,NULL,2026-10-07,rechecked_unresolved,公式サービス・料金ページと公式サイト検索を再調査しましたが、このレコードに適用する上り最大値を確定できませんでした。下りと同じ値では埋めていません。,NULL,NULL,2026-10-07,回線のみ料金は確認済み。別契約プロバイダー料金が必要,NTTドコモ,conditional,回線のみ料金は確認済み。別契約プロバイダー料金が必要,2026-10-07,https://www.docomo.ne.jp/internet/hikari/charge/
全国（設備・地域により対象外）,光コラボ,fixed,FTTH,false,active,NULL,NULL,false,プロバイダーによる,docomo対象プランのスマホ料金割引。ahamo対象外,docomo,1210,0,mobile,NULL,NULL,NULL,NULL,NULL,NULL,NULL,NULL,工事内容・配線状況により変動。未確認額はNULL,0,0,0,0,NULL,NULL,NULL,NULL,要確認（通常月額に含めない）,NULL,NULL,NULL,2026-10-07,税込,回線のみ。プロバイダー料金別、合計は要確認,ブロードバンドユニバーサルサービス料・追加工事・任意オプション等は別途。適用額は公式で確認,NULL,,docomo,ドコモ光,選択制（タイプA/B/C）,https://www.docomo.ne.jp/internet/hikari/charge/,https://www.docomo.ne.jp/internet/hikari/charge/,https://www.docomo.ne.jp/internet/hikari/charge/,https://www.docomo.ne.jp/internet/hikari/charge/,https://www.docomo.ne.jp/internet/hikari/charge/,https://www.docomo.ne.jp/internet/hikari/charge/,1ギガ 単独タイプ 定期なし,house,1000,NULL,7150,docomo-13d5bf65d7,verified,NULL,NULL,NULL,NULL,NULL,NULL,2026-10-07,rechecked_unresolved,公式サービス・料金ページと公式サイト検索を再調査しましたが、このレコードに適用する上り最大値を確定できませんでした。下りと同じ値では埋めていません。,NULL,NULL,2026-10-07,回線のみ料金は確認済み。別契約プロバイダー料金が必要,NTTドコモ,conditional,回線のみ料金は確認済み。別契約プロバイダー料金が必要,2026-10-07,https://www.docomo.ne.jp/internet/hikari/charge/
全国（設備・地域により対象外）,光コラボ,fixed,FTTH,false,active,NULL,NULL,false,プロバイダーによる,docomo対象プランのスマホ料金割引。ahamo対象外,docomo,1210,0,mobile,NULL,NULL,NULL,NULL,NULL,NULL,NULL,NULL,工事内容・配線状況により変動。未確認額はNULL,0,0,0,0,NULL,NULL,NULL,NULL,要確認（通常月額に含めない）,NULL,NULL,NULL,2026-10-07,税込,回線のみ。プロバイダー料金別、合計は要確認,ブロードバンドユニバーサルサービス料・追加工事・任意オプション等は別途。適用額は公式で確認,NULL,,docomo,ドコモ光,選択制（タイプA/B/C）,https://www.docomo.ne.jp/internet/hikari/charge/,https://www.docomo.ne.jp/internet/hikari/charge/,https://www.docomo.ne.jp/internet/hikari/charge/,https://www.docomo.ne.jp/internet/hikari/charge/,https://www.docomo.ne.jp/internet/hikari/charge/,https://www.docomo.ne.jp/internet/hikari/charge/,1ギガ 単独タイプ 定期なし,apartment,1000,NULL,5280,docomo-1285d913c8,verified,NULL,NULL,NULL,NULL,NULL,NULL,2026-10-07,rechecked_unresolved,公式サービス・料金ページと公式サイト検索を再調査しましたが、このレコードに適用する上り最大値を確定できませんでした。下りと同じ値では埋めていません。,NULL,NULL,2026-10-07,回線のみ料金は確認済み。別契約プロバイダー料金が必要,NTTドコモ,conditional,回線のみ料金は確認済み。別契約プロバイダー料金が必要,2026-10-07,https://www.docomo.ne.jp/internet/hikari/charge/
全国（設備・地域により対象外）,光コラボ,fixed,FTTH,true,active,NULL,NULL,false,プロバイダーによる,docomo対象プランのスマホ料金割引。ahamo対象外,docomo,1210,0,mobile,NULL,NULL,NULL,NULL,NULL,NULL,NULL,NULL,工事内容・配線状況により変動。未確認額はNULL,24,NULL,0,0,NULL,NULL,NULL,NULL,要確認（通常月額に含めない）,NULL,NULL,NULL,2026-10-07,税込,通常料金・プロバイダー込み。キャンペーン・スマホ割を除く,ブロードバンドユニバーサルサービス料・追加工事・任意オプション等は別途。適用額は公式で確認,NULL,,docomo,ドコモ光,選択制（タイプA/B/C）,https://www.docomo.ne.jp/internet/hikari/charge/,https://www.docomo.ne.jp/internet/hikari/charge/,https://www.docomo.ne.jp/internet/hikari/charge/,https://www.docomo.ne.jp/internet/hikari/charge/,https://www.docomo.ne.jp/internet/hikari/charge/,https://www.docomo.ne.jp/internet/hikari/charge/,10ギガ タイプA 2年定期,house,10000,NULL,6380,docomo-3709115d6d,verified,NULL,NULL,NULL,NULL,NULL,NULL,2026-10-07,rechecked_unresolved,公式サービス・料金ページと公式サイト検索を再調査しましたが、このレコードに適用する上り最大値を確定できませんでした。下りと同じ値では埋めていません。,NULL,NULL,NULL,NULL,NTTドコモ,NULL,NULL,NULL,NULL
全国（設備・地域により対象外）,光コラボ,fixed,FTTH,true,active,NULL,NULL,false,プロバイダーによる,docomo対象プランのスマホ料金割引。ahamo対象外,docomo,1210,0,mobile,NULL,NULL,NULL,NULL,NULL,NULL,NULL,NULL,工事内容・配線状況により変動。未確認額はNULL,24,NULL,0,0,NULL,NULL,NULL,NULL,要確認（通常月額に含めない）,NULL,NULL,NULL,2026-10-07,税込,通常料金・プロバイダー込み。キャンペーン・スマホ割を除く,ブロードバンドユニバーサルサービス料・追加工事・任意オプション等は別途。適用額は公式で確認,NULL,,docomo,ドコモ光,選択制（タイプA/B/C）,https://www.docomo.ne.jp/internet/hikari/charge/,https://www.docomo.ne.jp/internet/hikari/charge/,https://www.docomo.ne.jp/internet/hikari/charge/,https://www.docomo.ne.jp/internet/hikari/charge/,https://www.docomo.ne.jp/internet/hikari/charge/,https://www.docomo.ne.jp/internet/hikari/charge/,10ギガ タイプA 2年定期,apartment,10000,NULL,6380,docomo-4e8a2361a3,verified,NULL,NULL,NULL,NULL,NULL,NULL,2026-10-07,rechecked_unresolved,公式サービス・料金ページと公式サイト検索を再調査しましたが、このレコードに適用する上り最大値を確定できませんでした。下りと同じ値では埋めていません。,NULL,NULL,NULL,NULL,NTTドコモ,NULL,NULL,NULL,NULL
全国（設備・地域により対象外）,光コラボ,fixed,FTTH,true,active,NULL,NULL,false,プロバイダーによる,docomo対象プランのスマホ料金割引。ahamo対象外,docomo,1210,0,mobile,NULL,NULL,NULL,NULL,NULL,NULL,NULL,NULL,工事内容・配線状況により変動。未確認額はNULL,0,0,0,0,NULL,NULL,NULL,NULL,要確認（通常月額に含めない）,NULL,NULL,NULL,2026-10-07,税込,通常料金・プロバイダー込み。キャンペーン・スマホ割を除く,ブロードバンドユニバーサルサービス料・追加工事・任意オプション等は別途。適用額は公式で確認,NULL,,docomo,ドコモ光,選択制（タイプA/B/C）,https://www.docomo.ne.jp/internet/hikari/charge/,https://www.docomo.ne.jp/internet/hikari/charge/,https://www.docomo.ne.jp/internet/hikari/charge/,https://www.docomo.ne.jp/internet/hikari/charge/,https://www.docomo.ne.jp/internet/hikari/charge/,https://www.docomo.ne.jp/internet/hikari/charge/,10ギガ タイプA 定期なし,house,10000,NULL,8030,docomo-1689c34b49,verified,NULL,NULL,NULL,NULL,NULL,NULL,2026-10-07,rechecked_unresolved,公式サービス・料金ページと公式サイト検索を再調査しましたが、このレコードに適用する上り最大値を確定できませんでした。下りと同じ値では埋めていません。,NULL,NULL,NULL,NULL,NTTドコモ,NULL,NULL,NULL,NULL
全国（設備・地域により対象外）,光コラボ,fixed,FTTH,true,active,NULL,NULL,false,プロバイダーによる,docomo対象プランのスマホ料金割引。ahamo対象外,docomo,1210,0,mobile,NULL,NULL,NULL,NULL,NULL,NULL,NULL,NULL,工事内容・配線状況により変動。未確認額はNULL,0,0,0,0,NULL,NULL,NULL,NULL,要確認（通常月額に含めない）,NULL,NULL,NULL,2026-10-07,税込,通常料金・プロバイダー込み。キャンペーン・スマホ割を除く,ブロードバンドユニバーサルサービス料・追加工事・任意オプション等は別途。適用額は公式で確認,NULL,,docomo,ドコモ光,選択制（タイプA/B/C）,https://www.docomo.ne.jp/internet/hikari/charge/,https://www.docomo.ne.jp/internet/hikari/charge/,https://www.docomo.ne.jp/internet/hikari/charge/,https://www.docomo.ne.jp/internet/hikari/charge/,https://www.docomo.ne.jp/internet/hikari/charge/,https://www.docomo.ne.jp/internet/hikari/charge/,10ギガ タイプA 定期なし,apartment,10000,NULL,8030,docomo-e8dc7464a9,verified,NULL,NULL,NULL,NULL,NULL,NULL,2026-10-07,rechecked_unresolved,公式サービス・料金ページと公式サイト検索を再調査しましたが、このレコードに適用する上り最大値を確定できませんでした。下りと同じ値では埋めていません。,NULL,NULL,NULL,NULL,NTTドコモ,NULL,NULL,NULL,NULL
全国（設備・地域により対象外）,光コラボ,fixed,FTTH,true,active,NULL,NULL,false,プロバイダーによる,docomo対象プランのスマホ料金割引。ahamo対象外,docomo,1210,0,mobile,NULL,NULL,NULL,NULL,NULL,NULL,NULL,NULL,工事内容・配線状況により変動。未確認額はNULL,24,NULL,0,0,NULL,NULL,NULL,NULL,要確認（通常月額に含めない）,NULL,NULL,NULL,2026-10-07,税込,通常料金・プロバイダー込み。キャンペーン・スマホ割を除く,ブロードバンドユニバーサルサービス料・追加工事・任意オプション等は別途。適用額は公式で確認,NULL,,docomo,ドコモ光,選択制（タイプA/B/C）,https://www.docomo.ne.jp/internet/hikari/charge/,https://www.docomo.ne.jp/internet/hikari/charge/,https://www.docomo.ne.jp/internet/hikari/charge/,https://www.docomo.ne.jp/internet/hikari/charge/,https://www.docomo.ne.jp/internet/hikari/charge/,https://www.docomo.ne.jp/internet/hikari/charge/,10ギガ タイプB 2年定期,house,10000,NULL,6600,docomo-b8c964e271,verified,NULL,NULL,NULL,NULL,NULL,NULL,2026-10-07,rechecked_unresolved,公式サービス・料金ページと公式サイト検索を再調査しましたが、このレコードに適用する上り最大値を確定できませんでした。下りと同じ値では埋めていません。,NULL,NULL,NULL,NULL,NTTドコモ,NULL,NULL,NULL,NULL
全国（設備・地域により対象外）,光コラボ,fixed,FTTH,true,active,NULL,NULL,false,プロバイダーによる,docomo対象プランのスマホ料金割引。ahamo対象外,docomo,1210,0,mobile,NULL,NULL,NULL,NULL,NULL,NULL,NULL,NULL,工事内容・配線状況により変動。未確認額はNULL,24,NULL,0,0,NULL,NULL,NULL,NULL,要確認（通常月額に含めない）,NULL,NULL,NULL,2026-10-07,税込,通常料金・プロバイダー込み。キャンペーン・スマホ割を除く,ブロードバンドユニバーサルサービス料・追加工事・任意オプション等は別途。適用額は公式で確認,NULL,,docomo,ドコモ光,選択制（タイプA/B/C）,https://www.docomo.ne.jp/internet/hikari/charge/,https://www.docomo.ne.jp/internet/hikari/charge/,https://www.docomo.ne.jp/internet/hikari/charge/,https://www.docomo.ne.jp/internet/hikari/charge/,https://www.docomo.ne.jp/internet/hikari/charge/,https://www.docomo.ne.jp/internet/hikari/charge/,10ギガ タイプB 2年定期,apartment,10000,NULL,6600,docomo-edd83f37e7,verified,NULL,NULL,NULL,NULL,NULL,NULL,2026-10-07,rechecked_unresolved,公式サービス・料金ページと公式サイト検索を再調査しましたが、このレコードに適用する上り最大値を確定できませんでした。下りと同じ値では埋めていません。,NULL,NULL,NULL,NULL,NTTドコモ,NULL,NULL,NULL,NULL
全国（設備・地域により対象外）,光コラボ,fixed,FTTH,true,active,NULL,NULL,false,プロバイダーによる,docomo対象プランのスマホ料金割引。ahamo対象外,docomo,1210,0,mobile,NULL,NULL,NULL,NULL,NULL,NULL,NULL,NULL,工事内容・配線状況により変動。未確認額はNULL,0,0,0,0,NULL,NULL,NULL,NULL,要確認（通常月額に含めない）,NULL,NULL,NULL,2026-10-07,税込,通常料金・プロバイダー込み。キャンペーン・スマホ割を除く,ブロードバンドユニバーサルサービス料・追加工事・任意オプション等は別途。適用額は公式で確認,NULL,,docomo,ドコモ光,選択制（タイプA/B/C）,https://www.docomo.ne.jp/internet/hikari/charge/,https://www.docomo.ne.jp/internet/hikari/charge/,https://www.docomo.ne.jp/internet/hikari/charge/,https://www.docomo.ne.jp/internet/hikari/charge/,https://www.docomo.ne.jp/internet/hikari/charge/,https://www.docomo.ne.jp/internet/hikari/charge/,10ギガ タイプB 定期なし,house,10000,NULL,8250,docomo-03eee3ec95,verified,NULL,NULL,NULL,NULL,NULL,NULL,2026-10-07,rechecked_unresolved,公式サービス・料金ページと公式サイト検索を再調査しましたが、このレコードに適用する上り最大値を確定できませんでした。下りと同じ値では埋めていません。,NULL,NULL,NULL,NULL,NTTドコモ,NULL,NULL,NULL,NULL
全国（設備・地域により対象外）,光コラボ,fixed,FTTH,true,active,NULL,NULL,false,プロバイダーによる,docomo対象プランのスマホ料金割引。ahamo対象外,docomo,1210,0,mobile,NULL,NULL,NULL,NULL,NULL,NULL,NULL,NULL,工事内容・配線状況により変動。未確認額はNULL,0,0,0,0,NULL,NULL,NULL,NULL,要確認（通常月額に含めない）,NULL,NULL,NULL,2026-10-07,税込,通常料金・プロバイダー込み。キャンペーン・スマホ割を除く,ブロードバンドユニバーサルサービス料・追加工事・任意オプション等は別途。適用額は公式で確認,NULL,,docomo,ドコモ光,選択制（タイプA/B/C）,https://www.docomo.ne.jp/internet/hikari/charge/,https://www.docomo.ne.jp/internet/hikari/charge/,https://www.docomo.ne.jp/internet/hikari/charge/,https://www.docomo.ne.jp/internet/hikari/charge/,https://www.docomo.ne.jp/internet/hikari/charge/,https://www.docomo.ne.jp/internet/hikari/charge/,10ギガ タイプB 定期なし,apartment,10000,NULL,8250,docomo-4ce1ba75e6,verified,NULL,NULL,NULL,NULL,NULL,NULL,2026-10-07,rechecked_unresolved,公式サービス・料金ページと公式サイト検索を再調査しましたが、このレコードに適用する上り最大値を確定できませんでした。下りと同じ値では埋めていません。,NULL,NULL,NULL,NULL,NTTドコモ,NULL,NULL,NULL,NULL
全国（設備・地域により対象外）,光コラボ,fixed,FTTH,false,active,NULL,NULL,false,プロバイダーによる,docomo対象プランのスマホ料金割引。ahamo対象外,docomo,1210,0,mobile,NULL,NULL,NULL,NULL,NULL,NULL,NULL,NULL,工事内容・配線状況により変動。未確認額はNULL,24,NULL,0,0,NULL,NULL,NULL,NULL,要確認（通常月額に含めない）,NULL,NULL,NULL,2026-10-07,税込,回線のみ。プロバイダー料金別、合計は要確認,ブロードバンドユニバーサルサービス料・追加工事・任意オプション等は別途。適用額は公式で確認,NULL,,docomo,ドコモ光,選択制（タイプA/B/C）,https://www.docomo.ne.jp/internet/hikari/charge/,https://www.docomo.ne.jp/internet/hikari/charge/,https://www.docomo.ne.jp/internet/hikari/charge/,https://www.docomo.ne.jp/internet/hikari/charge/,https://www.docomo.ne.jp/internet/hikari/charge/,https://www.docomo.ne.jp/internet/hikari/charge/,10ギガ 単独タイプ 2年定期,house,10000,NULL,5940,docomo-1ebc2683e8,verified,NULL,NULL,NULL,NULL,NULL,NULL,2026-10-07,rechecked_unresolved,公式サービス・料金ページと公式サイト検索を再調査しましたが、このレコードに適用する上り最大値を確定できませんでした。下りと同じ値では埋めていません。,NULL,NULL,2026-10-07,回線のみ料金は確認済み。別契約プロバイダー料金が必要,NTTドコモ,conditional,回線のみ料金は確認済み。別契約プロバイダー料金が必要,2026-10-07,https://www.docomo.ne.jp/internet/hikari/charge/
全国（設備・地域により対象外）,光コラボ,fixed,FTTH,false,active,NULL,NULL,false,プロバイダーによる,docomo対象プランのスマホ料金割引。ahamo対象外,docomo,1210,0,mobile,NULL,NULL,NULL,NULL,NULL,NULL,NULL,NULL,工事内容・配線状況により変動。未確認額はNULL,24,NULL,0,0,NULL,NULL,NULL,NULL,要確認（通常月額に含めない）,NULL,NULL,NULL,2026-10-07,税込,回線のみ。プロバイダー料金別、合計は要確認,ブロードバンドユニバーサルサービス料・追加工事・任意オプション等は別途。適用額は公式で確認,NULL,,docomo,ドコモ光,選択制（タイプA/B/C）,https://www.docomo.ne.jp/internet/hikari/charge/,https://www.docomo.ne.jp/internet/hikari/charge/,https://www.docomo.ne.jp/internet/hikari/charge/,https://www.docomo.ne.jp/internet/hikari/charge/,https://www.docomo.ne.jp/internet/hikari/charge/,https://www.docomo.ne.jp/internet/hikari/charge/,10ギガ 単独タイプ 2年定期,apartment,10000,NULL,5940,docomo-9690991c2d,verified,NULL,NULL,NULL,NULL,NULL,NULL,2026-10-07,rechecked_unresolved,公式サービス・料金ページと公式サイト検索を再調査しましたが、このレコードに適用する上り最大値を確定できませんでした。下りと同じ値では埋めていません。,NULL,NULL,2026-10-07,回線のみ料金は確認済み。別契約プロバイダー料金が必要,NTTドコモ,conditional,回線のみ料金は確認済み。別契約プロバイダー料金が必要,2026-10-07,https://www.docomo.ne.jp/internet/hikari/charge/
全国（設備・地域により対象外）,光コラボ,fixed,FTTH,false,active,NULL,NULL,false,プロバイダーによる,docomo対象プランのスマホ料金割引。ahamo対象外,docomo,1210,0,mobile,NULL,NULL,NULL,NULL,NULL,NULL,NULL,NULL,工事内容・配線状況により変動。未確認額はNULL,0,0,0,0,NULL,NULL,NULL,NULL,要確認（通常月額に含めない）,NULL,NULL,NULL,2026-10-07,税込,回線のみ。プロバイダー料金別、合計は要確認,ブロードバンドユニバーサルサービス料・追加工事・任意オプション等は別途。適用額は公式で確認,NULL,,docomo,ドコモ光,選択制（タイプA/B/C）,https://www.docomo.ne.jp/internet/hikari/charge/,https://www.docomo.ne.jp/internet/hikari/charge/,https://www.docomo.ne.jp/internet/hikari/charge/,https://www.docomo.ne.jp/internet/hikari/charge/,https://www.docomo.ne.jp/internet/hikari/charge/,https://www.docomo.ne.jp/internet/hikari/charge/,10ギガ 単独タイプ 定期なし,house,10000,NULL,7590,docomo-78c8cb440d,verified,NULL,NULL,NULL,NULL,NULL,NULL,2026-10-07,rechecked_unresolved,公式サービス・料金ページと公式サイト検索を再調査しましたが、このレコードに適用する上り最大値を確定できませんでした。下りと同じ値では埋めていません。,NULL,NULL,2026-10-07,回線のみ料金は確認済み。別契約プロバイダー料金が必要,NTTドコモ,conditional,回線のみ料金は確認済み。別契約プロバイダー料金が必要,2026-10-07,https://www.docomo.ne.jp/internet/hikari/charge/
全国（設備・地域により対象外）,光コラボ,fixed,FTTH,false,active,NULL,NULL,false,プロバイダーによる,docomo対象プランのスマホ料金割引。ahamo対象外,docomo,1210,0,mobile,NULL,NULL,NULL,NULL,NULL,NULL,NULL,NULL,工事内容・配線状況により変動。未確認額はNULL,0,0,0,0,NULL,NULL,NULL,NULL,要確認（通常月額に含めない）,NULL,NULL,NULL,2026-10-07,税込,回線のみ。プロバイダー料金別、合計は要確認,ブロードバンドユニバーサルサービス料・追加工事・任意オプション等は別途。適用額は公式で確認,NULL,,docomo,ドコモ光,選択制（タイプA/B/C）,https://www.docomo.ne.jp/internet/hikari/charge/,https://www.docomo.ne.jp/internet/hikari/charge/,https://www.docomo.ne.jp/internet/hikari/charge/,https://www.docomo.ne.jp/internet/hikari/charge/,https://www.docomo.ne.jp/internet/hikari/charge/,https://www.docomo.ne.jp/internet/hikari/charge/,10ギガ 単独タイプ 定期なし,apartment,10000,NULL,7590,docomo-2c7d5b8f67,verified,NULL,NULL,NULL,NULL,NULL,NULL,2026-10-07,rechecked_unresolved,公式サービス・料金ページと公式サイト検索を再調査しましたが、このレコードに適用する上り最大値を確定できませんでした。下りと同じ値では埋めていません。,NULL,NULL,2026-10-07,回線のみ料金は確認済み。別契約プロバイダー料金が必要,NTTドコモ,conditional,回線のみ料金は確認済み。別契約プロバイダー料金が必要,2026-10-07,https://www.docomo.ne.jp/internet/hikari/charge/
全国（設備・地域により対象外）,光コラボ,fixed,要確認,true,active,NULL,NULL,false,プロバイダーによる,docomo対象プランのスマホ料金割引。ahamo対象外,docomo,1210,0,mobile,NULL,NULL,NULL,NULL,NULL,NULL,NULL,NULL,工事内容・配線状況により変動。未確認額はNULL,NULL,NULL,0,0,NULL,NULL,NULL,NULL,要確認（通常月額に含めない）,NULL,NULL,NULL,2026-10-07,税込,通常料金・プロバイダー込み。キャンペーン・スマホ割を除く,ブロードバンドユニバーサルサービス料・追加工事・任意オプション等は別途。適用額は公式で確認,NULL,提携CATV・建物により速度が異なる,docomo,ドコモ光,選択制（タイプA/B/C）,https://www.docomo.ne.jp/internet/hikari/charge/,https://www.docomo.ne.jp/internet/hikari/charge/,https://www.docomo.ne.jp/internet/hikari/charge/,https://www.docomo.ne.jp/internet/hikari/charge/,https://www.docomo.ne.jp/internet/hikari/charge/,https://www.docomo.ne.jp/internet/hikari/charge/,1ギガ タイプC（提携CATV） 2年定期,house,NULL,NULL,5720,docomo-a0db44ee60,verified,NULL,NULL,NULL,NULL,NULL,NULL,2026-10-07,rechecked_unresolved,公式サービス・料金ページと公式サイト検索を再調査しましたが、このレコードに適用する上り最大値を確定できませんでした。下りと同じ値では埋めていません。,NULL,NULL,NULL,NULL,NTTドコモ,NULL,NULL,NULL,NULL
全国（設備・地域により対象外）,光コラボ,fixed,要確認,true,active,NULL,NULL,false,プロバイダーによる,docomo対象プランのスマホ料金割引。ahamo対象外,docomo,1210,0,mobile,NULL,NULL,NULL,NULL,NULL,NULL,NULL,NULL,工事内容・配線状況により変動。未確認額はNULL,NULL,NULL,0,0,NULL,NULL,NULL,NULL,要確認（通常月額に含めない）,NULL,NULL,NULL,2026-10-07,税込,通常料金・プロバイダー込み。キャンペーン・スマホ割を除く,ブロードバンドユニバーサルサービス料・追加工事・任意オプション等は別途。適用額は公式で確認,NULL,提携CATV・建物により速度が異なる,docomo,ドコモ光,選択制（タイプA/B/C）,https://www.docomo.ne.jp/internet/hikari/charge/,https://www.docomo.ne.jp/internet/hikari/charge/,https://www.docomo.ne.jp/internet/hikari/charge/,https://www.docomo.ne.jp/internet/hikari/charge/,https://www.docomo.ne.jp/internet/hikari/charge/,https://www.docomo.ne.jp/internet/hikari/charge/,1ギガ タイプC（提携CATV） 2年定期,apartment,NULL,NULL,4400,docomo-4e8d4d0382,verified,NULL,NULL,NULL,NULL,NULL,NULL,2026-10-07,rechecked_unresolved,公式サービス・料金ページと公式サイト検索を再調査しましたが、このレコードに適用する上り最大値を確定できませんでした。下りと同じ値では埋めていません。,NULL,NULL,NULL,NULL,NTTドコモ,NULL,NULL,NULL,NULL
全国（設備・地域により対象外）,光コラボ,fixed,FTTH,true,active,NULL,NULL,false,IPoE対応,セット割なし,NULL,NULL,NULL,NULL,NULL,NULL,NULL,NULL,NULL,NULL,NULL,NULL,工事内容・配線状況により変動。未確認額はNULL,24,4950,0,0,NULL,NULL,NULL,NULL,要確認（通常月額に含めない）,NULL,NULL,NULL,2026-10-07,税込,通常料金・プロバイダー込み。キャンペーン・スマホ割を除く,ブロードバンドユニバーサルサービス料・追加工事・任意オプション等は別途。適用額は公式で確認,ahamo契約が必要,,ahamo,ahamo光,NTTドコモ,https://www.docomo.ne.jp/internet/ahamo_hikari/,https://www.docomo.ne.jp/internet/ahamo_hikari/,https://www.docomo.ne.jp/internet/ahamo_hikari/,https://www.docomo.ne.jp/internet/ahamo_hikari/,https://www.docomo.ne.jp/internet/ahamo_hikari/,https://www.docomo.ne.jp/internet/ahamo_hikari/,1ギガ 2年定期,house,1000,NULL,4950,ahamo-478a3e932d,verified,NULL,NULL,NULL,NULL,NULL,NULL,2026-10-07,rechecked_unresolved,公式サービス・料金ページと公式サイト検索を再調査しましたが、このレコードに適用する上り最大値を確定できませんでした。下りと同じ値では埋めていません。,NULL,NULL,NULL,NULL,NTTドコモ,NULL,NULL,NULL,NULL
全国（設備・地域により対象外）,光コラボ,fixed,FTTH,true,active,NULL,NULL,false,IPoE対応,セット割なし,NULL,NULL,NULL,NULL,NULL,NULL,NULL,NULL,NULL,NULL,NULL,NULL,工事内容・配線状況により変動。未確認額はNULL,24,3630,0,0,NULL,NULL,NULL,NULL,要確認（通常月額に含めない）,NULL,NULL,NULL,2026-10-07,税込,通常料金・プロバイダー込み。キャンペーン・スマホ割を除く,ブロードバンドユニバーサルサービス料・追加工事・任意オプション等は別途。適用額は公式で確認,ahamo契約が必要,,ahamo,ahamo光,NTTドコモ,https://www.docomo.ne.jp/internet/ahamo_hikari/,https://www.docomo.ne.jp/internet/ahamo_hikari/,https://www.docomo.ne.jp/internet/ahamo_hikari/,https://www.docomo.ne.jp/internet/ahamo_hikari/,https://www.docomo.ne.jp/internet/ahamo_hikari/,https://www.docomo.ne.jp/internet/ahamo_hikari/,1ギガ 2年定期,apartment,1000,NULL,3630,ahamo-87f974b232,verified,NULL,NULL,NULL,NULL,NULL,NULL,2026-10-07,rechecked_unresolved,公式サービス・料金ページと公式サイト検索を再調査しましたが、このレコードに適用する上り最大値を確定できませんでした。下りと同じ値では埋めていません。,NULL,NULL,NULL,NULL,NTTドコモ,NULL,NULL,NULL,NULL
全国（設備・地域により対象外）,光コラボ,fixed,FTTH,true,active,NULL,NULL,false,IPoE対応,セット割なし,NULL,NULL,NULL,NULL,NULL,NULL,NULL,NULL,NULL,NULL,NULL,NULL,工事内容・配線状況により変動。未確認額はNULL,24,5610,0,0,NULL,NULL,NULL,NULL,要確認（通常月額に含めない）,NULL,NULL,NULL,2026-10-07,税込,通常料金・プロバイダー込み。キャンペーン・スマホ割を除く,ブロードバンドユニバーサルサービス料・追加工事・任意オプション等は別途。適用額は公式で確認,ahamo契約が必要,,ahamo,ahamo光,NTTドコモ,https://www.docomo.ne.jp/internet/ahamo_hikari/,https://www.docomo.ne.jp/internet/ahamo_hikari/,https://www.docomo.ne.jp/internet/ahamo_hikari/,https://www.docomo.ne.jp/internet/ahamo_hikari/,https://www.docomo.ne.jp/internet/ahamo_hikari/,https://www.docomo.ne.jp/internet/ahamo_hikari/,10ギガ 2年定期,house,10000,NULL,5610,ahamo-86e54589aa,verified,NULL,NULL,NULL,NULL,NULL,NULL,2026-10-07,rechecked_unresolved,公式サービス・料金ページと公式サイト検索を再調査しましたが、このレコードに適用する上り最大値を確定できませんでした。下りと同じ値では埋めていません。,NULL,NULL,NULL,NULL,NTTドコモ,NULL,NULL,NULL,NULL
全国（設備・地域により対象外）,光コラボ,fixed,FTTH,true,active,NULL,NULL,false,IPoE対応,セット割なし,NULL,NULL,NULL,NULL,NULL,NULL,NULL,NULL,NULL,NULL,NULL,NULL,工事内容・配線状況により変動。未確認額はNULL,24,5610,0,0,NULL,NULL,NULL,NULL,要確認（通常月額に含めない）,NULL,NULL,NULL,2026-10-07,税込,通常料金・プロバイダー込み。キャンペーン・スマホ割を除く,ブロードバンドユニバーサルサービス料・追加工事・任意オプション等は別途。適用額は公式で確認,ahamo契約が必要,,ahamo,ahamo光,NTTドコモ,https://www.docomo.ne.jp/internet/ahamo_hikari/,https://www.docomo.ne.jp/internet/ahamo_hikari/,https://www.docomo.ne.jp/internet/ahamo_hikari/,https://www.docomo.ne.jp/internet/ahamo_hikari/,https://www.docomo.ne.jp/internet/ahamo_hikari/,https://www.docomo.ne.jp/internet/ahamo_hikari/,10ギガ 2年定期,apartment,10000,NULL,5610,ahamo-89905a23ed,verified,NULL,NULL,NULL,NULL,NULL,NULL,2026-10-07,rechecked_unresolved,公式サービス・料金ページと公式サイト検索を再調査しましたが、このレコードに適用する上り最大値を確定できませんでした。下りと同じ値では埋めていません。,NULL,NULL,NULL,NULL,NTTドコモ,NULL,NULL,NULL,NULL
全国（設備・地域により対象外）,光コラボ,fixed,FTTH,true,active,NULL,NULL,false,IPoE対応,セット割なし,NULL,NULL,NULL,NULL,NULL,NULL,NULL,NULL,NULL,NULL,NULL,NULL,工事内容・配線状況により変動。未確認額はNULL,0,0,0,0,NULL,NULL,NULL,NULL,要確認（通常月額に含めない）,NULL,NULL,NULL,2026-10-07,税込,通常料金・プロバイダー込み。キャンペーン・スマホ割を除く,ブロードバンドユニバーサルサービス料・追加工事・任意オプション等は別途。適用額は公式で確認,ahamo契約が必要,,ahamo,ahamo光,NTTドコモ,https://www.docomo.ne.jp/internet/ahamo_hikari/,https://www.docomo.ne.jp/internet/ahamo_hikari/,https://www.docomo.ne.jp/internet/ahamo_hikari/,https://www.docomo.ne.jp/internet/ahamo_hikari/,https://www.docomo.ne.jp/internet/ahamo_hikari/,https://www.docomo.ne.jp/internet/ahamo_hikari/,1ギガ 定期なし,house,1000,NULL,6600,ahamo-6795de492c,verified,NULL,NULL,NULL,NULL,NULL,NULL,2026-10-07,rechecked_unresolved,公式サービス・料金ページと公式サイト検索を再調査しましたが、このレコードに適用する上り最大値を確定できませんでした。下りと同じ値では埋めていません。,NULL,NULL,NULL,NULL,NTTドコモ,NULL,NULL,NULL,NULL
全国（設備・地域により対象外）,光コラボ,fixed,FTTH,true,active,NULL,NULL,false,IPoE対応,セット割なし,NULL,NULL,NULL,NULL,NULL,NULL,NULL,NULL,NULL,NULL,NULL,NULL,工事内容・配線状況により変動。未確認額はNULL,0,0,0,0,NULL,NULL,NULL,NULL,要確認（通常月額に含めない）,NULL,NULL,NULL,2026-10-07,税込,通常料金・プロバイダー込み。キャンペーン・スマホ割を除く,ブロードバンドユニバーサルサービス料・追加工事・任意オプション等は別途。適用額は公式で確認,ahamo契約が必要,,ahamo,ahamo光,NTTドコモ,https://www.docomo.ne.jp/internet/ahamo_hikari/,https://www.docomo.ne.jp/internet/ahamo_hikari/,https://www.docomo.ne.jp/internet/ahamo_hikari/,https://www.docomo.ne.jp/internet/ahamo_hikari/,https://www.docomo.ne.jp/internet/ahamo_hikari/,https://www.docomo.ne.jp/internet/ahamo_hikari/,1ギガ 定期なし,apartment,1000,NULL,4730,ahamo-447085df0b,verified,NULL,NULL,NULL,NULL,NULL,NULL,2026-10-07,rechecked_unresolved,公式サービス・料金ページと公式サイト検索を再調査しましたが、このレコードに適用する上り最大値を確定できませんでした。下りと同じ値では埋めていません。,NULL,NULL,NULL,NULL,NTTドコモ,NULL,NULL,NULL,NULL
全国（設備・地域により対象外）,光コラボ,fixed,FTTH,true,active,NULL,NULL,false,IPoE対応,セット割なし,NULL,NULL,NULL,NULL,NULL,NULL,NULL,NULL,NULL,NULL,NULL,NULL,工事内容・配線状況により変動。未確認額はNULL,0,0,0,0,NULL,NULL,NULL,NULL,要確認（通常月額に含めない）,NULL,NULL,NULL,2026-10-07,税込,通常料金・プロバイダー込み。キャンペーン・スマホ割を除く,ブロードバンドユニバーサルサービス料・追加工事・任意オプション等は別途。適用額は公式で確認,ahamo契約が必要,,ahamo,ahamo光,NTTドコモ,https://www.docomo.ne.jp/internet/ahamo_hikari/,https://www.docomo.ne.jp/internet/ahamo_hikari/,https://www.docomo.ne.jp/internet/ahamo_hikari/,https://www.docomo.ne.jp/internet/ahamo_hikari/,https://www.docomo.ne.jp/internet/ahamo_hikari/,https://www.docomo.ne.jp/internet/ahamo_hikari/,10ギガ 定期なし,house,10000,NULL,7260,ahamo-1a428283c1,verified,NULL,NULL,NULL,NULL,NULL,NULL,2026-10-07,rechecked_unresolved,公式サービス・料金ページと公式サイト検索を再調査しましたが、このレコードに適用する上り最大値を確定できませんでした。下りと同じ値では埋めていません。,NULL,NULL,NULL,NULL,NTTドコモ,NULL,NULL,NULL,NULL
全国（設備・地域により対象外）,光コラボ,fixed,FTTH,true,active,NULL,NULL,false,IPoE対応,セット割なし,NULL,NULL,NULL,NULL,NULL,NULL,NULL,NULL,NULL,NULL,NULL,NULL,工事内容・配線状況により変動。未確認額はNULL,0,0,0,0,NULL,NULL,NULL,NULL,要確認（通常月額に含めない）,NULL,NULL,NULL,2026-10-07,税込,通常料金・プロバイダー込み。キャンペーン・スマホ割を除く,ブロードバンドユニバーサルサービス料・追加工事・任意オプション等は別途。適用額は公式で確認,ahamo契約が必要,,ahamo,ahamo光,NTTドコモ,https://www.docomo.ne.jp/internet/ahamo_hikari/,https://www.docomo.ne.jp/internet/ahamo_hikari/,https://www.docomo.ne.jp/internet/ahamo_hikari/,https://www.docomo.ne.jp/internet/ahamo_hikari/,https://www.docomo.ne.jp/internet/ahamo_hikari/,https://www.docomo.ne.jp/internet/ahamo_hikari/,10ギガ 定期なし,apartment,10000,NULL,7260,ahamo-f810dd675b,verified,NULL,NULL,NULL,NULL,NULL,NULL,2026-10-07,rechecked_unresolved,公式サービス・料金ページと公式サイト検索を再調査しましたが、このレコードに適用する上り最大値を確定できませんでした。下りと同じ値では埋めていません。,NULL,NULL,NULL,NULL,NTTドコモ,NULL,NULL,NULL,NULL
全国（設備・地域により対象外）,光コラボ,fixed,FTTH,true,active,NULL,NULL,false,光BBユニット等の条件あり,対象スマホプラン＋指定オプションの加入が必要,SoftBank|Y!mobile,NULL,550,mobile,NULL,NULL,NULL,NULL,NULL,NULL,NULL,NULL,工事内容・配線状況により変動。未確認額はNULL,24,NULL,0,0,NULL,NULL,NULL,NULL,要確認（通常月額に含めない）,NULL,NULL,NULL,2026-10-07,税込,通常料金・プロバイダー込み。キャンペーン・スマホ割を除く,ブロードバンドユニバーサルサービス料・追加工事・任意オプション等は別途。適用額は公式で確認,NULL,,softbank,SoftBank 光,Yahoo! BB,https://www.softbank.jp/internet/sbhikari/price/,https://www.softbank.jp/internet/special/area-check/?intService=sbhikari,https://www.softbank.jp/internet/sbhikari/price/|https://www.softbank.jp/support/faq/view/19554,https://www.softbank.jp/internet/sbhikari/price/,https://www.softbank.jp/internet/sbhikari/price/|https://www.softbank.jp/support/faq/view/19554,https://www.softbank.jp/internet/sbhikari/price/,1ギガ 2年自動更新,house,1000,1000,5720,softbank-eed2d520b6,verified,NULL,NULL,NULL,NULL,NULL,https://www.softbank.jp/support/faq/view/19554,2026-10-07,verified,技術規格上の最大値。実効速度の保証ではありません。 1Gの数値はギガ対応回線の最大仕様。建物・配線・東西エリア・回線品目によって100/200Mbps等になる場合あり。,NULL,NULL,NULL,NULL,SoftBank,NULL,NULL,NULL,NULL
全国（設備・地域により対象外）,光コラボ,fixed,FTTH,true,active,NULL,NULL,false,光BBユニット等の条件あり,対象スマホプラン＋指定オプションの加入が必要,SoftBank|Y!mobile,NULL,550,mobile,NULL,NULL,NULL,NULL,NULL,NULL,NULL,NULL,工事内容・配線状況により変動。未確認額はNULL,24,NULL,0,0,NULL,NULL,NULL,NULL,要確認（通常月額に含めない）,NULL,NULL,NULL,2026-10-07,税込,通常料金・プロバイダー込み。キャンペーン・スマホ割を除く,ブロードバンドユニバーサルサービス料・追加工事・任意オプション等は別途。適用額は公式で確認,NULL,,softbank,SoftBank 光,Yahoo! BB,https://www.softbank.jp/internet/sbhikari/price/,https://www.softbank.jp/internet/special/area-check/?intService=sbhikari,https://www.softbank.jp/internet/sbhikari/price/|https://www.softbank.jp/support/faq/view/19554,https://www.softbank.jp/internet/sbhikari/price/,https://www.softbank.jp/internet/sbhikari/price/|https://www.softbank.jp/support/faq/view/19554,https://www.softbank.jp/internet/sbhikari/price/,1ギガ 2年自動更新,apartment,1000,1000,4180,softbank-2fd24fe562,verified,NULL,NULL,NULL,NULL,NULL,https://www.softbank.jp/support/faq/view/19554,2026-10-07,verified,技術規格上の最大値。実効速度の保証ではありません。 1Gの数値はギガ対応回線の最大仕様。建物・配線・東西エリア・回線品目によって100/200Mbps等になる場合あり。,NULL,NULL,NULL,NULL,SoftBank,NULL,NULL,NULL,NULL
全国（設備・地域により対象外）,光コラボ,fixed,FTTH,true,active,NULL,NULL,false,光BBユニット等の条件あり,対象スマホプラン＋指定オプションの加入が必要,SoftBank|Y!mobile,NULL,550,mobile,NULL,NULL,NULL,NULL,NULL,NULL,NULL,NULL,工事内容・配線状況により変動。未確認額はNULL,0,0,0,0,NULL,NULL,NULL,NULL,要確認（通常月額に含めない）,NULL,NULL,NULL,2026-10-07,税込,通常料金・プロバイダー込み。キャンペーン・スマホ割を除く,ブロードバンドユニバーサルサービス料・追加工事・任意オプション等は別途。適用額は公式で確認,NULL,,softbank,SoftBank 光,Yahoo! BB,https://www.softbank.jp/internet/sbhikari/price/,https://www.softbank.jp/internet/special/area-check/?intService=sbhikari,https://www.softbank.jp/internet/sbhikari/price/|https://www.softbank.jp/support/faq/view/19554,https://www.softbank.jp/internet/sbhikari/price/,https://www.softbank.jp/internet/sbhikari/price/|https://www.softbank.jp/support/faq/view/19554,https://www.softbank.jp/internet/sbhikari/price/,1ギガ 自動更新なし,house,1000,1000,6930,softbank-c7568b876b,verified,NULL,NULL,NULL,NULL,NULL,https://www.softbank.jp/support/faq/view/19554,2026-10-07,verified,技術規格上の最大値。実効速度の保証ではありません。 1Gの数値はギガ対応回線の最大仕様。建物・配線・東西エリア・回線品目によって100/200Mbps等になる場合あり。,NULL,NULL,NULL,NULL,SoftBank,NULL,NULL,NULL,NULL
全国（設備・地域により対象外）,光コラボ,fixed,FTTH,true,active,NULL,NULL,false,光BBユニット等の条件あり,対象スマホプラン＋指定オプションの加入が必要,SoftBank|Y!mobile,NULL,550,mobile,NULL,NULL,NULL,NULL,NULL,NULL,NULL,NULL,工事内容・配線状況により変動。未確認額はNULL,0,0,0,0,NULL,NULL,NULL,NULL,要確認（通常月額に含めない）,NULL,NULL,NULL,2026-10-07,税込,通常料金・プロバイダー込み。キャンペーン・スマホ割を除く,ブロードバンドユニバーサルサービス料・追加工事・任意オプション等は別途。適用額は公式で確認,NULL,,softbank,SoftBank 光,Yahoo! BB,https://www.softbank.jp/internet/sbhikari/price/,https://www.softbank.jp/internet/special/area-check/?intService=sbhikari,https://www.softbank.jp/internet/sbhikari/price/|https://www.softbank.jp/support/faq/view/19554,https://www.softbank.jp/internet/sbhikari/price/,https://www.softbank.jp/internet/sbhikari/price/|https://www.softbank.jp/support/faq/view/19554,https://www.softbank.jp/internet/sbhikari/price/,1ギガ 自動更新なし,apartment,1000,1000,5390,softbank-df36c6d715,verified,NULL,NULL,NULL,NULL,NULL,https://www.softbank.jp/support/faq/view/19554,2026-10-07,verified,技術規格上の最大値。実効速度の保証ではありません。 1Gの数値はギガ対応回線の最大仕様。建物・配線・東西エリア・回線品目によって100/200Mbps等になる場合あり。,NULL,NULL,NULL,NULL,SoftBank,NULL,NULL,NULL,NULL
全国（設備・地域により対象外）,光コラボ,fixed,FTTH,true,active,NULL,NULL,false,光BBユニット等の条件あり,対象スマホプラン＋指定オプションの加入が必要,SoftBank|Y!mobile,NULL,550,mobile,NULL,NULL,NULL,NULL,NULL,NULL,NULL,NULL,工事内容・配線状況により変動。未確認額はNULL,24,NULL,550,0,NULL,NULL,NULL,NULL,要確認（通常月額に含めない）,NULL,NULL,NULL,2026-10-07,税込,通常料金・プロバイダー込み。キャンペーン・スマホ割を除く,ブロードバンドユニバーサルサービス料・追加工事・任意オプション等は別途。適用額は公式で確認,NULL,ホームゲートウェイ(S)550円/月が必須。スマホ割指定オプションとは重複条件を公式で確認,softbank,SoftBank 光,Yahoo! BB,https://www.softbank.jp/internet/sbhikari/price/,https://www.softbank.jp/internet/special/area-check/?intService=sbhikari,https://www.softbank.jp/internet/sbhikari/price/,https://www.softbank.jp/internet/sbhikari/price/,https://www.softbank.jp/internet/sbhikari/price/,https://www.softbank.jp/internet/sbhikari/price/,10ギガ 2年自動更新,house,10000,NULL,6380,softbank-cae46d99a8,verified,NULL,NULL,NULL,NULL,NULL,NULL,2026-10-07,rechecked_unresolved,公式サービス・料金ページと公式サイト検索を再調査しましたが、このレコードに適用する上り最大値を確定できませんでした。下りと同じ値では埋めていません。,NULL,NULL,NULL,NULL,SoftBank,NULL,NULL,NULL,NULL
全国（設備・地域により対象外）,光コラボ,fixed,FTTH,true,active,NULL,NULL,false,光BBユニット等の条件あり,対象スマホプラン＋指定オプションの加入が必要,SoftBank|Y!mobile,NULL,550,mobile,NULL,NULL,NULL,NULL,NULL,NULL,NULL,NULL,工事内容・配線状況により変動。未確認額はNULL,24,NULL,550,0,NULL,NULL,NULL,NULL,要確認（通常月額に含めない）,NULL,NULL,NULL,2026-10-07,税込,通常料金・プロバイダー込み。キャンペーン・スマホ割を除く,ブロードバンドユニバーサルサービス料・追加工事・任意オプション等は別途。適用額は公式で確認,NULL,ホームゲートウェイ(S)550円/月が必須。スマホ割指定オプションとは重複条件を公式で確認,softbank,SoftBank 光,Yahoo! BB,https://www.softbank.jp/internet/sbhikari/price/,https://www.softbank.jp/internet/special/area-check/?intService=sbhikari,https://www.softbank.jp/internet/sbhikari/price/,https://www.softbank.jp/internet/sbhikari/price/,https://www.softbank.jp/internet/sbhikari/price/,https://www.softbank.jp/internet/sbhikari/price/,10ギガ 2年自動更新,apartment,10000,NULL,6380,softbank-10976bfa1f,verified,NULL,NULL,NULL,NULL,NULL,NULL,2026-10-07,rechecked_unresolved,公式サービス・料金ページと公式サイト検索を再調査しましたが、このレコードに適用する上り最大値を確定できませんでした。下りと同じ値では埋めていません。,NULL,NULL,NULL,NULL,SoftBank,NULL,NULL,NULL,NULL
全国（設備・地域により対象外）,光コラボ,fixed,FTTH,true,active,NULL,NULL,false,光BBユニット等の条件あり,対象スマホプラン＋指定オプションの加入が必要,SoftBank|Y!mobile,NULL,550,mobile,NULL,NULL,NULL,NULL,NULL,NULL,NULL,NULL,工事内容・配線状況により変動。未確認額はNULL,0,0,550,0,NULL,NULL,NULL,NULL,要確認（通常月額に含めない）,NULL,NULL,NULL,2026-10-07,税込,通常料金・プロバイダー込み。キャンペーン・スマホ割を除く,ブロードバンドユニバーサルサービス料・追加工事・任意オプション等は別途。適用額は公式で確認,NULL,ホームゲートウェイ(S)550円/月が必須。スマホ割指定オプションとは重複条件を公式で確認,softbank,SoftBank 光,Yahoo! BB,https://www.softbank.jp/internet/sbhikari/price/,https://www.softbank.jp/internet/special/area-check/?intService=sbhikari,https://www.softbank.jp/internet/sbhikari/price/,https://www.softbank.jp/internet/sbhikari/price/,https://www.softbank.jp/internet/sbhikari/price/,https://www.softbank.jp/internet/sbhikari/price/,10ギガ 自動更新なし,house,10000,NULL,7590,softbank-77d2a8d5e4,verified,NULL,NULL,NULL,NULL,NULL,NULL,2026-10-07,rechecked_unresolved,公式サービス・料金ページと公式サイト検索を再調査しましたが、このレコードに適用する上り最大値を確定できませんでした。下りと同じ値では埋めていません。,NULL,NULL,NULL,NULL,SoftBank,NULL,NULL,NULL,NULL
全国（設備・地域により対象外）,光コラボ,fixed,FTTH,true,active,NULL,NULL,false,光BBユニット等の条件あり,対象スマホプラン＋指定オプションの加入が必要,SoftBank|Y!mobile,NULL,550,mobile,NULL,NULL,NULL,NULL,NULL,NULL,NULL,NULL,工事内容・配線状況により変動。未確認額はNULL,0,0,550,0,NULL,NULL,NULL,NULL,要確認（通常月額に含めない）,NULL,NULL,NULL,2026-10-07,税込,通常料金・プロバイダー込み。キャンペーン・スマホ割を除く,ブロードバンドユニバーサルサービス料・追加工事・任意オプション等は別途。適用額は公式で確認,NULL,ホームゲートウェイ(S)550円/月が必須。スマホ割指定オプションとは重複条件を公式で確認,softbank,SoftBank 光,Yahoo! BB,https://www.softbank.jp/internet/sbhikari/price/,https://www.softbank.jp/internet/special/area-check/?intService=sbhikari,https://www.softbank.jp/internet/sbhikari/price/,https://www.softbank.jp/internet/sbhikari/price/,https://www.softbank.jp/internet/sbhikari/price/,https://www.softbank.jp/internet/sbhikari/price/,10ギガ 自動更新なし,apartment,10000,NULL,7590,softbank-815da9bc2c,verified,NULL,NULL,NULL,NULL,NULL,NULL,2026-10-07,rechecked_unresolved,公式サービス・料金ページと公式サイト検索を再調査しましたが、このレコードに適用する上り最大値を確定できませんでした。下りと同じ値では埋めていません。,NULL,NULL,NULL,NULL,SoftBank,NULL,NULL,NULL,NULL
全国（設備・地域により対象外）,光コラボ,fixed,FTTH,true,active,NULL,NULL,false,NULL,要確認,NULL,NULL,NULL,NULL,NULL,NULL,NULL,NULL,NULL,NULL,NULL,NULL,工事内容・配線状況により変動。未確認額はNULL,24,NULL,0,0,NULL,NULL,NULL,NULL,要確認（通常月額に含めない）,NULL,NULL,NULL,2026-10-07,税込,新SoftBank光＋戸建てプラン。カード割引・キャンペーンを除く通常料金,ブロードバンドユニバーサルサービス料・追加工事・任意オプション等は別途。適用額は公式で確認,NULL,PayPayカード支払条件、必須オプション、各速度の現行基本料金を再確認,softbank-plus,SoftBank 光＋,SoftBank,https://www.softbank.jp/internet/sbhikari/price/,https://www.softbank.jp/internet/special/area-check/?intService=sbhikari,https://www.softbank.jp/internet/sbhikari/price/|https://www.softbank.jp/support/faq/view/19554|https://www.softbank.jp/support/faq/view/195401|https://www.softbank.jp/corp/news/press/sbkk/2026/20260410_02/,https://www.softbank.jp/support/faq/view/195401|https://www.softbank.jp/corp/news/press/sbkk/2026/20260410_02/,https://www.softbank.jp/internet/sbhikari/price/|https://www.softbank.jp/support/faq/view/19554,https://www.softbank.jp/internet/sbhikari/price/,1.0ギガ 2年自動更新,house,1000,1000,6050,softbank-plus-63918e9ba8,verified,NULL,NULL,NULL,NULL,NULL,https://www.softbank.jp/support/faq/view/19554,2026-10-07,verified,技術規格上の最大値。実効速度の保証ではありません。,NULL,NULL,2026-10-07,2026年6月開始の戸建て2年プラン基本料を確認。PayPayカード割を除外。10G必須機器550円は別登録,SoftBank,resolved,2026年6月開始の戸建て2年プラン基本料を確認。PayPayカード割を除外。10G必須機器550円は別登録,2026-10-07,https://www.softbank.jp/support/faq/view/195401|https://www.softbank.jp/corp/news/press/sbkk/2026/20260410_02/
全国（設備・地域により対象外）,光コラボ,fixed,FTTH,true,excluded,NULL,NULL,false,NULL,要確認,NULL,NULL,NULL,NULL,NULL,NULL,NULL,NULL,NULL,NULL,NULL,NULL,工事内容・配線状況により変動。未確認額はNULL,NULL,NULL,0,0,NULL,NULL,NULL,NULL,要確認（通常月額に含めない）,NULL,NULL,NULL,2026-10-07,税込,通常料金・プロバイダー込み。キャンペーン・スマホ割を除く,ブロードバンドユニバーサルサービス料・追加工事・任意オプション等は別途。適用額は公式で確認,NULL,PayPayカード支払条件、必須オプション、各速度の現行基本料金を再確認,softbank-plus,SoftBank 光＋,SoftBank,https://www.softbank.jp/internet/sbhikari/price/,https://www.softbank.jp/internet/special/area-check/?intService=sbhikari,https://www.softbank.jp/internet/sbhikari/price/|https://www.softbank.jp/support/faq/view/19554|https://www.softbank.jp/support/faq/view/195401|https://www.softbank.jp/corp/news/press/sbkk/2026/20260410_02/,https://www.softbank.jp/internet/sbhikari/price/,https://www.softbank.jp/internet/sbhikari/price/|https://www.softbank.jp/support/faq/view/19554,https://www.softbank.jp/corp/news/press/sbkk/2026/20260410_02/,1.0ギガ,apartment,1000,1000,NULL,softbank-plus-7794950333,needs_confirmation,NULL,NULL,NULL,NULL,NULL,https://www.softbank.jp/support/faq/view/19554,2026-10-07,verified,技術規格上の最大値。実効速度の保証ではありません。,NULL,NULL,2026-10-07,ソニー協業の新SoftBank光＋は提供対象が一戸建て。集合住宅用として登録していたレコードは対象外。旧SoftBank光の集合住宅とは区別,SoftBank,out_of_scope,ソニー協業の新SoftBank光＋は提供対象が一戸建て。集合住宅用として登録していたレコードは対象外。旧SoftBank光の集合住宅とは区別,2026-10-07,https://www.softbank.jp/corp/news/press/sbkk/2026/20260410_02/
全国（設備・地域により対象外）,光コラボ,fixed,FTTH,true,active,NULL,NULL,false,NULL,要確認,NULL,NULL,NULL,NULL,NULL,NULL,NULL,NULL,NULL,NULL,NULL,NULL,工事内容・配線状況により変動。未確認額はNULL,24,NULL,0,0,NULL,NULL,NULL,NULL,要確認（通常月額に含めない）,NULL,NULL,NULL,2026-10-07,税込,新SoftBank光＋戸建てプラン。カード割引・キャンペーンを除く通常料金,ブロードバンドユニバーサルサービス料・追加工事・任意オプション等は別途。適用額は公式で確認,NULL,PayPayカード支払条件、必須オプション、各速度の現行基本料金を再確認,softbank-plus,SoftBank 光＋,SoftBank,https://www.softbank.jp/internet/sbhikari/price/,https://www.softbank.jp/internet/special/area-check/?intService=sbhikari,https://www.softbank.jp/internet/sbhikari/price/|https://www.softbank.jp/support/faq/view/19554|https://www.softbank.jp/support/faq/view/195401|https://www.softbank.jp/corp/news/press/sbkk/2026/20260410_02/,https://www.softbank.jp/support/faq/view/195401|https://www.softbank.jp/corp/news/press/sbkk/2026/20260410_02/,https://www.softbank.jp/internet/sbhikari/price/|https://www.softbank.jp/support/faq/view/19554,https://www.softbank.jp/internet/sbhikari/price/,2.5ギガ 2年自動更新,house,2500,1000,6050,softbank-plus-b2dfadf10c,verified,NULL,NULL,NULL,NULL,NULL,https://www.softbank.jp/support/faq/view/19554,2026-10-07,verified,技術規格上の最大値。実効速度の保証ではありません。,NULL,NULL,2026-10-07,2026年6月開始の戸建て2年プラン基本料を確認。PayPayカード割を除外。10G必須機器550円は別登録,SoftBank,resolved,2026年6月開始の戸建て2年プラン基本料を確認。PayPayカード割を除外。10G必須機器550円は別登録,2026-10-07,https://www.softbank.jp/support/faq/view/195401|https://www.softbank.jp/corp/news/press/sbkk/2026/20260410_02/
全国（設備・地域により対象外）,光コラボ,fixed,FTTH,true,excluded,NULL,NULL,false,NULL,要確認,NULL,NULL,NULL,NULL,NULL,NULL,NULL,NULL,NULL,NULL,NULL,NULL,工事内容・配線状況により変動。未確認額はNULL,NULL,NULL,0,0,NULL,NULL,NULL,NULL,要確認（通常月額に含めない）,NULL,NULL,NULL,2026-10-07,税込,通常料金・プロバイダー込み。キャンペーン・スマホ割を除く,ブロードバンドユニバーサルサービス料・追加工事・任意オプション等は別途。適用額は公式で確認,NULL,PayPayカード支払条件、必須オプション、各速度の現行基本料金を再確認,softbank-plus,SoftBank 光＋,SoftBank,https://www.softbank.jp/internet/sbhikari/price/,https://www.softbank.jp/internet/special/area-check/?intService=sbhikari,https://www.softbank.jp/internet/sbhikari/price/|https://www.softbank.jp/support/faq/view/19554|https://www.softbank.jp/support/faq/view/195401|https://www.softbank.jp/corp/news/press/sbkk/2026/20260410_02/,https://www.softbank.jp/internet/sbhikari/price/,https://www.softbank.jp/internet/sbhikari/price/|https://www.softbank.jp/support/faq/view/19554,https://www.softbank.jp/corp/news/press/sbkk/2026/20260410_02/,2.5ギガ,apartment,2500,1000,NULL,softbank-plus-94c97f2c47,needs_confirmation,NULL,NULL,NULL,NULL,NULL,https://www.softbank.jp/support/faq/view/19554,2026-10-07,verified,技術規格上の最大値。実効速度の保証ではありません。,NULL,NULL,2026-10-07,ソニー協業の新SoftBank光＋は提供対象が一戸建て。集合住宅用として登録していたレコードは対象外。旧SoftBank光の集合住宅とは区別,SoftBank,out_of_scope,ソニー協業の新SoftBank光＋は提供対象が一戸建て。集合住宅用として登録していたレコードは対象外。旧SoftBank光の集合住宅とは区別,2026-10-07,https://www.softbank.jp/corp/news/press/sbkk/2026/20260410_02/
全国（設備・地域により対象外）,光コラボ,fixed,FTTH,true,active,NULL,NULL,false,NULL,要確認,NULL,NULL,NULL,NULL,NULL,NULL,NULL,NULL,NULL,NULL,NULL,NULL,工事内容・配線状況により変動。未確認額はNULL,24,NULL,550,0,NULL,NULL,NULL,NULL,要確認（通常月額に含めない）,NULL,NULL,NULL,2026-10-07,税込,新SoftBank光＋戸建てプラン。カード割引・キャンペーンを除く通常料金,ブロードバンドユニバーサルサービス料・追加工事・任意オプション等は別途。適用額は公式で確認,NULL,PayPayカード支払条件、必須オプション、各速度の現行基本料金を再確認,softbank-plus,SoftBank 光＋,SoftBank,https://www.softbank.jp/internet/sbhikari/price/,https://www.softbank.jp/internet/special/area-check/?intService=sbhikari,https://www.softbank.jp/internet/sbhikari/price/|https://www.softbank.jp/support/faq/view/19554|https://www.softbank.jp/support/faq/view/195401|https://www.softbank.jp/corp/news/press/sbkk/2026/20260410_02/,https://www.softbank.jp/support/faq/view/195401|https://www.softbank.jp/corp/news/press/sbkk/2026/20260410_02/,https://www.softbank.jp/internet/sbhikari/price/|https://www.softbank.jp/support/faq/view/19554,https://www.softbank.jp/internet/sbhikari/price/,10.0ギガ 2年自動更新,house,10000,10000,6380,softbank-plus-1e0366007f,verified,NULL,NULL,NULL,NULL,NULL,https://www.softbank.jp/support/faq/view/19554,2026-10-07,verified,技術規格上の最大値。実効速度の保証ではありません。,NULL,NULL,2026-10-07,2026年6月開始の戸建て2年プラン基本料を確認。PayPayカード割を除外。10G必須機器550円は別登録,SoftBank,resolved,2026年6月開始の戸建て2年プラン基本料を確認。PayPayカード割を除外。10G必須機器550円は別登録,2026-10-07,https://www.softbank.jp/support/faq/view/195401|https://www.softbank.jp/corp/news/press/sbkk/2026/20260410_02/
全国（設備・地域により対象外）,光コラボ,fixed,FTTH,true,excluded,NULL,NULL,false,NULL,要確認,NULL,NULL,NULL,NULL,NULL,NULL,NULL,NULL,NULL,NULL,NULL,NULL,工事内容・配線状況により変動。未確認額はNULL,NULL,NULL,0,0,NULL,NULL,NULL,NULL,要確認（通常月額に含めない）,NULL,NULL,NULL,2026-10-07,税込,通常料金・プロバイダー込み。キャンペーン・スマホ割を除く,ブロードバンドユニバーサルサービス料・追加工事・任意オプション等は別途。適用額は公式で確認,NULL,PayPayカード支払条件、必須オプション、各速度の現行基本料金を再確認,softbank-plus,SoftBank 光＋,SoftBank,https://www.softbank.jp/internet/sbhikari/price/,https://www.softbank.jp/internet/special/area-check/?intService=sbhikari,https://www.softbank.jp/internet/sbhikari/price/|https://www.softbank.jp/support/faq/view/19554|https://www.softbank.jp/support/faq/view/195401|https://www.softbank.jp/corp/news/press/sbkk/2026/20260410_02/,https://www.softbank.jp/internet/sbhikari/price/,https://www.softbank.jp/internet/sbhikari/price/|https://www.softbank.jp/support/faq/view/19554,https://www.softbank.jp/corp/news/press/sbkk/2026/20260410_02/,10.0ギガ,apartment,10000,10000,NULL,softbank-plus-437d58f52a,needs_confirmation,NULL,NULL,NULL,NULL,NULL,https://www.softbank.jp/support/faq/view/19554,2026-10-07,verified,技術規格上の最大値。実効速度の保証ではありません。,NULL,NULL,2026-10-07,ソニー協業の新SoftBank光＋は提供対象が一戸建て。集合住宅用として登録していたレコードは対象外。旧SoftBank光の集合住宅とは区別,SoftBank,out_of_scope,ソニー協業の新SoftBank光＋は提供対象が一戸建て。集合住宅用として登録していたレコードは対象外。旧SoftBank光の集合住宅とは区別,2026-10-07,https://www.softbank.jp/corp/news/press/sbkk/2026/20260410_02/
北海道・東北・関東・東海・関西・中国・九州の一部。プラン別に異なる,独自回線,fixed,FTTH,true,active,NULL,NULL,false,対応,光でんわ・対象スマホ等の条件を公式で確認,SoftBank|Y!mobile,NULL,NULL,NULL,NULL,NULL,NULL,NULL,NULL,6050,55000,NULL,工事内容・配線状況により変動。未確認額はNULL,36,NULL,550,0,NULL,NULL,NULL,NULL,要確認（通常月額に含めない）,NULL,NULL,NULL,2026-10-07,税込,通常料金・プロバイダー込み。キャンペーン・スマホ割を除く,ブロードバンドユニバーサルサービス料・追加工事・任意オプション等は別途。適用額は公式で確認,NULL,2026年9月新プラン。必須ホームゲートウェイ550円/月を基本料金と別管理。棟設備利用手数料は建物・戸数により変動,nuro,NURO 光,ソニーネットワークコミュニケーションズ,https://www.nuro.jp/hikari/house/price/,https://www.nuro.jp/hikari/house/price/,https://support.nuro.jp/faqsupport/nuro/web/knowledge6996.html|https://www.nuro.jp/hikari/house/price/|https://www.nuro.jp/hikari/mansion/price/,https://support.nuro.jp/faqsupport/nuro/web/knowledge6996.html,https://support.nuro.jp/faqsupport/nuro/web/knowledge6996.html|https://www.nuro.jp/hikari/mansion/price/,https://www.nuro.jp/news_release/20260817/,NURO 光(H) / 光(M) 2.5ギガ,house,2500,1000,5170,nuro-10d50cdd67,verified,NULL,NULL,NULL,NULL,NULL,https://www.nuro.jp/hikari/mansion/price/,2026-10-07,verified,技術規格上の最大値。実効速度の保証ではありません。,NULL,NULL,NULL,NULL,ソニーネットワークコミュニケーションズ,NULL,NULL,NULL,NULL
北海道・東北・関東・東海・関西・中国・九州の一部。プラン別に異なる,独自回線,fixed,FTTH,true,active,NULL,NULL,false,対応,光でんわ・対象スマホ等の条件を公式で確認,SoftBank|Y!mobile,NULL,NULL,NULL,NULL,NULL,NULL,NULL,NULL,6050,55000,NULL,工事内容・配線状況により変動。未確認額はNULL,36,NULL,550,11000,NULL,NULL,NULL,NULL,要確認（通常月額に含めない）,NULL,NULL,NULL,2026-10-07,税込,通常料金・プロバイダー込み。キャンペーン・スマホ割を除く,ブロードバンドユニバーサルサービス料・追加工事・任意オプション等は別途。適用額は公式で確認,NULL,2026年9月新プラン。必須ホームゲートウェイ550円/月を基本料金と別管理。棟設備利用手数料は建物・戸数により変動,nuro,NURO 光,ソニーネットワークコミュニケーションズ,https://www.nuro.jp/hikari/mansion/price/,https://www.nuro.jp/hikari/mansion/price/,https://support.nuro.jp/faqsupport/nuro/web/knowledge6996.html|https://www.nuro.jp/hikari/mansion/price/|https://www.nuro.jp/hikari/mansion/price/,https://support.nuro.jp/faqsupport/nuro/web/knowledge6996.html,https://support.nuro.jp/faqsupport/nuro/web/knowledge6996.html|https://www.nuro.jp/hikari/mansion/price/,https://www.nuro.jp/news_release/20260817/,NURO 光(H) / 光(M) 2.5ギガ,apartment,2500,1000,4180,nuro-6aad86dd35,verified,NULL,NULL,NULL,NULL,NULL,https://www.nuro.jp/hikari/mansion/price/,2026-10-07,verified,技術規格上の最大値。実効速度の保証ではありません。,NULL,NULL,NULL,NULL,ソニーネットワークコミュニケーションズ,NULL,NULL,NULL,NULL
北海道・東北・関東・東海・関西・中国・九州の一部。プラン別に異なる,独自回線,fixed,FTTH,true,active,NULL,NULL,false,対応,光でんわ・対象スマホ等の条件を公式で確認,SoftBank|Y!mobile,NULL,NULL,NULL,NULL,NULL,NULL,NULL,NULL,6050,55000,NULL,工事内容・配線状況により変動。未確認額はNULL,36,NULL,550,0,NULL,NULL,NULL,NULL,要確認（通常月額に含めない）,NULL,NULL,NULL,2026-10-07,税込,通常料金・プロバイダー込み。キャンペーン・スマホ割を除く,ブロードバンドユニバーサルサービス料・追加工事・任意オプション等は別途。適用額は公式で確認,NULL,2026年9月新プラン。必須ホームゲートウェイ550円/月を基本料金と別管理。棟設備利用手数料は建物・戸数により変動,nuro,NURO 光,ソニーネットワークコミュニケーションズ,https://www.nuro.jp/hikari/house/price/,https://www.nuro.jp/hikari/house/price/,https://support.nuro.jp/faqsupport/nuro/web/knowledge6996.html|https://www.nuro.jp/hikari/house/price/,https://support.nuro.jp/faqsupport/nuro/web/knowledge6996.html,https://support.nuro.jp/faqsupport/nuro/web/knowledge6996.html,https://www.nuro.jp/news_release/20260817/,NURO 光10ギガ(H) / (M),house,10000,10000,6050,nuro-5d0ad1d858,verified,NULL,NULL,NULL,NULL,NULL,NULL,NULL,previously_recorded,NULL,NULL,NULL,NULL,NULL,ソニーネットワークコミュニケーションズ,NULL,NULL,NULL,NULL
北海道・東北・関東・東海・関西・中国・九州の一部。プラン別に異なる,独自回線,fixed,FTTH,true,active,NULL,NULL,false,対応,光でんわ・対象スマホ等の条件を公式で確認,SoftBank|Y!mobile,NULL,NULL,NULL,NULL,NULL,NULL,NULL,NULL,6050,55000,NULL,工事内容・配線状況により変動。未確認額はNULL,36,NULL,550,11000,NULL,NULL,NULL,NULL,要確認（通常月額に含めない）,NULL,NULL,NULL,2026-10-07,税込,通常料金・プロバイダー込み。キャンペーン・スマホ割を除く,ブロードバンドユニバーサルサービス料・追加工事・任意オプション等は別途。適用額は公式で確認,NULL,2026年9月新プラン。必須ホームゲートウェイ550円/月を基本料金と別管理。棟設備利用手数料は建物・戸数により変動,nuro,NURO 光,ソニーネットワークコミュニケーションズ,https://www.nuro.jp/hikari/mansion/price/,https://www.nuro.jp/hikari/mansion/price/,https://support.nuro.jp/faqsupport/nuro/web/knowledge6996.html|https://www.nuro.jp/hikari/mansion/price/,https://support.nuro.jp/faqsupport/nuro/web/knowledge6996.html,https://support.nuro.jp/faqsupport/nuro/web/knowledge6996.html,https://www.nuro.jp/news_release/20260817/,NURO 光10ギガ(H) / (M),apartment,10000,10000,5720,nuro-a379aa5c52,verified,NULL,NULL,NULL,NULL,NULL,NULL,NULL,previously_recorded,NULL,NULL,NULL,NULL,NULL,ソニーネットワークコミュニケーションズ,NULL,NULL,NULL,NULL
北海道・東北・関東・東海・関西・中国・九州の一部。プラン別に異なる,独自回線,fixed,FTTH,true,active,NULL,NULL,false,対応,光でんわ・対象スマホ等の条件を公式で確認,SoftBank|Y!mobile,NULL,NULL,NULL,NULL,NULL,NULL,NULL,NULL,3300,44000,NULL,工事内容・配線状況により変動。未確認額はNULL,0,0,0,0,NULL,NULL,NULL,NULL,要確認（通常月額に含めない）,NULL,NULL,NULL,2026-10-07,税込,通常料金・プロバイダー込み。キャンペーン・スマホ割を除く,ブロードバンドユニバーサルサービス料・追加工事・任意オプション等は別途。適用額は公式で確認,NULL,20ギガの住所別提供・工事費を公式で確認,nuro,NURO 光,ソニーネットワークコミュニケーションズ,https://www.nuro.jp/hikari/house/price/,https://www.nuro.jp/hikari/house/price/,https://support.nuro.jp/faqsupport/nuro/web/knowledge6996.html|https://www.nuro.jp/s_plan/20gs/,https://www.nuro.jp/s_plan/20gs/,https://support.nuro.jp/faqsupport/nuro/web/knowledge6996.html|https://www.nuro.jp/s_plan/20gs/,https://www.nuro.jp/news_release/20260817/,20ギガ,house,20000,20000,8517,nuro-a54d2eaaf9,verified,NULL,NULL,NULL,NULL,NULL,https://www.nuro.jp/s_plan/20gs/,2026-10-07,verified,技術規格上の最大値。実効速度の保証ではありません。,NULL,NULL,2026-10-07,20G専用公式ページで月額・工事費・新規申込窓口を確認,ソニーネットワークコミュニケーションズ,resolved,20G専用公式ページで月額・工事費・新規申込窓口を確認,2026-10-07,https://www.nuro.jp/s_plan/20gs/
全国（設備・地域により対象外）,光コラボ,fixed,FTTH,true,active,NULL,NULL,false,v6プラス対応,NUROモバイルの期間限定割引条件を確認,NULL,NULL,NULL,NULL,NULL,NULL,NULL,NULL,NULL,6050,39600,NULL,工事内容・配線状況により変動。未確認額はNULL,0,0,0,0,NULL,NULL,NULL,NULL,要確認（通常月額に含めない）,NULL,夜間混雑時に大容量通信に不向き,NULL,2026-10-07,税込,通常料金・プロバイダー込み。キャンペーン・スマホ割を除く,ブロードバンドユニバーサルサービス料・追加工事・任意オプション等は別途。適用額は公式で確認,NULL,,sonet,So-net 光,So-net,https://www.so-net.ne.jp/access/hikari/1g/,https://www.so-net.ne.jp/access/hikari/1g/,https://www.so-net.ne.jp/access/hikari/1g/|https://www.so-net.ne.jp/guide/hikari_sml/,https://www.so-net.ne.jp/access/hikari/1g/,https://www.so-net.ne.jp/access/hikari/1g/|https://www.so-net.ne.jp/guide/hikari_sml/,https://www.so-net.ne.jp/access/hikari/1g/,1ギガ S,house,1000,1000,4500,sonet-87a7089f98,verified,NULL,NULL,NULL,NULL,NULL,https://www.so-net.ne.jp/guide/hikari_sml/,2026-10-07,verified,技術規格上の最大値。実効速度の保証ではありません。 1Gの数値はギガ対応回線の最大仕様。建物・配線・東西エリア・回線品目によって100/200Mbps等になる場合あり。,NULL,NULL,NULL,NULL,ソニーネットワークコミュニケーションズ,NULL,NULL,NULL,NULL
全国（設備・地域により対象外）,光コラボ,fixed,FTTH,true,active,NULL,NULL,false,v6プラス対応,NUROモバイルの期間限定割引条件を確認,NULL,NULL,NULL,NULL,NULL,NULL,NULL,NULL,NULL,6050,39600,NULL,工事内容・配線状況により変動。未確認額はNULL,0,0,0,0,NULL,NULL,NULL,NULL,要確認（通常月額に含めない）,NULL,夜間混雑時に大容量通信に不向き,NULL,2026-10-07,税込,通常料金・プロバイダー込み。キャンペーン・スマホ割を除く,ブロードバンドユニバーサルサービス料・追加工事・任意オプション等は別途。適用額は公式で確認,NULL,,sonet,So-net 光,So-net,https://www.so-net.ne.jp/access/hikari/1g/,https://www.so-net.ne.jp/access/hikari/1g/,https://www.so-net.ne.jp/access/hikari/1g/|https://www.so-net.ne.jp/guide/hikari_sml/,https://www.so-net.ne.jp/access/hikari/1g/,https://www.so-net.ne.jp/access/hikari/1g/|https://www.so-net.ne.jp/guide/hikari_sml/,https://www.so-net.ne.jp/access/hikari/1g/,1ギガ S,apartment,1000,1000,3400,sonet-981e2ae5ed,verified,NULL,NULL,NULL,NULL,NULL,https://www.so-net.ne.jp/guide/hikari_sml/,2026-10-07,verified,技術規格上の最大値。実効速度の保証ではありません。 1Gの数値はギガ対応回線の最大仕様。建物・配線・東西エリア・回線品目によって100/200Mbps等になる場合あり。,NULL,NULL,NULL,NULL,ソニーネットワークコミュニケーションズ,NULL,NULL,NULL,NULL
全国（設備・地域により対象外）,光コラボ,fixed,FTTH,true,active,NULL,NULL,false,v6プラス対応,NUROモバイルの期間限定割引条件を確認,NULL,NULL,NULL,NULL,NULL,NULL,NULL,NULL,NULL,6050,39600,NULL,工事内容・配線状況により変動。未確認額はNULL,0,0,0,0,NULL,3980,12,NULL,要確認（通常月額に含めない）,NULL,NULL,NULL,2026-10-07,税込,通常料金・プロバイダー込み。キャンペーン・スマホ割を除く,ブロードバンドユニバーサルサービス料・追加工事・任意オプション等は別途。適用額は公式で確認,NULL,,sonet,So-net 光,So-net,https://www.so-net.ne.jp/access/hikari/1g/,https://www.so-net.ne.jp/access/hikari/1g/,https://www.so-net.ne.jp/access/hikari/1g/|https://www.so-net.ne.jp/guide/hikari_sml/,https://www.so-net.ne.jp/access/hikari/1g/,https://www.so-net.ne.jp/access/hikari/1g/|https://www.so-net.ne.jp/guide/hikari_sml/,https://www.so-net.ne.jp/access/hikari/1g/,1ギガ M,house,1000,1000,5995,sonet-ceb749f245,verified,NULL,NULL,NULL,NULL,NULL,https://www.so-net.ne.jp/guide/hikari_sml/,2026-10-07,verified,技術規格上の最大値。実効速度の保証ではありません。 1Gの数値はギガ対応回線の最大仕様。建物・配線・東西エリア・回線品目によって100/200Mbps等になる場合あり。,NULL,NULL,NULL,NULL,ソニーネットワークコミュニケーションズ,NULL,NULL,NULL,NULL
全国（設備・地域により対象外）,光コラボ,fixed,FTTH,true,active,NULL,NULL,false,v6プラス対応,NUROモバイルの期間限定割引条件を確認,NULL,NULL,NULL,NULL,NULL,NULL,NULL,NULL,NULL,6050,39600,NULL,工事内容・配線状況により変動。未確認額はNULL,0,0,0,0,NULL,3980,12,NULL,要確認（通常月額に含めない）,NULL,NULL,NULL,2026-10-07,税込,通常料金・プロバイダー込み。キャンペーン・スマホ割を除く,ブロードバンドユニバーサルサービス料・追加工事・任意オプション等は別途。適用額は公式で確認,NULL,,sonet,So-net 光,So-net,https://www.so-net.ne.jp/access/hikari/1g/,https://www.so-net.ne.jp/access/hikari/1g/,https://www.so-net.ne.jp/access/hikari/1g/|https://www.so-net.ne.jp/guide/hikari_sml/,https://www.so-net.ne.jp/access/hikari/1g/,https://www.so-net.ne.jp/access/hikari/1g/|https://www.so-net.ne.jp/guide/hikari_sml/,https://www.so-net.ne.jp/access/hikari/1g/,1ギガ M,apartment,1000,1000,4895,sonet-bb512cbd83,verified,NULL,NULL,NULL,NULL,NULL,https://www.so-net.ne.jp/guide/hikari_sml/,2026-10-07,verified,技術規格上の最大値。実効速度の保証ではありません。 1Gの数値はギガ対応回線の最大仕様。建物・配線・東西エリア・回線品目によって100/200Mbps等になる場合あり。,NULL,NULL,NULL,NULL,ソニーネットワークコミュニケーションズ,NULL,NULL,NULL,NULL
全国（設備・地域により対象外）,光コラボ,fixed,FTTH,true,active,NULL,NULL,false,v6プラス対応,NUROモバイルの期間限定割引条件を確認,NULL,NULL,NULL,NULL,NULL,NULL,NULL,NULL,NULL,6050,39600,NULL,工事内容・配線状況により変動。未確認額はNULL,0,0,0,0,NULL,NULL,NULL,NULL,要確認（通常月額に含めない）,NULL,NULL,NULL,2026-10-07,税込,通常料金・プロバイダー込み。キャンペーン・スマホ割を除く,ブロードバンドユニバーサルサービス料・追加工事・任意オプション等は別途。適用額は公式で確認,NULL,,sonet,So-net 光,So-net,https://www.so-net.ne.jp/access/hikari/1g/,https://www.so-net.ne.jp/access/hikari/1g/,https://www.so-net.ne.jp/access/hikari/1g/|https://www.so-net.ne.jp/guide/hikari_sml/,https://www.so-net.ne.jp/access/hikari/1g/,https://www.so-net.ne.jp/access/hikari/1g/|https://www.so-net.ne.jp/guide/hikari_sml/,https://www.so-net.ne.jp/access/hikari/1g/,1ギガ L,house,1000,1000,7095,sonet-7f752b03c0,verified,NULL,NULL,NULL,NULL,NULL,https://www.so-net.ne.jp/guide/hikari_sml/,2026-10-07,verified,技術規格上の最大値。実効速度の保証ではありません。 1Gの数値はギガ対応回線の最大仕様。建物・配線・東西エリア・回線品目によって100/200Mbps等になる場合あり。,NULL,NULL,NULL,NULL,ソニーネットワークコミュニケーションズ,NULL,NULL,NULL,NULL
全国（設備・地域により対象外）,光コラボ,fixed,FTTH,true,active,NULL,NULL,false,v6プラス対応,NUROモバイルの期間限定割引条件を確認,NULL,NULL,NULL,NULL,NULL,NULL,NULL,NULL,NULL,6050,39600,NULL,工事内容・配線状況により変動。未確認額はNULL,0,0,0,0,NULL,NULL,NULL,NULL,要確認（通常月額に含めない）,NULL,NULL,NULL,2026-10-07,税込,通常料金・プロバイダー込み。キャンペーン・スマホ割を除く,ブロードバンドユニバーサルサービス料・追加工事・任意オプション等は別途。適用額は公式で確認,NULL,,sonet,So-net 光,So-net,https://www.so-net.ne.jp/access/hikari/1g/,https://www.so-net.ne.jp/access/hikari/1g/,https://www.so-net.ne.jp/access/hikari/1g/|https://www.so-net.ne.jp/guide/hikari_sml/,https://www.so-net.ne.jp/access/hikari/1g/,https://www.so-net.ne.jp/access/hikari/1g/|https://www.so-net.ne.jp/guide/hikari_sml/,https://www.so-net.ne.jp/access/hikari/1g/,1ギガ L,apartment,1000,1000,5995,sonet-2437536d4c,verified,NULL,NULL,NULL,NULL,NULL,https://www.so-net.ne.jp/guide/hikari_sml/,2026-10-07,verified,技術規格上の最大値。実効速度の保証ではありません。 1Gの数値はギガ対応回線の最大仕様。建物・配線・東西エリア・回線品目によって100/200Mbps等になる場合あり。,NULL,NULL,NULL,NULL,ソニーネットワークコミュニケーションズ,NULL,NULL,NULL,NULL
全国（設備・地域により対象外）,光コラボ,fixed,FTTH,true,active,NULL,NULL,false,v6プラス対応,NUROモバイルの期間限定割引条件を確認,NULL,NULL,NULL,NULL,NULL,NULL,NULL,NULL,NULL,6050,39600,NULL,工事内容・配線状況により変動。未確認額はNULL,0,0,0,0,NULL,3980,24,NULL,新設の月額割引・工事費相当割引。申込期限・開通期限・残債条件あり。公式で確認,NULL,NULL,NULL,2026-10-07,税込,通常料金・プロバイダー込み。キャンペーン・スマホ割を除く,ブロードバンドユニバーサルサービス料・追加工事・任意オプション等は別途。適用額は公式で確認,NULL,,sonet,So-net 光,So-net,https://www.so-net.ne.jp/access/hikari/10g/,https://www.so-net.ne.jp/access/hikari/1g/,https://www.so-net.ne.jp/access/hikari/10g/|https://www.so-net.ne.jp/guide/hikari_10g/,https://www.so-net.ne.jp/access/hikari/10g/,https://www.so-net.ne.jp/access/hikari/1g/|https://www.so-net.ne.jp/guide/hikari_10g/,https://www.so-net.ne.jp/access/hikari/1g/,10ギガ,house,10000,10000,6380,sonet-9d7373fa30,verified,NULL,NULL,NULL,NULL,NULL,https://www.so-net.ne.jp/guide/hikari_10g/,2026-10-07,verified,技術規格上の最大値。実効速度の保証ではありません。 1Gの数値はギガ対応回線の最大仕様。建物・配線・東西エリア・回線品目によって100/200Mbps等になる場合あり。,NULL,NULL,NULL,NULL,ソニーネットワークコミュニケーションズ,NULL,NULL,NULL,NULL
全国（設備・地域により対象外）,光コラボ,fixed,FTTH,true,active,NULL,NULL,false,v6プラス対応,NUROモバイルの期間限定割引条件を確認,NULL,NULL,NULL,NULL,NULL,NULL,NULL,NULL,NULL,6050,39600,NULL,工事内容・配線状況により変動。未確認額はNULL,0,0,0,0,NULL,3980,24,NULL,新設の月額割引・工事費相当割引。申込期限・開通期限・残債条件あり。公式で確認,NULL,NULL,NULL,2026-10-07,税込,通常料金・プロバイダー込み。キャンペーン・スマホ割を除く,ブロードバンドユニバーサルサービス料・追加工事・任意オプション等は別途。適用額は公式で確認,NULL,,sonet,So-net 光,So-net,https://www.so-net.ne.jp/access/hikari/10g/,https://www.so-net.ne.jp/access/hikari/1g/,https://www.so-net.ne.jp/access/hikari/10g/|https://www.so-net.ne.jp/guide/hikari_10g/,https://www.so-net.ne.jp/access/hikari/10g/,https://www.so-net.ne.jp/access/hikari/1g/|https://www.so-net.ne.jp/guide/hikari_10g/,https://www.so-net.ne.jp/access/hikari/1g/,10ギガ,apartment,10000,10000,6380,sonet-f287974095,verified,NULL,NULL,NULL,NULL,NULL,https://www.so-net.ne.jp/guide/hikari_10g/,2026-10-07,verified,技術規格上の最大値。実効速度の保証ではありません。 1Gの数値はギガ対応回線の最大仕様。建物・配線・東西エリア・回線品目によって100/200Mbps等になる場合あり。,NULL,NULL,NULL,NULL,ソニーネットワークコミュニケーションズ,NULL,NULL,NULL,NULL
全国（設備・地域により対象外）,光コラボ,fixed,FTTH,true,active,NULL,NULL,false,IPoE対応,対象スマホ＋光電話等の加入条件を確認,au|UQ mobile,NULL,NULL,NULL,NULL,NULL,NULL,NULL,NULL,NULL,NULL,28600,工事内容・配線状況により変動。未確認額はNULL,36,NULL,0,0,NULL,NULL,NULL,NULL,要確認（通常月額に含めない）,NULL,NULL,NULL,2026-10-07,税込,通常料金・プロバイダー込み。キャンペーン・スマホ割を除く,ブロードバンドユニバーサルサービス料・追加工事・任意オプション等は別途。適用額は公式で確認,NULL,,biglobe,BIGLOBE光,BIGLOBE,https://join.biglobe.ne.jp/ftth/hikari/price/,https://join.biglobe.ne.jp/ftth/hikari/price/,https://join.biglobe.ne.jp/ftth/hikari/price/|https://support.biglobe.ne.jp/download/tokuyaku/bhikari_juuyou.pdf,https://join.biglobe.ne.jp/ftth/hikari/price/,https://join.biglobe.ne.jp/ftth/hikari/price/|https://support.biglobe.ne.jp/download/tokuyaku/bhikari_juuyou.pdf,https://join.biglobe.ne.jp/ftth/hikari/price/,1ギガ 3年プラン,house,1000,1000,5478,biglobe-72099bd406,verified,NULL,NULL,NULL,NULL,NULL,https://support.biglobe.ne.jp/download/tokuyaku/bhikari_juuyou.pdf,2026-10-07,verified,技術規格上の最大値。実効速度の保証ではありません。 1Gの数値はギガ対応回線の最大仕様。建物・配線・東西エリア・回線品目によって100/200Mbps等になる場合あり。,NULL,NULL,NULL,NULL,BIGLOBE,NULL,NULL,NULL,NULL
全国（設備・地域により対象外）,光コラボ,fixed,FTTH,true,active,NULL,NULL,false,IPoE対応,対象スマホ＋光電話等の加入条件を確認,au|UQ mobile,NULL,NULL,NULL,NULL,NULL,NULL,NULL,NULL,NULL,NULL,28600,工事内容・配線状況により変動。未確認額はNULL,36,NULL,0,0,NULL,NULL,NULL,NULL,要確認（通常月額に含めない）,NULL,NULL,NULL,2026-10-07,税込,通常料金・プロバイダー込み。キャンペーン・スマホ割を除く,ブロードバンドユニバーサルサービス料・追加工事・任意オプション等は別途。適用額は公式で確認,NULL,,biglobe,BIGLOBE光,BIGLOBE,https://join.biglobe.ne.jp/ftth/hikari/price/,https://join.biglobe.ne.jp/ftth/hikari/price/,https://join.biglobe.ne.jp/ftth/hikari/price/|https://support.biglobe.ne.jp/download/tokuyaku/bhikari_juuyou.pdf,https://join.biglobe.ne.jp/ftth/hikari/price/,https://join.biglobe.ne.jp/ftth/hikari/price/|https://support.biglobe.ne.jp/download/tokuyaku/bhikari_juuyou.pdf,https://join.biglobe.ne.jp/ftth/hikari/price/,1ギガ 3年プラン,apartment,1000,1000,4378,biglobe-9273a900bd,verified,NULL,NULL,NULL,NULL,NULL,https://support.biglobe.ne.jp/download/tokuyaku/bhikari_juuyou.pdf,2026-10-07,verified,技術規格上の最大値。実効速度の保証ではありません。 1Gの数値はギガ対応回線の最大仕様。建物・配線・東西エリア・回線品目によって100/200Mbps等になる場合あり。,NULL,NULL,NULL,NULL,BIGLOBE,NULL,NULL,NULL,NULL
全国（設備・地域により対象外）,光コラボ,fixed,FTTH,true,active,NULL,NULL,false,IPoE対応,対象スマホ＋光電話等の加入条件を確認,au|UQ mobile,NULL,NULL,NULL,NULL,NULL,NULL,NULL,NULL,1100,NULL,28600,"屋内配線新設28,600円、配線新設なし18,260円、無派遣3,300円",24,NULL,0,0,NULL,NULL,NULL,NULL,要確認（通常月額に含めない）,NULL,NULL,NULL,2026-10-07,税込,通常料金・プロバイダー込み。キャンペーン・スマホ割を除く,ブロードバンドユニバーサルサービス料・追加工事・任意オプション等は別途。適用額は公式で確認,NULL,2年プランの通常月額を要確認,biglobe,BIGLOBE光,BIGLOBE,https://join.biglobe.ne.jp/ftth/hikari/price/,https://join.biglobe.ne.jp/ftth/hikari/price/,https://join.biglobe.ne.jp/ftth/hikari/price/|https://support.biglobe.ne.jp/download/tokuyaku/bhikari_juuyou.pdf|https://support.biglobe.ne.jp/jimu/ryokin/course/bighikari.html,https://support.biglobe.ne.jp/jimu/ryokin/course/bighikari.html,https://join.biglobe.ne.jp/ftth/hikari/price/|https://support.biglobe.ne.jp/download/tokuyaku/bhikari_juuyou.pdf,https://join.biglobe.ne.jp/ftth/hikari/price/,1ギガ 2年プラン,house,1000,1000,5698,biglobe-cc47c5fafb,verified,NULL,NULL,NULL,NULL,NULL,https://support.biglobe.ne.jp/download/tokuyaku/bhikari_juuyou.pdf,2026-10-07,verified,技術規格上の最大値。実効速度の保証ではありません。 1Gの数値はギガ対応回線の最大仕様。建物・配線・東西エリア・回線品目によって100/200Mbps等になる場合あり。,NULL,NULL,2026-10-07,"1ギガ2年の通常月額を公式料金表で確認。新規申込手数料は1,100円",BIGLOBE,resolved,"1ギガ2年の通常月額を公式料金表で確認。新規申込手数料は1,100円",2026-10-07,https://support.biglobe.ne.jp/jimu/ryokin/course/bighikari.html
全国（設備・地域により対象外）,光コラボ,fixed,FTTH,true,active,NULL,NULL,false,IPoE対応,対象スマホ＋光電話等の加入条件を確認,au|UQ mobile,NULL,NULL,NULL,NULL,NULL,NULL,NULL,NULL,1100,NULL,28600,"屋内配線新設28,600円、配線新設なし18,260円、無派遣3,300円",24,NULL,0,0,NULL,NULL,NULL,NULL,要確認（通常月額に含めない）,NULL,NULL,NULL,2026-10-07,税込,通常料金・プロバイダー込み。キャンペーン・スマホ割を除く,ブロードバンドユニバーサルサービス料・追加工事・任意オプション等は別途。適用額は公式で確認,NULL,2年プランの通常月額を要確認,biglobe,BIGLOBE光,BIGLOBE,https://join.biglobe.ne.jp/ftth/hikari/price/,https://join.biglobe.ne.jp/ftth/hikari/price/,https://join.biglobe.ne.jp/ftth/hikari/price/|https://support.biglobe.ne.jp/download/tokuyaku/bhikari_juuyou.pdf|https://support.biglobe.ne.jp/jimu/ryokin/course/bighikari.html,https://support.biglobe.ne.jp/jimu/ryokin/course/bighikari.html,https://join.biglobe.ne.jp/ftth/hikari/price/|https://support.biglobe.ne.jp/download/tokuyaku/bhikari_juuyou.pdf,https://join.biglobe.ne.jp/ftth/hikari/price/,1ギガ 2年プラン,apartment,1000,1000,4488,biglobe-31788a9206,verified,NULL,NULL,NULL,NULL,NULL,https://support.biglobe.ne.jp/download/tokuyaku/bhikari_juuyou.pdf,2026-10-07,verified,技術規格上の最大値。実効速度の保証ではありません。 1Gの数値はギガ対応回線の最大仕様。建物・配線・東西エリア・回線品目によって100/200Mbps等になる場合あり。,NULL,NULL,2026-10-07,"1ギガ2年の通常月額を公式料金表で確認。新規申込手数料は1,100円",BIGLOBE,resolved,"1ギガ2年の通常月額を公式料金表で確認。新規申込手数料は1,100円",2026-10-07,https://support.biglobe.ne.jp/jimu/ryokin/course/bighikari.html
全国（設備・地域により対象外）,光コラボ,fixed,FTTH,true,active,NULL,NULL,false,IPoE対応,対象スマホ＋光電話等の加入条件を確認,au|UQ mobile,NULL,NULL,NULL,NULL,NULL,NULL,NULL,NULL,NULL,NULL,28600,工事内容・配線状況により変動。未確認額はNULL,24,NULL,0,0,NULL,NULL,NULL,NULL,要確認（通常月額に含めない）,NULL,NULL,NULL,2026-10-07,税込,通常料金・プロバイダー込み。キャンペーン・スマホ割を除く,ブロードバンドユニバーサルサービス料・追加工事・任意オプション等は別途。適用額は公式で確認,NULL,,biglobe,BIGLOBE光,BIGLOBE,https://join.biglobe.ne.jp/ftth/hikari/price/,https://join.biglobe.ne.jp/ftth/hikari/price/,https://join.biglobe.ne.jp/ftth/hikari/price/|https://support.biglobe.ne.jp/download/tokuyaku/bhikari_juuyou.pdf,https://join.biglobe.ne.jp/ftth/hikari/price/,https://join.biglobe.ne.jp/ftth/hikari/price/|https://support.biglobe.ne.jp/download/tokuyaku/bhikari_juuyou.pdf,https://join.biglobe.ne.jp/ftth/hikari/price/,10ギガ 2年プラン,house,10000,10000,6270,biglobe-a99064c047,verified,NULL,NULL,NULL,NULL,NULL,https://support.biglobe.ne.jp/download/tokuyaku/bhikari_juuyou.pdf,2026-10-07,verified,技術規格上の最大値。実効速度の保証ではありません。 1Gの数値はギガ対応回線の最大仕様。建物・配線・東西エリア・回線品目によって100/200Mbps等になる場合あり。,NULL,NULL,NULL,NULL,BIGLOBE,NULL,NULL,NULL,NULL
全国（設備・地域により対象外）,光コラボ,fixed,FTTH,true,active,NULL,NULL,false,IPoE対応,対象スマホ＋光電話等の加入条件を確認,au|UQ mobile,NULL,NULL,NULL,NULL,NULL,NULL,NULL,NULL,NULL,NULL,28600,工事内容・配線状況により変動。未確認額はNULL,24,NULL,0,0,NULL,NULL,NULL,NULL,要確認（通常月額に含めない）,NULL,NULL,NULL,2026-10-07,税込,通常料金・プロバイダー込み。キャンペーン・スマホ割を除く,ブロードバンドユニバーサルサービス料・追加工事・任意オプション等は別途。適用額は公式で確認,NULL,,biglobe,BIGLOBE光,BIGLOBE,https://join.biglobe.ne.jp/ftth/hikari/price/,https://join.biglobe.ne.jp/ftth/hikari/price/,https://join.biglobe.ne.jp/ftth/hikari/price/|https://support.biglobe.ne.jp/download/tokuyaku/bhikari_juuyou.pdf,https://join.biglobe.ne.jp/ftth/hikari/price/,https://join.biglobe.ne.jp/ftth/hikari/price/|https://support.biglobe.ne.jp/download/tokuyaku/bhikari_juuyou.pdf,https://join.biglobe.ne.jp/ftth/hikari/price/,10ギガ 2年プラン,apartment,10000,10000,6270,biglobe-0ffa40a2f5,verified,NULL,NULL,NULL,NULL,NULL,https://support.biglobe.ne.jp/download/tokuyaku/bhikari_juuyou.pdf,2026-10-07,verified,技術規格上の最大値。実効速度の保証ではありません。 1Gの数値はギガ対応回線の最大仕様。建物・配線・東西エリア・回線品目によって100/200Mbps等になる場合あり。,NULL,NULL,NULL,NULL,BIGLOBE,NULL,NULL,NULL,NULL
全国（設備・地域により対象外）,光コラボ,fixed,FTTH,true,active,NULL,NULL,false,v6プラス対応,要確認,NULL,NULL,NULL,NULL,NULL,NULL,NULL,NULL,NULL,3300,NULL,NULL,工事内容・配線状況により変動。未確認額はNULL,0,0,0,0,NULL,NULL,NULL,NULL,要確認（通常月額に含めない）,NULL,NULL,NULL,2026-10-07,税込,通常料金・プロバイダー込み。キャンペーン・スマホ割を除く,ブロードバンドユニバーサルサービス料・追加工事・任意オプション等は別途。適用額は公式で確認,NULL,公式通常ページの新規料金。窓口限定プラン・転用料金と別管理,gmo,GMOとくとくBB光,GMOとくとくBB,https://gmobb.jp/service/gmohikari/,https://gmobb.jp/service/gmohikari/,https://gmobb.jp/service/gmohikari/,https://gmobb.jp/service/gmohikari/,https://gmobb.jp/service/gmohikari/,https://gmobb.jp/service/gmohikari/,1ギガ 新規,house,1000,NULL,5390,gmo-bcaae1681e,verified,NULL,NULL,NULL,NULL,NULL,NULL,2026-10-07,rechecked_unresolved,公式サービス・料金ページと公式サイト検索を再調査しましたが、このレコードに適用する上り最大値を確定できませんでした。下りと同じ値では埋めていません。 資料取得で403応答・別ページへの転送あり。,NULL,NULL,NULL,NULL,GMOとくとくBB,NULL,NULL,NULL,NULL
全国（設備・地域により対象外）,光コラボ,fixed,FTTH,true,active,NULL,NULL,false,v6プラス対応,要確認,NULL,NULL,NULL,NULL,NULL,NULL,NULL,NULL,NULL,3300,NULL,NULL,工事内容・配線状況により変動。未確認額はNULL,0,0,0,0,NULL,NULL,NULL,NULL,要確認（通常月額に含めない）,NULL,NULL,NULL,2026-10-07,税込,通常料金・プロバイダー込み。キャンペーン・スマホ割を除く,ブロードバンドユニバーサルサービス料・追加工事・任意オプション等は別途。適用額は公式で確認,NULL,公式通常ページの新規料金。窓口限定プラン・転用料金と別管理,gmo,GMOとくとくBB光,GMOとくとくBB,https://gmobb.jp/service/gmohikari/,https://gmobb.jp/service/gmohikari/,https://gmobb.jp/service/gmohikari/,https://gmobb.jp/service/gmohikari/,https://gmobb.jp/service/gmohikari/,https://gmobb.jp/service/gmohikari/,1ギガ 新規,apartment,1000,NULL,4290,gmo-dd875a70db,verified,NULL,NULL,NULL,NULL,NULL,NULL,2026-10-07,rechecked_unresolved,公式サービス・料金ページと公式サイト検索を再調査しましたが、このレコードに適用する上り最大値を確定できませんでした。下りと同じ値では埋めていません。 資料取得で403応答・別ページへの転送あり。,NULL,NULL,NULL,NULL,GMOとくとくBB,NULL,NULL,NULL,NULL
全国（設備・地域により対象外）,光コラボ,fixed,FTTH,true,active,NULL,NULL,false,v6プラス対応,要確認,NULL,NULL,NULL,NULL,NULL,NULL,NULL,NULL,NULL,3300,NULL,NULL,工事内容・配線状況により変動。未確認額はNULL,0,0,0,0,NULL,NULL,NULL,NULL,要確認（通常月額に含めない）,NULL,NULL,NULL,2026-10-07,税込,通常料金・プロバイダー込み。キャンペーン・スマホ割を除く,ブロードバンドユニバーサルサービス料・追加工事・任意オプション等は別途。適用額は公式で確認,NULL,公式通常ページの新規料金。窓口限定プラン・転用料金と別管理,gmo,GMOとくとくBB光,GMOとくとくBB,https://gmobb.jp/service/gmohikari/,https://gmobb.jp/service/gmohikari/,https://gmobb.jp/service/gmohikari/,https://gmobb.jp/service/gmohikari/,https://gmobb.jp/service/gmohikari/,https://gmobb.jp/service/gmohikari/,10ギガ 新規,house,10000,NULL,5940,gmo-c8c87bb173,verified,NULL,NULL,NULL,NULL,NULL,NULL,2026-10-07,rechecked_unresolved,公式サービス・料金ページと公式サイト検索を再調査しましたが、このレコードに適用する上り最大値を確定できませんでした。下りと同じ値では埋めていません。 資料取得で403応答・別ページへの転送あり。,NULL,NULL,NULL,NULL,GMOとくとくBB,NULL,NULL,NULL,NULL
全国（設備・地域により対象外）,光コラボ,fixed,FTTH,true,active,NULL,NULL,false,v6プラス対応,要確認,NULL,NULL,NULL,NULL,NULL,NULL,NULL,NULL,NULL,3300,NULL,NULL,工事内容・配線状況により変動。未確認額はNULL,0,0,0,0,NULL,NULL,NULL,NULL,要確認（通常月額に含めない）,NULL,NULL,NULL,2026-10-07,税込,通常料金・プロバイダー込み。キャンペーン・スマホ割を除く,ブロードバンドユニバーサルサービス料・追加工事・任意オプション等は別途。適用額は公式で確認,NULL,公式通常ページの新規料金。窓口限定プラン・転用料金と別管理,gmo,GMOとくとくBB光,GMOとくとくBB,https://gmobb.jp/service/gmohikari/,https://gmobb.jp/service/gmohikari/,https://gmobb.jp/service/gmohikari/,https://gmobb.jp/service/gmohikari/,https://gmobb.jp/service/gmohikari/,https://gmobb.jp/service/gmohikari/,10ギガ 新規,apartment,10000,NULL,5940,gmo-f32cecfbc7,verified,NULL,NULL,NULL,NULL,NULL,NULL,2026-10-07,rechecked_unresolved,公式サービス・料金ページと公式サイト検索を再調査しましたが、このレコードに適用する上り最大値を確定できませんでした。下りと同じ値では埋めていません。 資料取得で403応答・別ページへの転送あり。,NULL,NULL,NULL,NULL,GMOとくとくBB,NULL,NULL,NULL,NULL
全国（設備・地域により対象外）,光コラボ,fixed,FTTH,true,active,NULL,NULL,false,v6プラス対応,要確認,NULL,NULL,NULL,NULL,NULL,NULL,NULL,NULL,NULL,3300,NULL,26400,派遣・無派遣で異なる。実質無料は通常工事費に使用しない,0,0,330,0,NULL,NULL,NULL,NULL,要確認（通常月額に含めない）,NULL,混雑時速度制御あり,NULL,2026-10-07,税込,通常料金・プロバイダー込み。キャンペーン・スマホ割を除く,ブロードバンドユニバーサルサービス料・追加工事・任意オプション等は別途。適用額は公式で確認,NULL,,gmo-mini,GMOとくとくBB光mini,GMOとくとくBB,https://gmobb.jp/service/gmohikari-mini/,https://gmobb.jp/service/gmohikari-mini/,https://gmobb.jp/service/gmohikari-mini/,https://gmobb.jp/service/gmohikari-mini/,https://gmobb.jp/service/gmohikari-mini/,https://gmobb.jp/service/gmohikari-mini/,1ギガ mini,house,1000,NULL,4400,gmo-mini-a6243a0c25,verified,NULL,NULL,NULL,NULL,NULL,NULL,2026-10-07,rechecked_unresolved,公式サービス・料金ページと公式サイト検索を再調査しましたが、このレコードに適用する上り最大値を確定できませんでした。下りと同じ値では埋めていません。 資料取得で403応答・別ページへの転送あり。,NULL,NULL,2026-10-07,公式の契約期間縛りなし・解約違約金なしを確認。工事費残債は別途。,GMOとくとくBB,resolved,公式の契約期間縛りなし・解約違約金なしを確認。工事費残債は別途。,2026-10-07,https://gmobb.jp/service/gmohikari-mini/
全国（設備・地域により対象外）,光コラボ,fixed,FTTH,true,active,NULL,NULL,false,v6プラス対応,要確認,NULL,NULL,NULL,NULL,NULL,NULL,NULL,NULL,NULL,3300,NULL,25300,派遣・無派遣で異なる。実質無料は通常工事費に使用しない,0,0,330,0,NULL,NULL,NULL,NULL,要確認（通常月額に含めない）,NULL,混雑時速度制御あり,NULL,2026-10-07,税込,通常料金・プロバイダー込み。キャンペーン・スマホ割を除く,ブロードバンドユニバーサルサービス料・追加工事・任意オプション等は別途。適用額は公式で確認,NULL,,gmo-mini,GMOとくとくBB光mini,GMOとくとくBB,https://gmobb.jp/service/gmohikari-mini/,https://gmobb.jp/service/gmohikari-mini/,https://gmobb.jp/service/gmohikari-mini/,https://gmobb.jp/service/gmohikari-mini/,https://gmobb.jp/service/gmohikari-mini/,https://gmobb.jp/service/gmohikari-mini/,1ギガ mini,apartment,1000,NULL,3300,gmo-mini-10b818267e,verified,NULL,NULL,NULL,NULL,NULL,NULL,2026-10-07,rechecked_unresolved,公式サービス・料金ページと公式サイト検索を再調査しましたが、このレコードに適用する上り最大値を確定できませんでした。下りと同じ値では埋めていません。 資料取得で403応答・別ページへの転送あり。,NULL,NULL,2026-10-07,公式の契約期間縛りなし・解約違約金なしを確認。工事費残債は別途。,GMOとくとくBB,resolved,公式の契約期間縛りなし・解約違約金なしを確認。工事費残債は別途。,2026-10-07,https://gmobb.jp/service/gmohikari-mini/
全国（設備・地域により対象外）,光コラボ,fixed,FTTH,true,active,NULL,NULL,false,transix（IPoE）,BB.exciteモバイル音声SIM1枚につき220円（最大5枚）,その他,NULL,NULL,NULL,NULL,NULL,NULL,NULL,NULL,0,0,NULL,工事内容・配線状況により変動。未確認額はNULL,0,0,0,0,NULL,NULL,NULL,NULL,要確認（通常月額に含めない）,NULL,NULL,NULL,2026-10-07,税込,通常料金・プロバイダー込み。キャンペーン・スマホ割を除く,ブロードバンドユニバーサルサービス料・追加工事・任意オプション等は別途。適用額は公式で確認,NULL,DS-Lite対応ルーターを利用者が用意。任意レンタル264円/月、2026年11月1日から330円/月。初期費用0円は通常設定で、キャンペーン工事費相殺と区別。,excite-mec,BB.excite光 MEC,エキサイト,https://bb.excite.co.jp/exmec/,https://bb.excite.co.jp/exmec/,https://bb.excite.co.jp/exmec/,https://bb.excite.co.jp/exmec/,https://bb.excite.co.jp/exmec/|https://image.excite.co.jp/jp/bbe/collabo/guidance/mechikari.pdf,https://bb.excite.co.jp/exmec/,1ギガ 定額,house,1000,1000,4950,excite-mec-deda89202e,verified,NULL,NULL,NULL,NULL,NULL,https://image.excite.co.jp/jp/bbe/collabo/guidance/mechikari.pdf,2026-10-07,verified,技術規格上の最大値。実効速度の保証ではありません。 1Gの数値はギガ対応回線の最大仕様。建物・配線・東西エリア・回線品目によって100/200Mbps等になる場合あり。,NULL,NULL,2026-10-07,通常基本料・初期費用なし・縛りなしを公式再確認,エキサイト,NULL,NULL,NULL,NULL
全国（設備・地域により対象外）,光コラボ,fixed,FTTH,true,active,NULL,NULL,false,transix（IPoE）,BB.exciteモバイル音声SIM1枚につき220円（最大5枚）,その他,NULL,NULL,NULL,NULL,NULL,NULL,NULL,NULL,0,0,NULL,工事内容・配線状況により変動。未確認額はNULL,0,0,0,0,NULL,NULL,NULL,NULL,要確認（通常月額に含めない）,NULL,NULL,NULL,2026-10-07,税込,通常料金・プロバイダー込み。キャンペーン・スマホ割を除く,ブロードバンドユニバーサルサービス料・追加工事・任意オプション等は別途。適用額は公式で確認,NULL,DS-Lite対応ルーターを利用者が用意。任意レンタル264円/月、2026年11月1日から330円/月。初期費用0円は通常設定で、キャンペーン工事費相殺と区別。,excite-mec,BB.excite光 MEC,エキサイト,https://bb.excite.co.jp/exmec/,https://bb.excite.co.jp/exmec/,https://bb.excite.co.jp/exmec/,https://bb.excite.co.jp/exmec/,https://bb.excite.co.jp/exmec/|https://image.excite.co.jp/jp/bbe/collabo/guidance/mechikari.pdf,https://bb.excite.co.jp/exmec/,1ギガ 定額,apartment,1000,1000,3850,excite-mec-fed9d7a03b,verified,NULL,NULL,NULL,NULL,NULL,https://image.excite.co.jp/jp/bbe/collabo/guidance/mechikari.pdf,2026-10-07,verified,技術規格上の最大値。実効速度の保証ではありません。 1Gの数値はギガ対応回線の最大仕様。建物・配線・東西エリア・回線品目によって100/200Mbps等になる場合あり。,NULL,NULL,2026-10-07,通常基本料・初期費用なし・縛りなしを公式再確認,エキサイト,NULL,NULL,NULL,NULL
全国（設備・地域により対象外）,光コラボ,fixed,FTTH,true,active,NULL,NULL,false,PPPoE,BB.exciteモバイル音声SIM1枚につき220円（最大5枚）,その他,NULL,NULL,NULL,NULL,NULL,NULL,NULL,NULL,0,0,NULL,工事内容・配線状況により変動。未確認額はNULL,0,0,0,0,NULL,NULL,NULL,NULL,要確認（通常月額に含めない）,NULL,NULL,NULL,2026-10-07,税込,通常料金・プロバイダー込み。キャンペーン・スマホ割を除く,ブロードバンドユニバーサルサービス料・追加工事・任意オプション等は別途。適用額は公式で確認,NULL,永年割引表示と定価の分離を要確認,excite-classic,BB.excite光 Classic,エキサイト,https://bb.excite.co.jp/bbhikari/,https://bb.excite.co.jp/bbhikari/,https://bb.excite.co.jp/bbhikari/|https://image.excite.co.jp/jp/bbe/collabo/guidance/bbhikari.pdf|https://bb.excite.co.jp/bbhikari/classic/,https://bb.excite.co.jp/bbhikari/classic/,https://bb.excite.co.jp/bbhikari/|https://image.excite.co.jp/jp/bbe/collabo/guidance/bbhikari.pdf,https://bb.excite.co.jp/bbhikari/,1ギガ 定額,house,1000,1000,4796,excite-classic-deda89202e,verified,NULL,NULL,NULL,NULL,NULL,https://image.excite.co.jp/jp/bbe/collabo/guidance/bbhikari.pdf,2026-10-07,verified,技術規格上の最大値。実効速度の保証ではありません。 1Gの数値はギガ対応回線の最大仕様。建物・配線・東西エリア・回線品目によって100/200Mbps等になる場合あり。,NULL,NULL,2026-10-07,公式Classicの定額料金を確認。任意Wi-Fiルーター代は基本料と分離,エキサイト,resolved,公式Classicの定額料金を確認。任意Wi-Fiルーター代は基本料と分離,2026-10-07,https://bb.excite.co.jp/bbhikari/classic/
全国（設備・地域により対象外）,光コラボ,fixed,FTTH,true,active,NULL,NULL,false,PPPoE,BB.exciteモバイル音声SIM1枚につき220円（最大5枚）,その他,NULL,NULL,NULL,NULL,NULL,NULL,NULL,NULL,0,0,NULL,工事内容・配線状況により変動。未確認額はNULL,0,0,0,0,NULL,NULL,NULL,NULL,要確認（通常月額に含めない）,NULL,NULL,NULL,2026-10-07,税込,通常料金・プロバイダー込み。キャンペーン・スマホ割を除く,ブロードバンドユニバーサルサービス料・追加工事・任意オプション等は別途。適用額は公式で確認,NULL,永年割引表示と定価の分離を要確認,excite-classic,BB.excite光 Classic,エキサイト,https://bb.excite.co.jp/bbhikari/,https://bb.excite.co.jp/bbhikari/,https://bb.excite.co.jp/bbhikari/|https://image.excite.co.jp/jp/bbe/collabo/guidance/bbhikari.pdf|https://bb.excite.co.jp/bbhikari/classic/,https://bb.excite.co.jp/bbhikari/classic/,https://bb.excite.co.jp/bbhikari/|https://image.excite.co.jp/jp/bbe/collabo/guidance/bbhikari.pdf,https://bb.excite.co.jp/bbhikari/,1ギガ 定額,apartment,1000,1000,3696,excite-classic-fed9d7a03b,verified,NULL,NULL,NULL,NULL,NULL,https://image.excite.co.jp/jp/bbe/collabo/guidance/bbhikari.pdf,2026-10-07,verified,技術規格上の最大値。実効速度の保証ではありません。 1Gの数値はギガ対応回線の最大仕様。建物・配線・東西エリア・回線品目によって100/200Mbps等になる場合あり。,NULL,NULL,2026-10-07,公式Classicの定額料金を確認。任意Wi-Fiルーター代は基本料と分離,エキサイト,resolved,公式Classicの定額料金を確認。任意Wi-Fiルーター代は基本料と分離,2026-10-07,https://bb.excite.co.jp/bbhikari/classic/
全国（設備・地域により対象外）,光コラボ,fixed,FTTH,true,active,NULL,NULL,false,transix（IPoE）,BB.exciteモバイル音声SIM1枚につき220円（最大5枚）,その他,NULL,NULL,NULL,NULL,NULL,NULL,NULL,NULL,0,0,NULL,工事内容・配線状況により変動。未確認額はNULL,0,0,0,0,NULL,NULL,NULL,NULL,要確認（通常月額に含めない）,NULL,NULL,NULL,2026-10-07,税込,通常料金・プロバイダー込み。キャンペーン・スマホ割を除く,ブロードバンドユニバーサルサービス料・追加工事・任意オプション等は別途。適用額は公式で確認,NULL,10G対応ルーターを利用者が用意。任意レンタル代・購入代は別途。初期費用0円は通常設定で、キャンペーン工事費相殺と区別。,excite-10g,BB.excite光 10G,エキサイト,https://bb.excite.co.jp/10g/,https://bb.excite.co.jp/bbhikari/,https://bb.excite.co.jp/10g/,https://bb.excite.co.jp/10g/,https://bb.excite.co.jp/bbhikari/,https://bb.excite.co.jp/10g/,10ギガ 定額,house,10000,10000,4730,excite-10g-d966d6a5d7,verified,NULL,NULL,NULL,NULL,NULL,NULL,NULL,previously_recorded,NULL,NULL,NULL,2026-10-07,通常基本料・初期費用なし・縛りなしを公式再確認,エキサイト,NULL,NULL,NULL,NULL
全国（設備・地域により対象外）,光コラボ,fixed,FTTH,true,active,NULL,NULL,false,transix（IPoE）,BB.exciteモバイル音声SIM1枚につき220円（最大5枚）,その他,NULL,NULL,NULL,NULL,NULL,NULL,NULL,NULL,0,0,NULL,工事内容・配線状況により変動。未確認額はNULL,0,0,0,0,NULL,NULL,NULL,NULL,要確認（通常月額に含めない）,NULL,NULL,NULL,2026-10-07,税込,通常料金・プロバイダー込み。キャンペーン・スマホ割を除く,ブロードバンドユニバーサルサービス料・追加工事・任意オプション等は別途。適用額は公式で確認,NULL,10G対応ルーターを利用者が用意。任意レンタル代・購入代は別途。初期費用0円は通常設定で、キャンペーン工事費相殺と区別。,excite-10g,BB.excite光 10G,エキサイト,https://bb.excite.co.jp/10g/,https://bb.excite.co.jp/bbhikari/,https://bb.excite.co.jp/10g/,https://bb.excite.co.jp/10g/,https://bb.excite.co.jp/bbhikari/,https://bb.excite.co.jp/10g/,10ギガ 定額,apartment,10000,10000,4730,excite-10g-26f53d78af,verified,NULL,NULL,NULL,NULL,NULL,NULL,NULL,previously_recorded,NULL,NULL,NULL,2026-10-07,通常基本料・初期費用なし・縛りなしを公式再確認,エキサイト,NULL,NULL,NULL,NULL
全国（設備・地域により対象外）,光コラボ,fixed,FTTH,true,active,NULL,NULL,false,1G：有料オプション198円/月、10G：標準,勝手に割り：対象回線契約で回線月額110円割引,UQ mobile|povo|ahamo,110,0,fixed,NULL,NULL,NULL,NULL,NULL,3300,16500,16500,無派遣2200円／配線新設なし8360円／配線新設あり16500円。通常工事費は方式決定後に確定,0,0,0,0,NULL,NULL,NULL,NULL,新規基本工事費無料キャンペーン中（終了日・適用条件は公式再確認）,NULL,NULL,NULL,2026-10-07,税込,通常料金・プロバイダー込み。キャンペーン・スマホ割を除く,ブロードバンドユニバーサルサービス料・追加工事・任意オプション等は別途。適用額は公式で確認,NULL,集合住宅でもNTT東4世帯未満・西6世帯未満や設備未導入の場合は戸建て料金になることあり。IPv6オプション198円/月・任意機器は別。,en,enひかり,縁人,https://enhikari.jp/,https://enhikari.jp/,https://www.enhikari.jp/,https://www.enhikari.jp/,https://enhikari.jp/|https://www.enhikari.jp/document/jyuuyoujikou.pdf,https://enhikari.jp/,1ギガ,house,1000,1000,4620,en-0279a86cd2,verified,198,NULL,NULL,NULL,NULL,https://www.enhikari.jp/document/jyuuyoujikou.pdf,2026-10-07,verified,技術規格上の最大値。実効速度の保証ではありません。 1Gの数値はギガ対応回線の最大仕様。建物・配線・東西エリア・回線品目によって100/200Mbps等になる場合あり。,NULL,NULL,2026-10-07,通常月額と任意機器・IPv6条件を公式再確認,縁人,NULL,NULL,NULL,NULL
全国（設備・地域により対象外）,光コラボ,fixed,FTTH,true,active,NULL,NULL,false,1G：有料オプション198円/月、10G：標準,勝手に割り：対象回線契約で回線月額110円割引,UQ mobile|povo|ahamo,110,0,fixed,NULL,NULL,NULL,NULL,NULL,3300,16500,16500,無派遣2200円／配線新設なし8360円／配線新設あり16500円。通常工事費は方式決定後に確定,0,0,0,0,NULL,NULL,NULL,NULL,新規基本工事費無料キャンペーン中（終了日・適用条件は公式再確認）,NULL,NULL,NULL,2026-10-07,税込,通常料金・プロバイダー込み。キャンペーン・スマホ割を除く,ブロードバンドユニバーサルサービス料・追加工事・任意オプション等は別途。適用額は公式で確認,NULL,集合住宅でもNTT東4世帯未満・西6世帯未満や設備未導入の場合は戸建て料金になることあり。IPv6オプション198円/月・任意機器は別。,en,enひかり,縁人,https://enhikari.jp/,https://enhikari.jp/,https://www.enhikari.jp/,https://www.enhikari.jp/,https://enhikari.jp/|https://www.enhikari.jp/document/jyuuyoujikou.pdf,https://enhikari.jp/,1ギガ,apartment,1000,1000,3520,en-7148942e90,verified,198,NULL,NULL,NULL,NULL,https://www.enhikari.jp/document/jyuuyoujikou.pdf,2026-10-07,verified,技術規格上の最大値。実効速度の保証ではありません。 1Gの数値はギガ対応回線の最大仕様。建物・配線・東西エリア・回線品目によって100/200Mbps等になる場合あり。,NULL,NULL,2026-10-07,通常月額と任意機器・IPv6条件を公式再確認,縁人,NULL,NULL,NULL,NULL
全国（設備・地域により対象外）,光コラボ,fixed,FTTH,true,active,NULL,NULL,false,IPv6 IPoE・IPv4 over IPv6（事業者指定）,勝手に割り対象外,NULL,0,0,NULL,NULL,NULL,NULL,NULL,NULL,3300,NULL,16500,派遣工事16500円・無派遣2200円。工事方式未確定のため通常工事費はNULL,0,0,0,0,NULL,NULL,NULL,NULL,新規10G開通工事費無料キャンペーン。終了日未定。通常月額と別管理,NULL,NULL,NULL,2026-10-07,税込,通常料金・プロバイダー込み。キャンペーン・スマホ割を除く,ブロードバンドユニバーサルサービス料・追加工事・任意オプション等は別途。適用額は公式で確認,NULL,2027年1月時点の契約回線数次第で月額見直し予定（上限5445円）。対応ルーターは利用者が用意、任意レンタル550円/月。お任せISPはVNE変更の可能性あり。,en,enひかり,縁人,https://www.enhikari.jp/cross.html,https://enhikari.jp/,https://www.enhikari.jp/cross.html,https://www.enhikari.jp/cross.html,https://www.enhikari.jp/cross.html,https://www.enhikari.jp/cross.html,クロス 10ギガ with お任せISP,house,10000,10000,4700,en-3ac4e5643b,verified,NULL,NULL,NULL,NULL,NULL,https://www.enhikari.jp/cross.html,2026-10-07,verified,上下最大概ね10Gbps（技術規格値）,NULL,NULL,2026-10-07,通常月額と任意機器・IPv6条件を公式再確認,縁人,NULL,NULL,NULL,NULL
全国（設備・地域により対象外）,光コラボ,fixed,FTTH,true,active,NULL,NULL,false,IPv6 IPoE・IPv4 over IPv6（事業者指定）,勝手に割り対象外,NULL,0,0,NULL,NULL,NULL,NULL,NULL,NULL,3300,NULL,16500,派遣工事16500円・無派遣2200円。工事方式未確定のため通常工事費はNULL,0,0,0,0,NULL,NULL,NULL,NULL,新規10G開通工事費無料キャンペーン。終了日未定。通常月額と別管理,NULL,NULL,NULL,2026-10-07,税込,通常料金・プロバイダー込み。キャンペーン・スマホ割を除く,ブロードバンドユニバーサルサービス料・追加工事・任意オプション等は別途。適用額は公式で確認,NULL,2027年1月時点の契約回線数次第で月額見直し予定（上限5445円）。対応ルーターは利用者が用意、任意レンタル550円/月。お任せISPはVNE変更の可能性あり。,en,enひかり,縁人,https://www.enhikari.jp/cross.html,https://enhikari.jp/,https://www.enhikari.jp/cross.html,https://www.enhikari.jp/cross.html,https://www.enhikari.jp/cross.html,https://www.enhikari.jp/cross.html,クロス 10ギガ with お任せISP,apartment,10000,10000,4700,en-f227c50ece,verified,NULL,NULL,NULL,NULL,NULL,https://www.enhikari.jp/cross.html,2026-10-07,verified,上下最大概ね10Gbps（技術規格値）,NULL,NULL,2026-10-07,通常月額と任意機器・IPv6条件を公式再確認,縁人,NULL,NULL,NULL,NULL
全国（設備・地域により対象外）,光コラボ,fixed,FTTH,true,active,NULL,NULL,false,v6プラス,要確認,NULL,NULL,NULL,NULL,NULL,NULL,NULL,NULL,NULL,NULL,16500,NULL,工事内容・配線状況により変動。未確認額はNULL,0,0,0,0,NULL,NULL,NULL,NULL,要確認（通常月額に含めない）,NULL,夜間ヘビーユーザーの速度制御あり,NULL,2026-10-07,税込,通常料金・プロバイダー込み。キャンペーン・スマホ割を除く,ブロードバンドユニバーサルサービス料・追加工事・任意オプション等は別途。適用額は公式で確認,NULL,v6プラス対応ルーターを利用者が用意。専用帯域で混雑時に公平制御あり。通常帯域オプション630円/月は任意。建物設備により最大100Mbps。,en-lite,enひかりLite,縁人,https://enhikari.jp/lite.html,https://enhikari.jp/lite.html,https://enhikari.jp/lite.html,https://enhikari.jp/lite.html,https://enhikari.jp/lite.html,https://enhikari.jp/lite.html,1ギガ Lite,house,1000,1000,4370,en-lite-c850dde0a1,verified,NULL,NULL,NULL,NULL,NULL,https://enhikari.jp/lite.html,2026-10-07,verified,技術規格上の最大値。実効速度の保証ではありません。 1Gの数値はギガ対応回線の最大仕様。建物・配線・東西エリア・回線品目によって100/200Mbps等になる場合あり。,NULL,NULL,2026-10-07,通常月額と任意機器・IPv6条件を公式再確認,縁人,NULL,NULL,NULL,NULL
全国（設備・地域により対象外）,光コラボ,fixed,FTTH,true,active,NULL,NULL,false,v6プラス,要確認,NULL,NULL,NULL,NULL,NULL,NULL,NULL,NULL,NULL,NULL,16500,NULL,工事内容・配線状況により変動。未確認額はNULL,0,0,0,0,NULL,NULL,NULL,NULL,要確認（通常月額に含めない）,NULL,夜間ヘビーユーザーの速度制御あり,NULL,2026-10-07,税込,通常料金・プロバイダー込み。キャンペーン・スマホ割を除く,ブロードバンドユニバーサルサービス料・追加工事・任意オプション等は別途。適用額は公式で確認,NULL,v6プラス対応ルーターを利用者が用意。専用帯域で混雑時に公平制御あり。通常帯域オプション630円/月は任意。建物設備により最大100Mbps。,en-lite,enひかりLite,縁人,https://enhikari.jp/lite.html,https://enhikari.jp/lite.html,https://enhikari.jp/lite.html,https://enhikari.jp/lite.html,https://enhikari.jp/lite.html,https://enhikari.jp/lite.html,1ギガ Lite,apartment,1000,1000,3270,en-lite-5086c4480b,verified,NULL,NULL,NULL,NULL,NULL,https://enhikari.jp/lite.html,2026-10-07,verified,技術規格上の最大値。実効速度の保証ではありません。 1Gの数値はギガ対応回線の最大仕様。建物・配線・東西エリア・回線品目によって100/200Mbps等になる場合あり。,NULL,NULL,2026-10-07,通常月額と任意機器・IPv6条件を公式再確認,縁人,NULL,NULL,NULL,NULL
全国（設備・地域により対象外）,光コラボ,fixed,FTTH,true,active,NULL,NULL,false,1G：165円/月のオプション条件、10G：要確認,要確認,NULL,NULL,NULL,NULL,NULL,NULL,NULL,NULL,NULL,NULL,22000,NULL,工事内容・配線状況により変動。未確認額はNULL,0,0,0,0,NULL,NULL,NULL,NULL,要確認（通常月額に含めない）,NULL,NULL,NULL,2026-10-07,税込,通常料金・プロバイダー込み。キャンペーン・スマホ割を除く,ブロードバンドユニバーサルサービス料・追加工事・任意オプション等は別途。適用額は公式で確認,NULL,,otegaru,おてがる光,エクスゲート,https://otegal.jp/,https://otegal.jp#areaform,https://otegal.jp/,https://otegal.jp/,https://otegal.jp/,https://otegal.jp/,1ギガ,house,1000,NULL,4708,otegaru-0279a86cd2,verified,165,NULL,NULL,NULL,NULL,NULL,2026-10-07,rechecked_unresolved,公式サービス・料金ページと公式サイト検索を再調査しましたが、このレコードに適用する上り最大値を確定できませんでした。下りと同じ値では埋めていません。,NULL,NULL,NULL,NULL,エクスゲート,NULL,NULL,NULL,NULL
全国（設備・地域により対象外）,光コラボ,fixed,FTTH,true,active,NULL,NULL,false,1G：165円/月のオプション条件、10G：要確認,要確認,NULL,NULL,NULL,NULL,NULL,NULL,NULL,NULL,NULL,NULL,22000,NULL,工事内容・配線状況により変動。未確認額はNULL,0,0,0,0,NULL,NULL,NULL,NULL,要確認（通常月額に含めない）,NULL,NULL,NULL,2026-10-07,税込,通常料金・プロバイダー込み。キャンペーン・スマホ割を除く,ブロードバンドユニバーサルサービス料・追加工事・任意オプション等は別途。適用額は公式で確認,NULL,,otegaru,おてがる光,エクスゲート,https://otegal.jp/,https://otegal.jp#areaform,https://otegal.jp/,https://otegal.jp/,https://otegal.jp/,https://otegal.jp/,1ギガ,apartment,1000,NULL,3608,otegaru-7148942e90,verified,165,NULL,NULL,NULL,NULL,NULL,2026-10-07,rechecked_unresolved,公式サービス・料金ページと公式サイト検索を再調査しましたが、このレコードに適用する上り最大値を確定できませんでした。下りと同じ値では埋めていません。,NULL,NULL,NULL,NULL,エクスゲート,NULL,NULL,NULL,NULL
全国（設備・地域により対象外）,光コラボ,fixed,FTTH,true,active,NULL,NULL,false,1G：165円/月のオプション条件、10G：要確認,要確認,NULL,NULL,NULL,NULL,NULL,NULL,NULL,NULL,NULL,NULL,26400,NULL,工事内容・配線状況により変動。未確認額はNULL,0,0,0,0,NULL,NULL,NULL,NULL,要確認（通常月額に含めない）,NULL,NULL,NULL,2026-10-07,税込,通常料金・プロバイダー込み。キャンペーン・スマホ割を除く,ブロードバンドユニバーサルサービス料・追加工事・任意オプション等は別途。適用額は公式で確認,NULL,,otegaru,おてがる光,エクスゲート,https://otegal.jp/,https://otegal.jp#areaform,https://otegal.jp/,https://otegal.jp/,https://otegal.jp/,https://otegal.jp/,クロス 10ギガ,house,10000,NULL,6160,otegaru-3ac4e5643b,verified,NULL,NULL,NULL,NULL,NULL,NULL,2026-10-07,rechecked_unresolved,公式サービス・料金ページと公式サイト検索を再調査しましたが、このレコードに適用する上り最大値を確定できませんでした。下りと同じ値では埋めていません。,NULL,NULL,NULL,NULL,エクスゲート,NULL,NULL,NULL,NULL
全国（設備・地域により対象外）,光コラボ,fixed,FTTH,true,active,NULL,NULL,false,1G：165円/月のオプション条件、10G：要確認,要確認,NULL,NULL,NULL,NULL,NULL,NULL,NULL,NULL,NULL,NULL,26400,NULL,工事内容・配線状況により変動。未確認額はNULL,0,0,0,0,NULL,NULL,NULL,NULL,要確認（通常月額に含めない）,NULL,NULL,NULL,2026-10-07,税込,通常料金・プロバイダー込み。キャンペーン・スマホ割を除く,ブロードバンドユニバーサルサービス料・追加工事・任意オプション等は別途。適用額は公式で確認,NULL,,otegaru,おてがる光,エクスゲート,https://otegal.jp/,https://otegal.jp#areaform,https://otegal.jp/,https://otegal.jp/,https://otegal.jp/,https://otegal.jp/,クロス 10ギガ,apartment,10000,NULL,6160,otegaru-f227c50ece,verified,NULL,NULL,NULL,NULL,NULL,NULL,2026-10-07,rechecked_unresolved,公式サービス・料金ページと公式サイト検索を再調査しましたが、このレコードに適用する上り最大値を確定できませんでした。下りと同じ値では埋めていません。,NULL,NULL,NULL,NULL,エクスゲート,NULL,NULL,NULL,NULL
全国（設備・地域により対象外）,光コラボ,fixed,FTTH,true,active,NULL,NULL,false,IPoE対応,"AsahiNet 光×auセット割：対象プランごとに回線料金最大1,200円割引",au,1200,0,fixed,NULL,NULL,NULL,NULL,NULL,880,22000,NULL,工事内容・配線状況により変動。未確認額はNULL,NULL,NULL,0,0,NULL,NULL,NULL,NULL,要確認（通常月額に含めない）,NULL,NULL,NULL,2026-10-07,税込,通常料金・プロバイダー込み。キャンペーン・スマホ割を除く,ブロードバンドユニバーサルサービス料・追加工事・任意オプション等は別途。適用額は公式で確認,NULL,,asahi,AsahiNet 光,ASAHIネット,https://asahi-net.jp/service/ftth/hikari/,https://asahi-net.jp/service/ftth/hikari/,https://asahi-net.jp/service/ftth/hikari/|https://asahi-net.jp/support/account/pdf/important/asahinethikari_asahi-web_now.pdf,https://asahi-net.jp/service/ftth/hikari/,https://asahi-net.jp/service/ftth/hikari/|https://asahi-net.jp/support/account/pdf/important/asahinethikari_asahi-web_now.pdf,https://asahi-net.jp/service/ftth/hikari/,1ギガ,house,1000,1000,5698,asahi-0279a86cd2,verified,NULL,NULL,NULL,NULL,NULL,https://asahi-net.jp/support/account/pdf/important/asahinethikari_asahi-web_now.pdf,2026-10-07,verified,技術規格上の最大値。実効速度の保証ではありません。 1Gの数値はギガ対応回線の最大仕様。建物・配線・東西エリア・回線品目によって100/200Mbps等になる場合あり。,NULL,NULL,NULL,NULL,ASAHIネット,NULL,NULL,NULL,NULL
全国（設備・地域により対象外）,光コラボ,fixed,FTTH,true,active,NULL,NULL,false,IPoE対応,"AsahiNet 光×auセット割：対象プランごとに回線料金最大1,200円割引",au,1200,0,fixed,NULL,NULL,NULL,NULL,NULL,880,22000,NULL,工事内容・配線状況により変動。未確認額はNULL,NULL,NULL,0,0,NULL,NULL,NULL,NULL,要確認（通常月額に含めない）,NULL,NULL,NULL,2026-10-07,税込,通常料金・プロバイダー込み。キャンペーン・スマホ割を除く,ブロードバンドユニバーサルサービス料・追加工事・任意オプション等は別途。適用額は公式で確認,NULL,,asahi,AsahiNet 光,ASAHIネット,https://asahi-net.jp/service/ftth/hikari/,https://asahi-net.jp/service/ftth/hikari/,https://asahi-net.jp/service/ftth/hikari/|https://asahi-net.jp/support/account/pdf/important/asahinethikari_asahi-web_now.pdf,https://asahi-net.jp/service/ftth/hikari/,https://asahi-net.jp/service/ftth/hikari/|https://asahi-net.jp/support/account/pdf/important/asahinethikari_asahi-web_now.pdf,https://asahi-net.jp/service/ftth/hikari/,1ギガ,apartment,1000,1000,4488,asahi-7148942e90,verified,NULL,NULL,NULL,NULL,NULL,https://asahi-net.jp/support/account/pdf/important/asahinethikari_asahi-web_now.pdf,2026-10-07,verified,技術規格上の最大値。実効速度の保証ではありません。 1Gの数値はギガ対応回線の最大仕様。建物・配線・東西エリア・回線品目によって100/200Mbps等になる場合あり。,NULL,NULL,NULL,NULL,ASAHIネット,NULL,NULL,NULL,NULL
全国（設備・地域により対象外）,光コラボ,fixed,FTTH,true,active,NULL,NULL,false,IPoE対応,"AsahiNet 光×auセット割：対象プランごとに回線料金最大1,200円割引",au,1200,0,fixed,NULL,NULL,NULL,NULL,NULL,880,23650,NULL,工事内容・配線状況により変動。未確認額はNULL,NULL,NULL,0,0,NULL,NULL,NULL,NULL,要確認（通常月額に含めない）,NULL,NULL,NULL,2026-10-07,税込,通常料金・プロバイダー込み。キャンペーン・スマホ割を除く,ブロードバンドユニバーサルサービス料・追加工事・任意オプション等は別途。適用額は公式で確認,NULL,,asahi,AsahiNet 光,ASAHIネット,https://asahi-net.jp/service/ftth/hikari/,https://asahi-net.jp/service/ftth/hikari/,https://asahi-net.jp/service/ftth/hikari/|https://asahi-net.jp/support/account/pdf/important/asahinethikari_asahi-web_now.pdf,https://asahi-net.jp/service/ftth/hikari/,https://asahi-net.jp/service/ftth/hikari/|https://asahi-net.jp/support/account/pdf/important/asahinethikari_asahi-web_now.pdf,https://asahi-net.jp/service/ftth/hikari/,クロス 10ギガ,house,10000,10000,7128,asahi-3ac4e5643b,verified,NULL,NULL,NULL,NULL,NULL,https://asahi-net.jp/support/account/pdf/important/asahinethikari_asahi-web_now.pdf,2026-10-07,verified,技術規格上の最大値。実効速度の保証ではありません。 1Gの数値はギガ対応回線の最大仕様。建物・配線・東西エリア・回線品目によって100/200Mbps等になる場合あり。,NULL,NULL,NULL,NULL,ASAHIネット,NULL,NULL,NULL,NULL
全国（設備・地域により対象外）,光コラボ,fixed,FTTH,true,active,NULL,NULL,false,IPoE対応,"AsahiNet 光×auセット割：対象プランごとに回線料金最大1,200円割引",au,1200,0,fixed,NULL,NULL,NULL,NULL,NULL,880,23650,NULL,工事内容・配線状況により変動。未確認額はNULL,NULL,NULL,0,0,NULL,NULL,NULL,NULL,要確認（通常月額に含めない）,NULL,NULL,NULL,2026-10-07,税込,通常料金・プロバイダー込み。キャンペーン・スマホ割を除く,ブロードバンドユニバーサルサービス料・追加工事・任意オプション等は別途。適用額は公式で確認,NULL,,asahi,AsahiNet 光,ASAHIネット,https://asahi-net.jp/service/ftth/hikari/,https://asahi-net.jp/service/ftth/hikari/,https://asahi-net.jp/service/ftth/hikari/|https://asahi-net.jp/support/account/pdf/important/asahinethikari_asahi-web_now.pdf,https://asahi-net.jp/service/ftth/hikari/,https://asahi-net.jp/service/ftth/hikari/|https://asahi-net.jp/support/account/pdf/important/asahinethikari_asahi-web_now.pdf,https://asahi-net.jp/service/ftth/hikari/,クロス 10ギガ,apartment,10000,10000,7128,asahi-f227c50ece,verified,NULL,NULL,NULL,NULL,NULL,https://asahi-net.jp/support/account/pdf/important/asahinethikari_asahi-web_now.pdf,2026-10-07,verified,技術規格上の最大値。実効速度の保証ではありません。 1Gの数値はギガ対応回線の最大仕様。建物・配線・東西エリア・回線品目によって100/200Mbps等になる場合あり。,NULL,NULL,NULL,NULL,ASAHIネット,NULL,NULL,NULL,NULL
全国（設備・地域により対象外）,光コラボ,fixed,FTTH,true,active,NULL,NULL,false,IPoE対応（無料）,IIJmioとのmio割：回線月額660円割引,その他,660,0,fixed,NULL,NULL,NULL,NULL,NULL,NULL,NULL,NULL,工事内容・配線状況により変動。未確認額はNULL,24,NULL,0,0,NULL,NULL,NULL,NULL,要確認（通常月額に含めない）,NULL,NULL,NULL,2026-10-07,税込,通常料金・プロバイダー込み。キャンペーン・スマホ割を除く,ブロードバンドユニバーサルサービス料・追加工事・任意オプション等は別途。適用額は公式で確認,NULL,,iij,IIJmioひかり,IIJ,https://www.iijmio.jp/imh/,https://www.iijmio.jp/imh/,https://www.iijmio.jp/imh/|https://www.iijmio.jp/resources/WebContent/imh/start/img/start.pdf,https://www.iijmio.jp/imh/,https://www.iijmio.jp/imh/|https://www.iijmio.jp/resources/WebContent/imh/start/img/start.pdf,https://www.iijmio.jp/imh/,1ギガ,house,1000,1000,5456,iij-0279a86cd2,verified,NULL,NULL,NULL,NULL,NULL,https://www.iijmio.jp/resources/WebContent/imh/start/img/start.pdf,2026-10-07,verified,技術規格上の最大値。実効速度の保証ではありません。 1Gの数値はギガ対応回線の最大仕様。建物・配線・東西エリア・回線品目によって100/200Mbps等になる場合あり。,NULL,NULL,NULL,NULL,IIJ,NULL,NULL,NULL,NULL
全国（設備・地域により対象外）,光コラボ,fixed,FTTH,true,active,NULL,NULL,false,IPoE対応（無料）,IIJmioとのmio割：回線月額660円割引,その他,660,0,fixed,NULL,NULL,NULL,NULL,NULL,NULL,NULL,NULL,工事内容・配線状況により変動。未確認額はNULL,24,NULL,0,0,NULL,NULL,NULL,NULL,要確認（通常月額に含めない）,NULL,NULL,NULL,2026-10-07,税込,通常料金・プロバイダー込み。キャンペーン・スマホ割を除く,ブロードバンドユニバーサルサービス料・追加工事・任意オプション等は別途。適用額は公式で確認,NULL,,iij,IIJmioひかり,IIJ,https://www.iijmio.jp/imh/,https://www.iijmio.jp/imh/,https://www.iijmio.jp/imh/|https://www.iijmio.jp/resources/WebContent/imh/start/img/start.pdf,https://www.iijmio.jp/imh/,https://www.iijmio.jp/imh/|https://www.iijmio.jp/resources/WebContent/imh/start/img/start.pdf,https://www.iijmio.jp/imh/,1ギガ,apartment,1000,1000,4356,iij-7148942e90,verified,NULL,NULL,NULL,NULL,NULL,https://www.iijmio.jp/resources/WebContent/imh/start/img/start.pdf,2026-10-07,verified,技術規格上の最大値。実効速度の保証ではありません。 1Gの数値はギガ対応回線の最大仕様。建物・配線・東西エリア・回線品目によって100/200Mbps等になる場合あり。,NULL,NULL,NULL,NULL,IIJ,NULL,NULL,NULL,NULL
全国（設備・地域により対象外）,光コラボ,fixed,FTTH,true,active,NULL,NULL,false,IPoE対応（無料）,IIJmioとのmio割：回線月額660円割引,その他,660,0,fixed,NULL,NULL,NULL,NULL,NULL,NULL,NULL,NULL,工事内容・配線状況により変動。未確認額はNULL,24,NULL,0,0,NULL,NULL,NULL,NULL,要確認（通常月額に含めない）,NULL,NULL,NULL,2026-10-07,税込,通常料金・プロバイダー込み。キャンペーン・スマホ割を除く,ブロードバンドユニバーサルサービス料・追加工事・任意オプション等は別途。適用額は公式で確認,NULL,,iij,IIJmioひかり,IIJ,https://www.iijmio.jp/imh/,https://www.iijmio.jp/imh/,https://www.iijmio.jp/imh/|https://www.iijmio.jp/resources/WebContent/imh/start/img/start.pdf,https://www.iijmio.jp/imh/,https://www.iijmio.jp/imh/|https://www.iijmio.jp/resources/WebContent/imh/start/img/start.pdf,https://www.iijmio.jp/imh/,10ギガ,house,10000,10000,6380,iij-9d7373fa30,verified,NULL,NULL,NULL,NULL,NULL,https://www.iijmio.jp/resources/WebContent/imh/start/img/start.pdf,2026-10-07,verified,技術規格上の最大値。実効速度の保証ではありません。 1Gの数値はギガ対応回線の最大仕様。建物・配線・東西エリア・回線品目によって100/200Mbps等になる場合あり。,NULL,NULL,NULL,NULL,IIJ,NULL,NULL,NULL,NULL
全国（設備・地域により対象外）,光コラボ,fixed,FTTH,true,active,NULL,NULL,false,IPoE対応（無料）,IIJmioとのmio割：回線月額660円割引,その他,660,0,fixed,NULL,NULL,NULL,NULL,NULL,NULL,NULL,NULL,工事内容・配線状況により変動。未確認額はNULL,24,NULL,0,0,NULL,NULL,NULL,NULL,要確認（通常月額に含めない）,NULL,NULL,NULL,2026-10-07,税込,通常料金・プロバイダー込み。キャンペーン・スマホ割を除く,ブロードバンドユニバーサルサービス料・追加工事・任意オプション等は別途。適用額は公式で確認,NULL,,iij,IIJmioひかり,IIJ,https://www.iijmio.jp/imh/,https://www.iijmio.jp/imh/,https://www.iijmio.jp/imh/|https://www.iijmio.jp/resources/WebContent/imh/start/img/start.pdf,https://www.iijmio.jp/imh/,https://www.iijmio.jp/imh/|https://www.iijmio.jp/resources/WebContent/imh/start/img/start.pdf,https://www.iijmio.jp/imh/,10ギガ,apartment,10000,10000,6380,iij-f287974095,verified,NULL,NULL,NULL,NULL,NULL,https://www.iijmio.jp/resources/WebContent/imh/start/img/start.pdf,2026-10-07,verified,技術規格上の最大値。実効速度の保証ではありません。 1Gの数値はギガ対応回線の最大仕様。建物・配線・東西エリア・回線品目によって100/200Mbps等になる場合あり。,NULL,NULL,NULL,NULL,IIJ,NULL,NULL,NULL,NULL
全国（設備・地域により対象外）,光コラボ,fixed,FTTH,true,active,NULL,NULL,false,IPoE対応,au対象プラン・DTI SIMのセット割条件を確認,au|その他,NULL,NULL,NULL,NULL,NULL,NULL,NULL,NULL,NULL,NULL,NULL,工事内容・配線状況により変動。未確認額はNULL,0,0,0,0,NULL,NULL,NULL,NULL,要確認（通常月額に含めない）,NULL,NULL,NULL,2026-10-07,税込,通常料金・プロバイダー込み。キャンペーン・スマホ割を除く,ブロードバンドユニバーサルサービス料・追加工事・任意オプション等は別途。適用額は公式で確認,NULL,,dti,DTI光,DTI,https://dream.jp/ftth/dti/,https://dream.jp/ftth/dti/,https://dream.jp/ftth/dti/,https://dream.jp/ftth/dti/,https://dream.jp/ftth/dti/,https://dream.jp/ftth/dti/,1ギガ,house,1000,NULL,5280,dti-0279a86cd2,verified,NULL,NULL,NULL,NULL,NULL,NULL,2026-10-07,rechecked_unresolved,公式サービス・料金ページと公式サイト検索を再調査しましたが、このレコードに適用する上り最大値を確定できませんでした。下りと同じ値では埋めていません。,NULL,NULL,NULL,NULL,DTI,NULL,NULL,NULL,NULL
全国（設備・地域により対象外）,光コラボ,fixed,FTTH,true,active,NULL,NULL,false,IPoE対応,au対象プラン・DTI SIMのセット割条件を確認,au|その他,NULL,NULL,NULL,NULL,NULL,NULL,NULL,NULL,NULL,NULL,NULL,工事内容・配線状況により変動。未確認額はNULL,0,0,0,0,NULL,NULL,NULL,NULL,要確認（通常月額に含めない）,NULL,NULL,NULL,2026-10-07,税込,通常料金・プロバイダー込み。キャンペーン・スマホ割を除く,ブロードバンドユニバーサルサービス料・追加工事・任意オプション等は別途。適用額は公式で確認,NULL,,dti,DTI光,DTI,https://dream.jp/ftth/dti/,https://dream.jp/ftth/dti/,https://dream.jp/ftth/dti/,https://dream.jp/ftth/dti/,https://dream.jp/ftth/dti/,https://dream.jp/ftth/dti/,1ギガ,apartment,1000,NULL,3960,dti-7148942e90,verified,NULL,NULL,NULL,NULL,NULL,NULL,2026-10-07,rechecked_unresolved,公式サービス・料金ページと公式サイト検索を再調査しましたが、このレコードに適用する上り最大値を確定できませんでした。下りと同じ値では埋めていません。,NULL,NULL,NULL,NULL,DTI,NULL,NULL,NULL,NULL
全国（設備・地域により対象外）,光コラボ,fixed,FTTH,true,active,NULL,NULL,false,IPoE対応,au対象プラン・DTI SIMのセット割条件を確認,au|その他,NULL,NULL,NULL,NULL,NULL,NULL,NULL,NULL,NULL,NULL,NULL,工事内容・配線状況により変動。未確認額はNULL,0,0,0,0,NULL,NULL,NULL,NULL,要確認（通常月額に含めない）,NULL,NULL,NULL,2026-10-07,税込,通常料金・プロバイダー込み。キャンペーン・スマホ割を除く,ブロードバンドユニバーサルサービス料・追加工事・任意オプション等は別途。適用額は公式で確認,NULL,,dti,DTI光,DTI,https://dream.jp/ftth/dti/,https://dream.jp/ftth/dti/,https://dream.jp/ftth/dti/,https://dream.jp/ftth/dti/,https://dream.jp/ftth/dti/,https://dream.jp/ftth/dti/,10ギガ,house,10000,NULL,6380,dti-9d7373fa30,verified,NULL,NULL,NULL,NULL,NULL,NULL,2026-10-07,rechecked_unresolved,公式サービス・料金ページと公式サイト検索を再調査しましたが、このレコードに適用する上り最大値を確定できませんでした。下りと同じ値では埋めていません。,NULL,NULL,NULL,NULL,DTI,NULL,NULL,NULL,NULL
全国（設備・地域により対象外）,光コラボ,fixed,FTTH,true,active,NULL,NULL,false,IPoE対応,au対象プラン・DTI SIMのセット割条件を確認,au|その他,NULL,NULL,NULL,NULL,NULL,NULL,NULL,NULL,NULL,NULL,NULL,工事内容・配線状況により変動。未確認額はNULL,0,0,0,0,NULL,NULL,NULL,NULL,要確認（通常月額に含めない）,NULL,NULL,NULL,2026-10-07,税込,通常料金・プロバイダー込み。キャンペーン・スマホ割を除く,ブロードバンドユニバーサルサービス料・追加工事・任意オプション等は別途。適用額は公式で確認,NULL,,dti,DTI光,DTI,https://dream.jp/ftth/dti/,https://dream.jp/ftth/dti/,https://dream.jp/ftth/dti/,https://dream.jp/ftth/dti/,https://dream.jp/ftth/dti/,https://dream.jp/ftth/dti/,10ギガ,apartment,10000,NULL,6380,dti-f287974095,verified,NULL,NULL,NULL,NULL,NULL,NULL,2026-10-07,rechecked_unresolved,公式サービス・料金ページと公式サイト検索を再調査しましたが、このレコードに適用する上り最大値を確定できませんでした。下りと同じ値では埋めていません。,NULL,NULL,NULL,NULL,DTI,NULL,NULL,NULL,NULL
全国（設備・地域により対象外）,光コラボ,fixed,FTTH,true,active,NULL,NULL,false,IPv6対応,対象スマホ＋光電話等の加入条件を確認,au|UQ mobile,NULL,NULL,NULL,NULL,NULL,NULL,NULL,NULL,3300,22000,NULL,工事内容・配線状況により変動。未確認額はNULL,24,NULL,0,0,NULL,NULL,NULL,NULL,要確認（通常月額に含めない）,NULL,NULL,NULL,2026-10-07,税込,通常料金・プロバイダー込み。キャンペーン・スマホ割を除く,ブロードバンドユニバーサルサービス料・追加工事・任意オプション等は別途。適用額は公式で確認,NULL,,nifty,@nifty光,ニフティ,https://setsuzoku.nifty.com/niftyhikari/price/,https://setsuzoku.nifty.com/niftyhikari/price/,https://setsuzoku.nifty.com/niftyhikari/price/|https://setsuzoku.nifty.com/cs/niftyhikari-faq/10gb-detail/230317001162/,https://setsuzoku.nifty.com/niftyhikari/price/,https://setsuzoku.nifty.com/niftyhikari/price/|https://setsuzoku.nifty.com/cs/niftyhikari-faq/10gb-detail/230317001162/,https://setsuzoku.nifty.com/niftyhikari/price/,1ギガ 2年プラン(N),house,1000,1000,5720,nifty-35a408ff87,verified,NULL,NULL,NULL,NULL,NULL,https://setsuzoku.nifty.com/cs/niftyhikari-faq/10gb-detail/230317001162/,2026-10-07,verified,技術規格上の最大値。実効速度の保証ではありません。 1Gの数値はギガ対応回線の最大仕様。建物・配線・東西エリア・回線品目によって100/200Mbps等になる場合あり。,NULL,NULL,NULL,NULL,ニフティ,NULL,NULL,NULL,NULL
全国（設備・地域により対象外）,光コラボ,fixed,FTTH,true,active,NULL,NULL,false,IPv6対応,対象スマホ＋光電話等の加入条件を確認,au|UQ mobile,NULL,NULL,NULL,NULL,NULL,NULL,NULL,NULL,3300,22000,NULL,工事内容・配線状況により変動。未確認額はNULL,24,NULL,0,0,NULL,NULL,NULL,NULL,要確認（通常月額に含めない）,NULL,NULL,NULL,2026-10-07,税込,通常料金・プロバイダー込み。キャンペーン・スマホ割を除く,ブロードバンドユニバーサルサービス料・追加工事・任意オプション等は別途。適用額は公式で確認,NULL,,nifty,@nifty光,ニフティ,https://setsuzoku.nifty.com/niftyhikari/price/,https://setsuzoku.nifty.com/niftyhikari/price/,https://setsuzoku.nifty.com/niftyhikari/price/|https://setsuzoku.nifty.com/cs/niftyhikari-faq/10gb-detail/230317001162/,https://setsuzoku.nifty.com/niftyhikari/price/,https://setsuzoku.nifty.com/niftyhikari/price/|https://setsuzoku.nifty.com/cs/niftyhikari-faq/10gb-detail/230317001162/,https://setsuzoku.nifty.com/niftyhikari/price/,1ギガ 2年プラン(N),apartment,1000,1000,4378,nifty-8c7e8ea185,verified,NULL,NULL,NULL,NULL,NULL,https://setsuzoku.nifty.com/cs/niftyhikari-faq/10gb-detail/230317001162/,2026-10-07,verified,技術規格上の最大値。実効速度の保証ではありません。 1Gの数値はギガ対応回線の最大仕様。建物・配線・東西エリア・回線品目によって100/200Mbps等になる場合あり。,NULL,NULL,NULL,NULL,ニフティ,NULL,NULL,NULL,NULL
全国（設備・地域により対象外）,光コラボ,fixed,FTTH,true,active,NULL,NULL,false,IPv6対応,対象スマホ＋光電話等の加入条件を確認,au|UQ mobile,NULL,NULL,NULL,NULL,NULL,NULL,NULL,NULL,3300,22000,NULL,工事内容・配線状況により変動。未確認額はNULL,24,4840,0,0,NULL,NULL,NULL,NULL,要確認（通常月額に含めない）,NULL,NULL,NULL,2026-10-07,税込,通常料金・プロバイダー込み。キャンペーン・スマホ割を除く,ブロードバンドユニバーサルサービス料・追加工事・任意オプション等は別途。適用額は公式で確認,NULL,,nifty,@nifty光,ニフティ,https://setsuzoku.nifty.com/niftyhikari/price/,https://setsuzoku.nifty.com/niftyhikari/price/,https://setsuzoku.nifty.com/niftyhikari/price/|https://setsuzoku.nifty.com/cs/niftyhikari-faq/10gb-detail/230317001162/,https://setsuzoku.nifty.com/niftyhikari/price/,https://setsuzoku.nifty.com/niftyhikari/price/|https://setsuzoku.nifty.com/cs/niftyhikari-faq/10gb-detail/230317001162/,https://setsuzoku.nifty.com/niftyhikari/price/,10ギガ 2年プラン(N),house,10000,10000,6380,nifty-3aac9f3f28,verified,NULL,NULL,NULL,NULL,NULL,https://setsuzoku.nifty.com/cs/niftyhikari-faq/10gb-detail/230317001162/,2026-10-07,verified,技術規格上の最大値。実効速度の保証ではありません。 1Gの数値はギガ対応回線の最大仕様。建物・配線・東西エリア・回線品目によって100/200Mbps等になる場合あり。,NULL,NULL,NULL,NULL,ニフティ,NULL,NULL,NULL,NULL
全国（設備・地域により対象外）,光コラボ,fixed,FTTH,true,active,NULL,NULL,false,IPv6対応,対象スマホ＋光電話等の加入条件を確認,au|UQ mobile,NULL,NULL,NULL,NULL,NULL,NULL,NULL,NULL,3300,22000,NULL,工事内容・配線状況により変動。未確認額はNULL,24,4840,0,0,NULL,NULL,NULL,NULL,要確認（通常月額に含めない）,NULL,NULL,NULL,2026-10-07,税込,通常料金・プロバイダー込み。キャンペーン・スマホ割を除く,ブロードバンドユニバーサルサービス料・追加工事・任意オプション等は別途。適用額は公式で確認,NULL,,nifty,@nifty光,ニフティ,https://setsuzoku.nifty.com/niftyhikari/price/,https://setsuzoku.nifty.com/niftyhikari/price/,https://setsuzoku.nifty.com/niftyhikari/price/|https://setsuzoku.nifty.com/cs/niftyhikari-faq/10gb-detail/230317001162/,https://setsuzoku.nifty.com/niftyhikari/price/,https://setsuzoku.nifty.com/niftyhikari/price/|https://setsuzoku.nifty.com/cs/niftyhikari-faq/10gb-detail/230317001162/,https://setsuzoku.nifty.com/niftyhikari/price/,10ギガ 2年プラン(N),apartment,10000,10000,6380,nifty-2b434a0a6f,verified,NULL,NULL,NULL,NULL,NULL,https://setsuzoku.nifty.com/cs/niftyhikari-faq/10gb-detail/230317001162/,2026-10-07,verified,技術規格上の最大値。実効速度の保証ではありません。 1Gの数値はギガ対応回線の最大仕様。建物・配線・東西エリア・回線品目によって100/200Mbps等になる場合あり。,NULL,NULL,NULL,NULL,ニフティ,NULL,NULL,NULL,NULL
全国（設備・地域により対象外）,光コラボ,fixed,FTTH,true,active,NULL,NULL,false,IPv6対応,対象スマホ＋光電話等の加入条件を確認,au|UQ mobile,NULL,NULL,NULL,NULL,NULL,NULL,NULL,NULL,3300,22000,NULL,工事内容・配線状況により変動。未確認額はNULL,36,NULL,0,0,NULL,NULL,NULL,NULL,要確認（通常月額に含めない）,NULL,NULL,NULL,2026-10-07,税込,通常料金・プロバイダー込み。キャンペーン・スマホ割を除く,ブロードバンドユニバーサルサービス料・追加工事・任意オプション等は別途。適用額は公式で確認,NULL,,nifty,@nifty光,ニフティ,https://setsuzoku.nifty.com/niftyhikari/price/,https://setsuzoku.nifty.com/niftyhikari/price/,https://setsuzoku.nifty.com/niftyhikari/price/|https://setsuzoku.nifty.com/cs/niftyhikari-faq/10gb-detail/230317001162/,https://setsuzoku.nifty.com/niftyhikari/price/,https://setsuzoku.nifty.com/niftyhikari/price/|https://setsuzoku.nifty.com/cs/niftyhikari-faq/10gb-detail/230317001162/,https://setsuzoku.nifty.com/niftyhikari/price/,1ギガ 3年プラン(N),house,1000,1000,5720,nifty-6828152e8f,verified,NULL,NULL,NULL,NULL,NULL,https://setsuzoku.nifty.com/cs/niftyhikari-faq/10gb-detail/230317001162/,2026-10-07,verified,技術規格上の最大値。実効速度の保証ではありません。 1Gの数値はギガ対応回線の最大仕様。建物・配線・東西エリア・回線品目によって100/200Mbps等になる場合あり。,NULL,NULL,NULL,NULL,ニフティ,NULL,NULL,NULL,NULL
全国（設備・地域により対象外）,光コラボ,fixed,FTTH,true,active,NULL,NULL,false,IPv6対応,対象スマホ＋光電話等の加入条件を確認,au|UQ mobile,NULL,NULL,NULL,NULL,NULL,NULL,NULL,NULL,3300,22000,NULL,工事内容・配線状況により変動。未確認額はNULL,36,NULL,0,0,NULL,NULL,NULL,NULL,要確認（通常月額に含めない）,NULL,NULL,NULL,2026-10-07,税込,通常料金・プロバイダー込み。キャンペーン・スマホ割を除く,ブロードバンドユニバーサルサービス料・追加工事・任意オプション等は別途。適用額は公式で確認,NULL,,nifty,@nifty光,ニフティ,https://setsuzoku.nifty.com/niftyhikari/price/,https://setsuzoku.nifty.com/niftyhikari/price/,https://setsuzoku.nifty.com/niftyhikari/price/|https://setsuzoku.nifty.com/cs/niftyhikari-faq/10gb-detail/230317001162/,https://setsuzoku.nifty.com/niftyhikari/price/,https://setsuzoku.nifty.com/niftyhikari/price/|https://setsuzoku.nifty.com/cs/niftyhikari-faq/10gb-detail/230317001162/,https://setsuzoku.nifty.com/niftyhikari/price/,1ギガ 3年プラン(N),apartment,1000,1000,4378,nifty-a9d72265a6,verified,NULL,NULL,NULL,NULL,NULL,https://setsuzoku.nifty.com/cs/niftyhikari-faq/10gb-detail/230317001162/,2026-10-07,verified,技術規格上の最大値。実効速度の保証ではありません。 1Gの数値はギガ対応回線の最大仕様。建物・配線・東西エリア・回線品目によって100/200Mbps等になる場合あり。,NULL,NULL,NULL,NULL,ニフティ,NULL,NULL,NULL,NULL
全国（設備・地域により対象外）,光コラボ,fixed,FTTH,true,active,NULL,NULL,false,IPv6対応,対象スマホ＋光電話等の加入条件を確認,au|UQ mobile,NULL,NULL,NULL,NULL,NULL,NULL,NULL,NULL,3300,22000,NULL,工事内容・配線状況により変動。未確認額はNULL,36,4840,0,0,NULL,NULL,NULL,NULL,要確認（通常月額に含めない）,NULL,NULL,NULL,2026-10-07,税込,通常料金・プロバイダー込み。キャンペーン・スマホ割を除く,ブロードバンドユニバーサルサービス料・追加工事・任意オプション等は別途。適用額は公式で確認,NULL,,nifty,@nifty光,ニフティ,https://setsuzoku.nifty.com/niftyhikari/price/,https://setsuzoku.nifty.com/niftyhikari/price/,https://setsuzoku.nifty.com/niftyhikari/price/|https://setsuzoku.nifty.com/cs/niftyhikari-faq/10gb-detail/230317001162/,https://setsuzoku.nifty.com/niftyhikari/price/,https://setsuzoku.nifty.com/niftyhikari/price/|https://setsuzoku.nifty.com/cs/niftyhikari-faq/10gb-detail/230317001162/,https://setsuzoku.nifty.com/niftyhikari/price/,10ギガ 3年プラン(N),house,10000,10000,6380,nifty-38a540b7d9,verified,NULL,NULL,NULL,NULL,NULL,https://setsuzoku.nifty.com/cs/niftyhikari-faq/10gb-detail/230317001162/,2026-10-07,verified,技術規格上の最大値。実効速度の保証ではありません。 1Gの数値はギガ対応回線の最大仕様。建物・配線・東西エリア・回線品目によって100/200Mbps等になる場合あり。,NULL,NULL,NULL,NULL,ニフティ,NULL,NULL,NULL,NULL
全国（設備・地域により対象外）,光コラボ,fixed,FTTH,true,active,NULL,NULL,false,IPv6対応,対象スマホ＋光電話等の加入条件を確認,au|UQ mobile,NULL,NULL,NULL,NULL,NULL,NULL,NULL,NULL,3300,22000,NULL,工事内容・配線状況により変動。未確認額はNULL,36,4840,0,0,NULL,NULL,NULL,NULL,要確認（通常月額に含めない）,NULL,NULL,NULL,2026-10-07,税込,通常料金・プロバイダー込み。キャンペーン・スマホ割を除く,ブロードバンドユニバーサルサービス料・追加工事・任意オプション等は別途。適用額は公式で確認,NULL,,nifty,@nifty光,ニフティ,https://setsuzoku.nifty.com/niftyhikari/price/,https://setsuzoku.nifty.com/niftyhikari/price/,https://setsuzoku.nifty.com/niftyhikari/price/|https://setsuzoku.nifty.com/cs/niftyhikari-faq/10gb-detail/230317001162/,https://setsuzoku.nifty.com/niftyhikari/price/,https://setsuzoku.nifty.com/niftyhikari/price/|https://setsuzoku.nifty.com/cs/niftyhikari-faq/10gb-detail/230317001162/,https://setsuzoku.nifty.com/niftyhikari/price/,10ギガ 3年プラン(N),apartment,10000,10000,6380,nifty-a98d6ba7e8,verified,NULL,NULL,NULL,NULL,NULL,https://setsuzoku.nifty.com/cs/niftyhikari-faq/10gb-detail/230317001162/,2026-10-07,verified,技術規格上の最大値。実効速度の保証ではありません。 1Gの数値はギガ対応回線の最大仕様。建物・配線・東西エリア・回線品目によって100/200Mbps等になる場合あり。,NULL,NULL,NULL,NULL,ニフティ,NULL,NULL,NULL,NULL
全国（設備・地域により対象外）,光コラボ,fixed,FTTH,true,active,NULL,NULL,false,NULL,au/UQ/LIBMO等の対象条件を公式で確認,au|UQ mobile|その他,NULL,NULL,NULL,NULL,NULL,NULL,NULL,NULL,NULL,NULL,NULL,工事内容・配線状況により変動。未確認額はNULL,24,NULL,0,0,NULL,NULL,NULL,NULL,要確認（通常月額に含めない）,NULL,NULL,NULL,2026-10-07,税込,通常料金・プロバイダー込み。キャンペーン・スマホ割を除く,ブロードバンドユニバーサルサービス料・追加工事・任意オプション等は別途。適用額は公式で確認,NULL,,tcom,@T COMヒカリ,TOKAIコミュニケーションズ,https://t-com.ne.jp/promo/tcomhikari/,https://t-com.ne.jp/promo/tcomhikari/,https://t-com.ne.jp/promo/tcomhikari/|https://www.t-com.ne.jp/download/important/important_tcomhikari-e.pdf,https://t-com.ne.jp/promo/tcomhikari/,https://t-com.ne.jp/promo/tcomhikari/|https://www.t-com.ne.jp/download/important/important_tcomhikari-e.pdf,https://t-com.ne.jp/promo/tcomhikari/,1ギガ 2年バリューパック,house,1000,1000,5610,tcom-7e4454e55d,verified,NULL,NULL,NULL,NULL,NULL,https://www.t-com.ne.jp/download/important/important_tcomhikari-e.pdf,2026-10-07,verified,公式の回線品目における技術規格上の最大値です。実効速度の保証ではありません。建物・配線・回線品目によって利用できる速度が変わります。,NULL,NULL,NULL,NULL,TOKAIコミュニケーションズ,NULL,NULL,NULL,NULL
全国（設備・地域により対象外）,光コラボ,fixed,FTTH,true,active,NULL,NULL,false,NULL,au/UQ/LIBMO等の対象条件を公式で確認,au|UQ mobile|その他,NULL,NULL,NULL,NULL,NULL,NULL,NULL,NULL,NULL,NULL,NULL,工事内容・配線状況により変動。未確認額はNULL,24,NULL,0,0,NULL,NULL,NULL,NULL,要確認（通常月額に含めない）,NULL,NULL,NULL,2026-10-07,税込,通常料金・プロバイダー込み。キャンペーン・スマホ割を除く,ブロードバンドユニバーサルサービス料・追加工事・任意オプション等は別途。適用額は公式で確認,NULL,,tcom,@T COMヒカリ,TOKAIコミュニケーションズ,https://t-com.ne.jp/promo/tcomhikari/,https://t-com.ne.jp/promo/tcomhikari/,https://t-com.ne.jp/promo/tcomhikari/|https://www.t-com.ne.jp/download/important/important_tcomhikari-e.pdf,https://t-com.ne.jp/promo/tcomhikari/,https://t-com.ne.jp/promo/tcomhikari/|https://www.t-com.ne.jp/download/important/important_tcomhikari-e.pdf,https://t-com.ne.jp/promo/tcomhikari/,1ギガ 2年バリューパック,apartment,1000,1000,4180,tcom-c330352699,verified,NULL,NULL,NULL,NULL,NULL,https://www.t-com.ne.jp/download/important/important_tcomhikari-e.pdf,2026-10-07,verified,公式の回線品目における技術規格上の最大値です。実効速度の保証ではありません。建物・配線・回線品目によって利用できる速度が変わります。,NULL,NULL,NULL,NULL,TOKAIコミュニケーションズ,NULL,NULL,NULL,NULL
全国（設備・地域により対象外）,光コラボ,fixed,FTTH,true,active,NULL,NULL,false,NULL,au/UQ/LIBMO等の対象条件を公式で確認,au|UQ mobile|その他,NULL,NULL,NULL,NULL,NULL,NULL,NULL,NULL,NULL,NULL,NULL,工事内容・配線状況により変動。未確認額はNULL,24,NULL,0,0,NULL,NULL,NULL,NULL,要確認（通常月額に含めない）,NULL,NULL,NULL,2026-10-07,税込,通常料金・プロバイダー込み。キャンペーン・スマホ割を除く,ブロードバンドユニバーサルサービス料・追加工事・任意オプション等は別途。適用額は公式で確認,NULL,2年バリューパックの通常月額。ポイント・キャンペーン控除なし。対応ルーターは自己用意または任意レンタル。初期費用・通常工事費は別途。,tcom,@T COMヒカリ,TOKAIコミュニケーションズ,https://www.t-com.ne.jp/promo/tcomhikari/10g/,https://t-com.ne.jp/promo/tcomhikari/,https://t-com.ne.jp/promo/tcomhikari/|https://service.t-com.ne.jp/net/tcomhikari/price/10g,https://service.t-com.ne.jp/net/tcomhikari/price/10g,https://t-com.ne.jp/promo/tcomhikari/,https://t-com.ne.jp/promo/tcomhikari/,10ギガ 2年バリューパック,house,10000,NULL,6380,tcom-4858cffaa5,verified,NULL,NULL,NULL,NULL,NULL,NULL,2026-10-07,rechecked_unresolved,公式サービス・料金ページと公式サイト検索を再調査しましたが、このレコードに適用する上り最大値を確定できませんでした。下りと同じ値では埋めていません。,NULL,NULL,2026-10-07,10G戸建て・集合住宅の通常月額6380円を公式確認,TOKAIコミュニケーションズ,NULL,NULL,NULL,NULL
全国（設備・地域により対象外）,光コラボ,fixed,FTTH,true,active,NULL,NULL,false,NULL,au/UQ/LIBMO等の対象条件を公式で確認,au|UQ mobile|その他,NULL,NULL,NULL,NULL,NULL,NULL,NULL,NULL,NULL,NULL,NULL,工事内容・配線状況により変動。未確認額はNULL,24,NULL,0,0,NULL,NULL,NULL,NULL,要確認（通常月額に含めない）,NULL,NULL,NULL,2026-10-07,税込,通常料金・プロバイダー込み。キャンペーン・スマホ割を除く,ブロードバンドユニバーサルサービス料・追加工事・任意オプション等は別途。適用額は公式で確認,NULL,2年バリューパックの通常月額。ポイント・キャンペーン控除なし。対応ルーターは自己用意または任意レンタル。初期費用・通常工事費は別途。,tcom,@T COMヒカリ,TOKAIコミュニケーションズ,https://www.t-com.ne.jp/promo/tcomhikari/10g/,https://t-com.ne.jp/promo/tcomhikari/,https://t-com.ne.jp/promo/tcomhikari/|https://service.t-com.ne.jp/net/tcomhikari/price/10g,https://service.t-com.ne.jp/net/tcomhikari/price/10g,https://t-com.ne.jp/promo/tcomhikari/,https://t-com.ne.jp/promo/tcomhikari/,10ギガ 2年バリューパック,apartment,10000,NULL,6380,tcom-6a6084d92a,verified,NULL,NULL,NULL,NULL,NULL,NULL,2026-10-07,rechecked_unresolved,公式サービス・料金ページと公式サイト検索を再調査しましたが、このレコードに適用する上り最大値を確定できませんでした。下りと同じ値では埋めていません。,NULL,NULL,2026-10-07,10G戸建て・集合住宅の通常月額6380円を公式確認,TOKAIコミュニケーションズ,NULL,NULL,NULL,NULL
全国（設備・地域により対象外）,光コラボ,fixed,FTTH,true,active,NULL,NULL,false,クロスパス対応,楽天モバイルとのポイント特典。通常月額から控除しない,楽天モバイル,NULL,NULL,NULL,NULL,NULL,NULL,NULL,NULL,NULL,NULL,NULL,工事内容・配線状況により変動。未確認額はNULL,24,NULL,0,0,NULL,NULL,NULL,NULL,要確認（通常月額に含めない）,NULL,NULL,NULL,2026-10-07,税込,通常料金・プロバイダー込み。キャンペーン・スマホ割を除く,ブロードバンドユニバーサルサービス料・追加工事・任意オプション等は別途。適用額は公式で確認,NULL,,rakuten,楽天ひかり,楽天モバイル,https://network.mobile.rakuten.co.jp/hikari/fee/pricelist/,https://network.mobile.rakuten.co.jp/hikari/fee/pricelist/,https://network.mobile.rakuten.co.jp/hikari/fee/pricelist/,https://network.mobile.rakuten.co.jp/hikari/fee/pricelist/,https://network.mobile.rakuten.co.jp/hikari/fee/pricelist/,https://network.mobile.rakuten.co.jp/hikari/fee/pricelist/,1ギガ,house,1000,NULL,5280,rakuten-0279a86cd2,verified,NULL,NULL,NULL,NULL,NULL,NULL,2026-10-07,rechecked_unresolved,公式サービス・料金ページと公式サイト検索を再調査しましたが、このレコードに適用する上り最大値を確定できませんでした。下りと同じ値では埋めていません。,NULL,NULL,NULL,NULL,楽天モバイル,NULL,NULL,NULL,NULL
全国（設備・地域により対象外）,光コラボ,fixed,FTTH,true,active,NULL,NULL,false,クロスパス対応,楽天モバイルとのポイント特典。通常月額から控除しない,楽天モバイル,NULL,NULL,NULL,NULL,NULL,NULL,NULL,NULL,NULL,NULL,NULL,工事内容・配線状況により変動。未確認額はNULL,24,NULL,0,0,NULL,NULL,NULL,NULL,要確認（通常月額に含めない）,NULL,NULL,NULL,2026-10-07,税込,通常料金・プロバイダー込み。キャンペーン・スマホ割を除く,ブロードバンドユニバーサルサービス料・追加工事・任意オプション等は別途。適用額は公式で確認,NULL,,rakuten,楽天ひかり,楽天モバイル,https://network.mobile.rakuten.co.jp/hikari/fee/pricelist/,https://network.mobile.rakuten.co.jp/hikari/fee/pricelist/,https://network.mobile.rakuten.co.jp/hikari/fee/pricelist/,https://network.mobile.rakuten.co.jp/hikari/fee/pricelist/,https://network.mobile.rakuten.co.jp/hikari/fee/pricelist/,https://network.mobile.rakuten.co.jp/hikari/fee/pricelist/,1ギガ,apartment,1000,NULL,4180,rakuten-7148942e90,verified,NULL,NULL,NULL,NULL,NULL,NULL,2026-10-07,rechecked_unresolved,公式サービス・料金ページと公式サイト検索を再調査しましたが、このレコードに適用する上り最大値を確定できませんでした。下りと同じ値では埋めていません。,NULL,NULL,NULL,NULL,楽天モバイル,NULL,NULL,NULL,NULL
全国（設備・地域により対象外）,光コラボ,fixed,FTTH,true,active,NULL,NULL,false,NULL,要確認,NULL,NULL,NULL,NULL,NULL,NULL,NULL,NULL,NULL,3300,NULL,22000,工事内容・配線状況により変動。未確認額はNULL,24,NULL,0,0,NULL,NULL,NULL,NULL,要確認（通常月額に含めない）,NULL,NULL,NULL,2026-10-07,税込,通常料金・プロバイダー込み。キャンペーン・スマホ割を除く,ブロードバンドユニバーサルサービス料・追加工事・任意オプション等は別途。適用額は公式で確認,NULL,旧標準コースとNewスタンダードの料金が異なる。現行新規プランは重要事項で確認,hiho,hi-hoひかり,hi-ho,https://hi-ho.jp/course/hikari/hi-hohikari/price/,https://hi-ho.jp/course/hikari/hi-hohikari/price/,https://hi-ho.jp/course/hikari/hi-hohikari/price/|https://hi-ho.jp/course/hikari/hi-hohikari/new_standard/,https://hi-ho.jp/course/hikari/hi-hohikari/new_standard/,https://hi-ho.jp/course/hikari/hi-hohikari/price/,https://hi-ho.jp/course/hikari/hi-hohikari/price/,Newスタンダード 1ギガ,house,1000,NULL,5885,hiho-8cb44bffb5,verified,NULL,NULL,NULL,NULL,NULL,NULL,2026-10-07,rechecked_unresolved,公式サービス・料金ページと公式サイト検索を再調査しましたが、このレコードに適用する上り最大値を確定できませんでした。下りと同じ値では埋めていません。 公式資料取得で証明書エラーがあり、現行プランへの適用確認が未完了。,NULL,NULL,2026-10-07,専用公式ページで通常月額を確認。Newスタンダードはデータ復旧込み。30か月割引は別管理,hi-ho,resolved,専用公式ページで通常月額を確認。Newスタンダードはデータ復旧込み。30か月割引は別管理,2026-10-07,https://hi-ho.jp/course/hikari/hi-hohikari/new_standard/
全国（設備・地域により対象外）,光コラボ,fixed,FTTH,true,active,NULL,NULL,false,NULL,要確認,NULL,NULL,NULL,NULL,NULL,NULL,NULL,NULL,NULL,3300,NULL,22000,工事内容・配線状況により変動。未確認額はNULL,24,NULL,0,0,NULL,NULL,NULL,NULL,要確認（通常月額に含めない）,NULL,NULL,NULL,2026-10-07,税込,通常料金・プロバイダー込み。キャンペーン・スマホ割を除く,ブロードバンドユニバーサルサービス料・追加工事・任意オプション等は別途。適用額は公式で確認,NULL,旧標準コースとNewスタンダードの料金が異なる。現行新規プランは重要事項で確認,hiho,hi-hoひかり,hi-ho,https://hi-ho.jp/course/hikari/hi-hohikari/price/,https://hi-ho.jp/course/hikari/hi-hohikari/price/,https://hi-ho.jp/course/hikari/hi-hohikari/price/|https://hi-ho.jp/course/hikari/hi-hohikari/new_standard/,https://hi-ho.jp/course/hikari/hi-hohikari/new_standard/,https://hi-ho.jp/course/hikari/hi-hohikari/price/,https://hi-ho.jp/course/hikari/hi-hohikari/price/,Newスタンダード 1ギガ,apartment,1000,NULL,4675,hiho-d446723131,verified,NULL,NULL,NULL,NULL,NULL,NULL,2026-10-07,rechecked_unresolved,公式サービス・料金ページと公式サイト検索を再調査しましたが、このレコードに適用する上り最大値を確定できませんでした。下りと同じ値では埋めていません。 公式資料取得で証明書エラーがあり、現行プランへの適用確認が未完了。,NULL,NULL,2026-10-07,専用公式ページで通常月額を確認。Newスタンダードはデータ復旧込み。30か月割引は別管理,hi-ho,resolved,専用公式ページで通常月額を確認。Newスタンダードはデータ復旧込み。30か月割引は別管理,2026-10-07,https://hi-ho.jp/course/hikari/hi-hohikari/new_standard/
全国（設備・地域により対象外）,光コラボ,fixed,FTTH,true,active,NULL,NULL,false,NULL,要確認,NULL,NULL,NULL,NULL,NULL,NULL,NULL,NULL,NULL,3300,NULL,22000,工事内容・配線状況により変動。未確認額はNULL,24,NULL,0,0,NULL,5720,30,NULL,光始める割：新規派遣工事等の対象条件あり。通常月額・順位には反映しない,NULL,NULL,NULL,2026-10-07,税込,通常料金・プロバイダー込み。キャンペーン・スマホ割を除く,ブロードバンドユニバーサルサービス料・追加工事・任意オプション等は別途。適用額は公式で確認,NULL,旧標準コースとNewスタンダードの料金が異なる。現行新規プランは重要事項で確認,hiho,hi-hoひかり,hi-ho,https://hi-ho.jp/course/hikari/hi-hohikari/price/,https://hi-ho.jp/course/hikari/hi-hohikari/price/,https://hi-ho.jp/course/hikari/hi-hohikari/price/|https://hi-ho.jp/course/hikari/hi-hohikari/cross/price/,https://hi-ho.jp/course/hikari/hi-hohikari/cross/price/,https://hi-ho.jp/course/hikari/hi-hohikari/price/,https://hi-ho.jp/course/hikari/hi-hohikari/price/,クロス 10ギガ,house,10000,NULL,6380,hiho-3ac4e5643b,verified,NULL,NULL,NULL,NULL,NULL,NULL,2026-10-07,rechecked_unresolved,公式サービス・料金ページと公式サイト検索を再調査しましたが、このレコードに適用する上り最大値を確定できませんでした。下りと同じ値では埋めていません。 公式資料取得で証明書エラーがあり、現行プランへの適用確認が未完了。,NULL,NULL,2026-10-07,専用公式ページで通常月額を確認。Newスタンダードはデータ復旧込み。30か月割引は別管理,hi-ho,resolved,専用公式ページで通常月額を確認。Newスタンダードはデータ復旧込み。30か月割引は別管理,2026-10-07,https://hi-ho.jp/course/hikari/hi-hohikari/cross/price/
全国（設備・地域により対象外）,光コラボ,fixed,FTTH,true,active,NULL,NULL,false,NULL,要確認,NULL,NULL,NULL,NULL,NULL,NULL,NULL,NULL,NULL,3300,NULL,22000,工事内容・配線状況により変動。未確認額はNULL,24,NULL,0,0,NULL,5830,30,NULL,光始める割：新規派遣工事等の対象条件あり。通常月額・順位には反映しない,NULL,NULL,NULL,2026-10-07,税込,通常料金・プロバイダー込み。キャンペーン・スマホ割を除く,ブロードバンドユニバーサルサービス料・追加工事・任意オプション等は別途。適用額は公式で確認,NULL,旧標準コースとNewスタンダードの料金が異なる。現行新規プランは重要事項で確認,hiho,hi-hoひかり,hi-ho,https://hi-ho.jp/course/hikari/hi-hohikari/price/,https://hi-ho.jp/course/hikari/hi-hohikari/price/,https://hi-ho.jp/course/hikari/hi-hohikari/price/|https://hi-ho.jp/course/hikari/hi-hohikari/cross/price/,https://hi-ho.jp/course/hikari/hi-hohikari/cross/price/,https://hi-ho.jp/course/hikari/hi-hohikari/price/,https://hi-ho.jp/course/hikari/hi-hohikari/price/,クロス 10ギガ,apartment,10000,NULL,6380,hiho-f227c50ece,verified,NULL,NULL,NULL,NULL,NULL,NULL,2026-10-07,rechecked_unresolved,公式サービス・料金ページと公式サイト検索を再調査しましたが、このレコードに適用する上り最大値を確定できませんでした。下りと同じ値では埋めていません。 公式資料取得で証明書エラーがあり、現行プランへの適用確認が未完了。,NULL,NULL,2026-10-07,専用公式ページで通常月額を確認。Newスタンダードはデータ復旧込み。30か月割引は別管理,hi-ho,resolved,専用公式ページで通常月額を確認。Newスタンダードはデータ復旧込み。30か月割引は別管理,2026-10-07,https://hi-ho.jp/course/hikari/hi-hohikari/cross/price/
全国（設備・地域により対象外）,光コラボ,fixed,FTTH,true,active,NULL,NULL,false,対応,要確認,NULL,NULL,NULL,NULL,NULL,NULL,NULL,NULL,NULL,NULL,NULL,NULL,工事内容・配線状況により変動。未確認額はNULL,NULL,NULL,0,0,NULL,NULL,NULL,NULL,要確認（通常月額に含めない）,NULL,NULL,true,2026-10-07,税込,通常料金・プロバイダー込み。キャンペーン・スマホ割を除く,ブロードバンドユニバーサルサービス料・追加工事・任意オプション等は別途。適用額は公式で確認,NULL,専用帯域は公式仕様。低Ping・ジッターの実測保証ではない,hiho-games,hi-hoひかり with games,hi-ho,https://hi-ho.jp/withgames/,https://hi-ho.jp/withgames/,https://hi-ho.jp/withgames/,https://hi-ho.jp/withgames/,https://hi-ho.jp/withgames/,https://hi-ho.jp/withgames/,1ギガ with games,house,1000,1000,6160,hiho-games-f943763366,verified,NULL,NULL,NULL,NULL,NULL,NULL,NULL,previously_recorded,NULL,NULL,NULL,NULL,NULL,hi-ho,NULL,NULL,NULL,NULL
全国（設備・地域により対象外）,光コラボ,fixed,FTTH,true,active,NULL,NULL,false,対応,要確認,NULL,NULL,NULL,NULL,NULL,NULL,NULL,NULL,NULL,NULL,NULL,NULL,工事内容・配線状況により変動。未確認額はNULL,NULL,NULL,0,0,NULL,NULL,NULL,NULL,要確認（通常月額に含めない）,NULL,NULL,true,2026-10-07,税込,通常料金・プロバイダー込み。キャンペーン・スマホ割を除く,ブロードバンドユニバーサルサービス料・追加工事・任意オプション等は別途。適用額は公式で確認,NULL,専用帯域は公式仕様。低Ping・ジッターの実測保証ではない,hiho-games,hi-hoひかり with games,hi-ho,https://hi-ho.jp/withgames/,https://hi-ho.jp/withgames/,https://hi-ho.jp/withgames/,https://hi-ho.jp/withgames/,https://hi-ho.jp/withgames/,https://hi-ho.jp/withgames/,1ギガ with games,apartment,1000,1000,4840,hiho-games-09ed44a686,verified,NULL,NULL,NULL,NULL,NULL,NULL,NULL,previously_recorded,NULL,NULL,NULL,NULL,NULL,hi-ho,NULL,NULL,NULL,NULL
全国（設備・地域により対象外）,光コラボ,fixed,FTTH,true,active,NULL,NULL,false,対応,要確認,NULL,NULL,NULL,NULL,NULL,NULL,NULL,NULL,NULL,NULL,NULL,NULL,工事内容・配線状況により変動。未確認額はNULL,NULL,NULL,0,0,NULL,NULL,NULL,NULL,要確認（通常月額に含めない）,NULL,NULL,true,2026-10-07,税込,通常料金・プロバイダー込み。キャンペーン・スマホ割を除く,ブロードバンドユニバーサルサービス料・追加工事・任意オプション等は別途。適用額は公式で確認,NULL,専用帯域は公式仕様。低Ping・ジッターの実測保証ではない,hiho-games,hi-hoひかり with games,hi-ho,https://hi-ho.jp/withgames/,https://hi-ho.jp/withgames/,https://hi-ho.jp/withgames/,https://hi-ho.jp/withgames/,https://hi-ho.jp/withgames/,https://hi-ho.jp/withgames/,クロス 10ギガ with games,house,10000,10000,7590,hiho-games-05979abe1a,verified,NULL,NULL,NULL,NULL,NULL,NULL,NULL,previously_recorded,NULL,NULL,NULL,NULL,NULL,hi-ho,NULL,NULL,NULL,NULL
全国（設備・地域により対象外）,光コラボ,fixed,FTTH,true,active,NULL,NULL,false,対応,要確認,NULL,NULL,NULL,NULL,NULL,NULL,NULL,NULL,NULL,NULL,NULL,NULL,工事内容・配線状況により変動。未確認額はNULL,NULL,NULL,0,0,NULL,NULL,NULL,NULL,要確認（通常月額に含めない）,NULL,NULL,true,2026-10-07,税込,通常料金・プロバイダー込み。キャンペーン・スマホ割を除く,ブロードバンドユニバーサルサービス料・追加工事・任意オプション等は別途。適用額は公式で確認,NULL,専用帯域は公式仕様。低Ping・ジッターの実測保証ではない,hiho-games,hi-hoひかり with games,hi-ho,https://hi-ho.jp/withgames/,https://hi-ho.jp/withgames/,https://hi-ho.jp/withgames/,https://hi-ho.jp/withgames/,https://hi-ho.jp/withgames/,https://hi-ho.jp/withgames/,クロス 10ギガ with games,apartment,10000,10000,7590,hiho-games-cf53826ae0,verified,NULL,NULL,NULL,NULL,NULL,NULL,NULL,previously_recorded,NULL,NULL,NULL,NULL,NULL,hi-ho,NULL,NULL,NULL,NULL
全国（設備・地域により対象外）,光コラボ,fixed,FTTH,true,active,NULL,NULL,false,v6プラス対応,要確認,NULL,NULL,NULL,NULL,NULL,NULL,NULL,NULL,NULL,4378,22000,NULL,工事内容・配線状況により変動。未確認額はNULL,0,0,0,0,NULL,NULL,NULL,NULL,要確認（通常月額に含めない）,NULL,NULL,NULL,2026-10-07,税込,通常料金・プロバイダー込み。キャンペーン・スマホ割を除く,ブロードバンドユニバーサルサービス料・追加工事・任意オプション等は別途。適用額は公式で確認,NULL,,andline,andline光SE,アイキューブ・マーケティング,https://andline-se.net/price/,https://andline-se.net/price/,https://andline-se.net/price/,https://andline-se.net/price/,https://andline-se.net/price/,https://andline-se.net/price/,基本プラン 1ギガ,house,1000,NULL,4600,andline-4e47178184,verified,NULL,NULL,NULL,NULL,NULL,NULL,2026-10-07,rechecked_unresolved,公式サービス・料金ページと公式サイト検索を再調査しましたが、このレコードに適用する上り最大値を確定できませんでした。下りと同じ値では埋めていません。,NULL,NULL,2026-10-07,再確認はBot検証・取得タイムアウトで未完了,アイキューブ・マーケティング,NULL,NULL,NULL,NULL
全国（設備・地域により対象外）,光コラボ,fixed,FTTH,true,active,NULL,NULL,false,v6プラス対応,要確認,NULL,NULL,NULL,NULL,NULL,NULL,NULL,NULL,NULL,4378,22000,NULL,工事内容・配線状況により変動。未確認額はNULL,0,0,0,0,NULL,NULL,NULL,NULL,要確認（通常月額に含めない）,NULL,NULL,NULL,2026-10-07,税込,通常料金・プロバイダー込み。キャンペーン・スマホ割を除く,ブロードバンドユニバーサルサービス料・追加工事・任意オプション等は別途。適用額は公式で確認,NULL,,andline,andline光SE,アイキューブ・マーケティング,https://andline-se.net/price/,https://andline-se.net/price/,https://andline-se.net/price/,https://andline-se.net/price/,https://andline-se.net/price/,https://andline-se.net/price/,基本プラン 1ギガ,apartment,1000,NULL,3500,andline-2bf25a4072,verified,NULL,NULL,NULL,NULL,NULL,NULL,2026-10-07,rechecked_unresolved,公式サービス・料金ページと公式サイト検索を再調査しましたが、このレコードに適用する上り最大値を確定できませんでした。下りと同じ値では埋めていません。,NULL,NULL,2026-10-07,再確認はBot検証・取得タイムアウトで未完了,アイキューブ・マーケティング,NULL,NULL,NULL,NULL
全国（設備・地域により対象外）,光コラボ,fixed,FTTH,true,active,NULL,NULL,false,v6プラス対応,要確認,NULL,NULL,NULL,NULL,NULL,NULL,NULL,NULL,NULL,4378,22000,NULL,工事内容・配線状況により変動。未確認額はNULL,0,0,0,0,NULL,NULL,NULL,NULL,要確認（通常月額に含めない）,NULL,NULL,NULL,2026-10-07,税込,通常料金・プロバイダー込み。キャンペーン・スマホ割を除く,ブロードバンドユニバーサルサービス料・追加工事・任意オプション等は別途。適用額は公式で確認,NULL,電話なしで対応ルーターを自己用意する前提の月額。自己用意の場合は申告が必要。ひかり電話を利用する場合は必ずレンタル。任意レンタル料金は未確定。料金ページはBot検証のため再確認未完了。,andline,andline光SE,アイキューブ・マーケティング,https://andline-se.net/price/,https://andline-se.net/price/,https://andline-se.net/next/|https://www.andline-se.net/wp-content/themes/andlineSE/pdf/v2409/andlineSE_Flow_10G.pdf,https://andline-se.net/next/,https://www.andline-se.net/wp-content/themes/andlineSE/pdf/v2409/andlineSE_Flow_10G.pdf,https://andline-se.net/price/,新10ギガプラン,house,10000,10000,4700,andline-e5a0a735ca,verified,NULL,NULL,NULL,NULL,NULL,NULL,NULL,previously_recorded,NULL,NULL,NULL,2026-10-07,公式開通案内でルーター自己用意可を確認。月額料金ページの再取得は未完了,アイキューブ・マーケティング,NULL,NULL,NULL,NULL
全国（設備・地域により対象外）,光コラボ,fixed,FTTH,true,active,NULL,NULL,false,v6プラス対応,要確認,NULL,NULL,NULL,NULL,NULL,NULL,NULL,NULL,NULL,4378,22000,NULL,工事内容・配線状況により変動。未確認額はNULL,0,0,0,0,NULL,NULL,NULL,NULL,要確認（通常月額に含めない）,NULL,NULL,NULL,2026-10-07,税込,通常料金・プロバイダー込み。キャンペーン・スマホ割を除く,ブロードバンドユニバーサルサービス料・追加工事・任意オプション等は別途。適用額は公式で確認,NULL,電話なしで対応ルーターを自己用意する前提の月額。自己用意の場合は申告が必要。ひかり電話を利用する場合は必ずレンタル。任意レンタル料金は未確定。料金ページはBot検証のため再確認未完了。,andline,andline光SE,アイキューブ・マーケティング,https://andline-se.net/price/,https://andline-se.net/price/,https://andline-se.net/next/|https://www.andline-se.net/wp-content/themes/andlineSE/pdf/v2409/andlineSE_Flow_10G.pdf,https://andline-se.net/next/,https://www.andline-se.net/wp-content/themes/andlineSE/pdf/v2409/andlineSE_Flow_10G.pdf,https://andline-se.net/price/,新10ギガプラン,apartment,10000,10000,4700,andline-2f7b65e78a,verified,NULL,NULL,NULL,NULL,NULL,NULL,NULL,previously_recorded,NULL,NULL,NULL,2026-10-07,公式開通案内でルーター自己用意可を確認。月額料金ページの再取得は未完了,アイキューブ・マーケティング,NULL,NULL,NULL,NULL
全国（設備・地域により対象外）,光コラボ,fixed,FTTH,true,active,NULL,NULL,false,v6プラス対応,要確認,NULL,NULL,NULL,NULL,NULL,NULL,NULL,NULL,NULL,2200,NULL,21780,新設21780円／配線再利用13860円／無派遣3300円。工事方式による,0,NULL,NULL,0,NULL,NULL,NULL,NULL,要確認（通常月額に含めない）,NULL,NULL,NULL,2026-10-07,税込,通常料金・プロバイダー込み。キャンペーン・スマホ割を除く,ブロードバンドユニバーサルサービス料・追加工事・任意オプション等は別途。適用額は公式で確認,NULL,HGW料金はNTT東西・電話契約・既存回線で変わる。1Gは495円または825円等、10Gは電話なし550円。機器の必須条件を確定するまで必須月額NULL。通常基本料は36か月までの価格。 IPv6はv6対応ルーター自己用意またはHGWが必要。既存回線条件をこの画面で取得しないため確認待ちを維持。,otokuna,オトクナ光,ライチェ,https://otokuna.jp/service/,https://otokuna.jp/service/,https://otokuna.jp/service/,https://otokuna.jp/service/,https://otokuna.jp/service/,https://otokuna.jp/service/,1ギガ,house,1000,NULL,4697,otokuna-0279a86cd2,verified,NULL,NULL,NULL,NULL,NULL,NULL,2026-10-07,rechecked_unresolved,公式サービス・料金ページと公式サイト検索を再調査しましたが、このレコードに適用する上り最大値を確定できませんでした。下りと同じ値では埋めていません。,NULL,NULL,2026-10-07,基本料は確認済み。HGWレンタルはNTT東西・旧契約・ひかり電話の有無で条件が異なる。新規契約に必要な機器費は申込条件で確認,ライチェ,conditional,基本料確認済み。電話なしのHGWは西日本495円／東日本825円（旧契約例外あり）。自前対応ルーターを使う契約条件は公式で確認,2026-10-07,https://otokuna.jp/service/
全国（設備・地域により対象外）,光コラボ,fixed,FTTH,true,active,NULL,NULL,false,v6プラス対応,要確認,NULL,NULL,NULL,NULL,NULL,NULL,NULL,NULL,NULL,2200,NULL,21780,新設21780円／配線再利用13860円／無派遣3300円。工事方式による,0,NULL,NULL,0,NULL,NULL,NULL,NULL,要確認（通常月額に含めない）,NULL,NULL,NULL,2026-10-07,税込,通常料金・プロバイダー込み。キャンペーン・スマホ割を除く,ブロードバンドユニバーサルサービス料・追加工事・任意オプション等は別途。適用額は公式で確認,NULL,HGW料金はNTT東西・電話契約・既存回線で変わる。1Gは495円または825円等、10Gは電話なし550円。機器の必須条件を確定するまで必須月額NULL。通常基本料は36か月までの価格。 IPv6はv6対応ルーター自己用意またはHGWが必要。既存回線条件をこの画面で取得しないため確認待ちを維持。,otokuna,オトクナ光,ライチェ,https://otokuna.jp/service/,https://otokuna.jp/service/,https://otokuna.jp/service/,https://otokuna.jp/service/,https://otokuna.jp/service/,https://otokuna.jp/service/,1ギガ,apartment,1000,NULL,3597,otokuna-7148942e90,verified,NULL,NULL,NULL,NULL,NULL,NULL,2026-10-07,rechecked_unresolved,公式サービス・料金ページと公式サイト検索を再調査しましたが、このレコードに適用する上り最大値を確定できませんでした。下りと同じ値では埋めていません。,NULL,NULL,2026-10-07,基本料は確認済み。HGWレンタルはNTT東西・旧契約・ひかり電話の有無で条件が異なる。新規契約に必要な機器費は申込条件で確認,ライチェ,conditional,基本料確認済み。電話なしのHGWは西日本495円／東日本825円（旧契約例外あり）。自前対応ルーターを使う契約条件は公式で確認,2026-10-07,https://otokuna.jp/service/
全国（設備・地域により対象外）,光コラボ,fixed,FTTH,true,active,NULL,NULL,false,v6プラス対応,要確認,NULL,NULL,NULL,NULL,NULL,NULL,NULL,NULL,NULL,2200,NULL,21780,新設21780円／配線再利用13860円／無派遣3300円。工事方式による,0,NULL,550,0,NULL,NULL,NULL,NULL,要確認（通常月額に含めない）,NULL,NULL,NULL,2026-10-07,税込,"10G基本料5,247円＋HGWレンタル550円。HGWレンタルを選択するネット単体契約。機器を自前で用意する場合の条件は別途確認",ブロードバンドユニバーサルサービス料・追加工事・任意オプション等は別途。適用額は公式で確認,NULL,HGW料金はNTT東西・電話契約・既存回線で変わる。1Gは495円または825円等、10Gは電話なし550円。機器の必須条件を確定するまで必須月額NULL。通常基本料は36か月までの価格。 IPv6はv6対応ルーター自己用意またはHGWが必要。既存回線条件をこの画面で取得しないため確認待ちを維持。,otokuna,オトクナ光,ライチェ,https://otokuna.jp/service/,https://otokuna.jp/service/,https://otokuna.jp/service/,https://otokuna.jp/10gb/,https://otokuna.jp/service/,https://otokuna.jp/service/,10ギガ HGWレンタルあり・電話なし,house,10000,NULL,5247,otokuna-9d7373fa30,verified,NULL,NULL,NULL,NULL,NULL,NULL,2026-10-07,rechecked_unresolved,公式サービス・料金ページと公式サイト検索を再調査しましたが、このレコードに適用する上り最大値を確定できませんでした。下りと同じ値では埋めていません。,NULL,NULL,2026-10-07,HGWレンタルあり・電話なしの条件を明示した料金モデルを確認,ライチェ,resolved,"NTT東西とも、電話なし・HGWレンタルありの料金は550円。基本料5,247円に加算して表示",2026-10-07,https://otokuna.jp/service/
全国（設備・地域により対象外）,光コラボ,fixed,FTTH,true,active,NULL,NULL,false,v6プラス対応,要確認,NULL,NULL,NULL,NULL,NULL,NULL,NULL,NULL,NULL,2200,NULL,21780,新設21780円／配線再利用13860円／無派遣3300円。工事方式による,0,NULL,550,0,NULL,NULL,NULL,NULL,要確認（通常月額に含めない）,NULL,NULL,NULL,2026-10-07,税込,"10G基本料5,247円＋HGWレンタル550円。HGWレンタルを選択するネット単体契約。機器を自前で用意する場合の条件は別途確認",ブロードバンドユニバーサルサービス料・追加工事・任意オプション等は別途。適用額は公式で確認,NULL,HGW料金はNTT東西・電話契約・既存回線で変わる。1Gは495円または825円等、10Gは電話なし550円。機器の必須条件を確定するまで必須月額NULL。通常基本料は36か月までの価格。 IPv6はv6対応ルーター自己用意またはHGWが必要。既存回線条件をこの画面で取得しないため確認待ちを維持。,otokuna,オトクナ光,ライチェ,https://otokuna.jp/service/,https://otokuna.jp/service/,https://otokuna.jp/service/,https://otokuna.jp/10gb/,https://otokuna.jp/service/,https://otokuna.jp/service/,10ギガ HGWレンタルあり・電話なし,apartment,10000,NULL,5247,otokuna-f287974095,verified,NULL,NULL,NULL,NULL,NULL,NULL,2026-10-07,rechecked_unresolved,公式サービス・料金ページと公式サイト検索を再調査しましたが、このレコードに適用する上り最大値を確定できませんでした。下りと同じ値では埋めていません。,NULL,NULL,2026-10-07,HGWレンタルあり・電話なしの条件を明示した料金モデルを確認,ライチェ,resolved,"NTT東西とも、電話なし・HGWレンタルありの料金は550円。基本料5,247円に加算して表示",2026-10-07,https://otokuna.jp/service/
全国（設備・地域により対象外）,光コラボ,fixed,FTTH,true,active,NULL,NULL,false,対応,要確認,NULL,NULL,NULL,NULL,NULL,NULL,NULL,NULL,NULL,3850,33000,NULL,工事内容・配線状況により変動。未確認額はNULL,24,NULL,0,NULL,NULL,NULL,NULL,NULL,要確認（通常月額に含めない）,NULL,NULL,NULL,2026-10-07,税込,通常料金・プロバイダー込み。キャンペーン・スマホ割を除く,ブロードバンドユニバーサルサービス料・追加工事・任意オプション等は別途。適用額は公式で確認,NULL,"ライトプラン。ルーター代13,200円の必須条件を要確認。旧キャンペーンを適用しない",rakuraku,楽々ひかり,要確認,https://rakurakuservice.com/light/hikari.html,https://rakurakuservice.com/light/hikari.html,https://rakurakuservice.com/light/hikari.html,https://rakurakuservice.com/light/hikari.html,https://rakurakuservice.com/light/hikari.html,https://rakurakuservice.com/light/hikari.html,ライト 1ギガ,house,1000,NULL,5478,rakuraku-a6ec3ce4d2,verified,NULL,NULL,NULL,NULL,NULL,NULL,2026-10-07,rechecked_unresolved,公式サービス・料金ページと公式サイト検索を再調査しましたが、このレコードに適用する上り最大値を確定できませんでした。下りと同じ値では埋めていません。,NULL,NULL,NULL,NULL,NULL,NULL,NULL,NULL,NULL
全国（設備・地域により対象外）,光コラボ,fixed,FTTH,true,active,NULL,NULL,false,対応,要確認,NULL,NULL,NULL,NULL,NULL,NULL,NULL,NULL,NULL,3850,33000,NULL,工事内容・配線状況により変動。未確認額はNULL,24,NULL,0,NULL,NULL,NULL,NULL,NULL,要確認（通常月額に含めない）,NULL,NULL,NULL,2026-10-07,税込,通常料金・プロバイダー込み。キャンペーン・スマホ割を除く,ブロードバンドユニバーサルサービス料・追加工事・任意オプション等は別途。適用額は公式で確認,NULL,"ライトプラン。ルーター代13,200円の必須条件を要確認。旧キャンペーンを適用しない",rakuraku,楽々ひかり,要確認,https://rakurakuservice.com/light/hikari.html,https://rakurakuservice.com/light/hikari.html,https://rakurakuservice.com/light/hikari.html,https://rakurakuservice.com/light/hikari.html,https://rakurakuservice.com/light/hikari.html,https://rakurakuservice.com/light/hikari.html,ライト 1ギガ,apartment,1000,NULL,4378,rakuraku-c626b9817f,verified,NULL,NULL,NULL,NULL,NULL,NULL,2026-10-07,rechecked_unresolved,公式サービス・料金ページと公式サイト検索を再調査しましたが、このレコードに適用する上り最大値を確定できませんでした。下りと同じ値では埋めていません。,NULL,NULL,NULL,NULL,NULL,NULL,NULL,NULL,NULL
全国（設備・地域により対象外）,光コラボ,fixed,FTTH,true,active,NULL,NULL,false,NULL,要確認,NULL,NULL,NULL,NULL,NULL,NULL,NULL,NULL,NULL,3300,0,NULL,工事内容・配線状況により変動。未確認額はNULL,NULL,0,0,0,NULL,NULL,NULL,NULL,要確認（通常月額に含めない）,NULL,NULL,NULL,2026-10-07,税込,通常料金・プロバイダー込み。キャンペーン・スマホ割を除く,ブロードバンドユニバーサルサービス料・追加工事・任意オプション等は別途。適用額は公式で確認,NULL,2022年7月1日以降の契約の違約金は0円。36か月の違約金条件は旧契約向け。現行の契約期間と最大通信速度は確認未完了。追加工事・既存工事残債は別途。,sis,SIS光（SPEEDIA光）,スピーディア,https://www.speedia.jp/SISHikari/Price,https://www.speedia.jp/SISHikari/Price,https://www.speedia.jp/SISHikari/Price,https://www.speedia.jp/SISHikari/Price,https://www.speedia.jp/SISHikari/Price,https://www.speedia.jp/SISHikari/Price,SIS光（速度は要確認）,house,NULL,NULL,5489,sis-df928cf301,needs_confirmation,NULL,NULL,NULL,NULL,NULL,NULL,2026-10-07,rechecked_unresolved,公式サービス・料金ページと公式サイト検索を再調査しましたが、このレコードに適用する上り最大値を確定できませんでした。下りと同じ値では埋めていません。,NULL,NULL,2026-10-07,新規申込フォームと公式月額を確認。最大速度は建物・提供タイプが特定できず数値未確定,スピーディア,resolved,新規申込フォームと公式月額を確認。最大速度は建物・提供タイプが特定できず数値未確定,2026-10-07,https://www.speedia.jp/SISHikari/Price
全国（設備・地域により対象外）,光コラボ,fixed,FTTH,true,active,NULL,NULL,false,NULL,要確認,NULL,NULL,NULL,NULL,NULL,NULL,NULL,NULL,NULL,3300,0,NULL,工事内容・配線状況により変動。未確認額はNULL,NULL,0,0,0,NULL,NULL,NULL,NULL,要確認（通常月額に含めない）,NULL,NULL,NULL,2026-10-07,税込,通常料金・プロバイダー込み。キャンペーン・スマホ割を除く,ブロードバンドユニバーサルサービス料・追加工事・任意オプション等は別途。適用額は公式で確認,NULL,2022年7月1日以降の契約の違約金は0円。36か月の違約金条件は旧契約向け。現行の契約期間と最大通信速度は確認未完了。追加工事・既存工事残債は別途。,sis,SIS光（SPEEDIA光）,スピーディア,https://www.speedia.jp/SISHikari/Price,https://www.speedia.jp/SISHikari/Price,https://www.speedia.jp/SISHikari/Price,https://www.speedia.jp/SISHikari/Price,https://www.speedia.jp/SISHikari/Price,https://www.speedia.jp/SISHikari/Price,SIS光（速度は要確認）,apartment,NULL,NULL,4389,sis-7f9c56b557,needs_confirmation,NULL,NULL,NULL,NULL,NULL,NULL,2026-10-07,rechecked_unresolved,公式サービス・料金ページと公式サイト検索を再調査しましたが、このレコードに適用する上り最大値を確定できませんでした。下りと同じ値では埋めていません。,NULL,NULL,2026-10-07,新規申込フォームと公式月額を確認。最大速度は建物・提供タイプが特定できず数値未確定,スピーディア,resolved,新規申込フォームと公式月額を確認。最大速度は建物・提供タイプが特定できず数値未確定,2026-10-07,https://www.speedia.jp/SISHikari/Price
全国（設備・地域により対象外）,光コラボ,fixed,FTTH,true,active,NULL,NULL,false,NULL,要確認,NULL,NULL,NULL,NULL,NULL,NULL,NULL,NULL,NULL,4950,22000,NULL,工事内容・配線状況により変動。未確認額はNULL,NULL,NULL,0,0,NULL,NULL,NULL,NULL,要確認（通常月額に含めない）,NULL,NULL,NULL,2026-10-07,税込,公式ISPセット料金v6／割引なし。IPv4 over IPv6対応。にねん割適用料金を通常料金に混ぜない。対応ルーターを自前で用意するモデル（購入費は別）。,ブロードバンドユニバーサルサービス料・追加工事・任意オプション等は別途。適用額は公式で確認,NULL,個人名義専用。掲載額は「〜」のため通常月額はNULL、下限は別管理 ／ v6対応ルーターを利用者が用意する条件。XG専用ルーターレンタルを選ぶ場合は550円/月が別途。,usen,USEN光01,USEN NETWORKS,https://01.usen-networks.ne.jp/,https://01.usen-networks.ne.jp/,https://01.usen-networks.ne.jp/|https://01.usen-networks.ne.jp/detail/|https://usen-networks.co.jp/01/pdf/01_kiyaku.pdf,https://01.usen-networks.ne.jp/detail/,https://01.usen-networks.ne.jp/,https://01.usen-networks.ne.jp/,1ギガ v6＋ISP 標準料金,house,1000,NULL,7370,usen-d692edd8ba,verified,NULL,4510,NULL,NULL,NULL,NULL,2026-10-07,rechecked_unresolved,公式サービス・料金ページと公式サイト検索を再調査しましたが、このレコードに適用する上り最大値を確定できませんでした。下りと同じ値では埋めていません。,5720,にねん割申込・24か月利用条件。通常料金とは別,2026-10-07,ISP込みv6の標準料金を確認。にねん割・v4とは別条件,USEN NETWORKS,resolved,ISP込みv6の標準料金を確認。にねん割・v4とは別条件,2026-10-07,https://01.usen-networks.ne.jp/detail/
全国（設備・地域により対象外）,光コラボ,fixed,FTTH,true,active,NULL,NULL,false,NULL,要確認,NULL,NULL,NULL,NULL,NULL,NULL,NULL,NULL,NULL,4950,22000,NULL,工事内容・配線状況により変動。未確認額はNULL,NULL,NULL,0,0,NULL,NULL,NULL,NULL,要確認（通常月額に含めない）,NULL,NULL,NULL,2026-10-07,税込,公式ISPセット料金v6／割引なし。IPv4 over IPv6対応。にねん割適用料金を通常料金に混ぜない。対応ルーターを自前で用意するモデル（購入費は別）。,ブロードバンドユニバーサルサービス料・追加工事・任意オプション等は別途。適用額は公式で確認,NULL,個人名義専用。掲載額は「〜」のため通常月額はNULL、下限は別管理 ／ v6対応ルーターを利用者が用意する条件。XG専用ルーターレンタルを選ぶ場合は550円/月が別途。,usen,USEN光01,USEN NETWORKS,https://01.usen-networks.ne.jp/,https://01.usen-networks.ne.jp/,https://01.usen-networks.ne.jp/|https://01.usen-networks.ne.jp/detail/|https://usen-networks.co.jp/01/pdf/01_kiyaku.pdf,https://01.usen-networks.ne.jp/detail/,https://01.usen-networks.ne.jp/,https://01.usen-networks.ne.jp/,1ギガ v6＋ISP 標準料金,apartment,1000,NULL,5720,usen-f14d489381,verified,NULL,4510,NULL,NULL,NULL,NULL,2026-10-07,rechecked_unresolved,公式サービス・料金ページと公式サイト検索を再調査しましたが、このレコードに適用する上り最大値を確定できませんでした。下りと同じ値では埋めていません。,4620,にねん割申込・24か月利用条件。通常料金とは別,2026-10-07,ISP込みv6の標準料金を確認。にねん割・v4とは別条件,USEN NETWORKS,resolved,ISP込みv6の標準料金を確認。にねん割・v4とは別条件,2026-10-07,https://01.usen-networks.ne.jp/detail/
全国（設備・地域により対象外）,光コラボ,fixed,FTTH,true,active,NULL,NULL,false,NULL,要確認,NULL,NULL,NULL,NULL,NULL,NULL,NULL,NULL,NULL,4950,22000,NULL,工事内容・配線状況により変動。未確認額はNULL,NULL,NULL,0,0,NULL,NULL,NULL,NULL,要確認（通常月額に含めない）,NULL,NULL,NULL,2026-10-07,税込,公式ISPセット料金v6／割引なし。IPv4 over IPv6対応。にねん割適用料金を通常料金に混ぜない。対応ルーターを自前で用意するモデル（購入費は別）。,ブロードバンドユニバーサルサービス料・追加工事・任意オプション等は別途。適用額は公式で確認,NULL,個人名義専用。掲載額は「〜」のため通常月額はNULL、下限は別管理 ／ v6対応ルーターを利用者が用意する条件。XG専用ルーターレンタルを選ぶ場合は550円/月が別途。,usen,USEN光01,USEN NETWORKS,https://01.usen-networks.ne.jp/,https://01.usen-networks.ne.jp/,https://01.usen-networks.ne.jp/|https://01.usen-networks.ne.jp/detail/|https://usen-networks.co.jp/01/pdf/01_kiyaku.pdf,https://01.usen-networks.ne.jp/detail/,https://01.usen-networks.ne.jp/,https://01.usen-networks.ne.jp/,10ギガ XG v6＋ISP 標準料金,house,10000,NULL,9020,usen-b5a0fa064f,verified,NULL,6875,NULL,NULL,NULL,NULL,2026-10-07,rechecked_unresolved,公式サービス・料金ページと公式サイト検索を再調査しましたが、このレコードに適用する上り最大値を確定できませんでした。下りと同じ値では埋めていません。,6875,にねん割申込・24か月利用条件。通常料金とは別,2026-10-07,ISP込みv6の標準料金を確認。にねん割・v4とは別条件,USEN NETWORKS,resolved,ISP込みv6の標準料金を確認。にねん割・v4とは別条件,2026-10-07,https://01.usen-networks.ne.jp/detail/
全国（設備・地域により対象外）,光コラボ,fixed,FTTH,true,active,NULL,NULL,false,NULL,要確認,NULL,NULL,NULL,NULL,NULL,NULL,NULL,NULL,NULL,4950,22000,NULL,工事内容・配線状況により変動。未確認額はNULL,NULL,NULL,0,0,NULL,NULL,NULL,NULL,要確認（通常月額に含めない）,NULL,NULL,NULL,2026-10-07,税込,公式ISPセット料金v6／割引なし。IPv4 over IPv6対応。にねん割適用料金を通常料金に混ぜない。対応ルーターを自前で用意するモデル（購入費は別）。,ブロードバンドユニバーサルサービス料・追加工事・任意オプション等は別途。適用額は公式で確認,NULL,個人名義専用。掲載額は「〜」のため通常月額はNULL、下限は別管理 ／ v6対応ルーターを利用者が用意する条件。XG専用ルーターレンタルを選ぶ場合は550円/月が別途。,usen,USEN光01,USEN NETWORKS,https://01.usen-networks.ne.jp/,https://01.usen-networks.ne.jp/,https://01.usen-networks.ne.jp/|https://01.usen-networks.ne.jp/detail/|https://usen-networks.co.jp/01/pdf/01_kiyaku.pdf,https://01.usen-networks.ne.jp/detail/,https://01.usen-networks.ne.jp/,https://01.usen-networks.ne.jp/,10ギガ XG v6＋ISP 標準料金,apartment,10000,NULL,9020,usen-3736f9ae99,verified,NULL,6875,NULL,NULL,NULL,NULL,2026-10-07,rechecked_unresolved,公式サービス・料金ページと公式サイト検索を再調査しましたが、このレコードに適用する上り最大値を確定できませんでした。下りと同じ値では埋めていません。,6875,にねん割申込・24か月利用条件。通常料金とは別,2026-10-07,ISP込みv6の標準料金を確認。にねん割・v4とは別条件,USEN NETWORKS,resolved,ISP込みv6の標準料金を確認。にねん割・v4とは別条件,2026-10-07,https://01.usen-networks.ne.jp/detail/
関西2府4県・福井県の一部,電力系,fixed,FTTH,true,active,NULL,NULL,false,NULL,要確認,NULL,NULL,NULL,NULL,NULL,NULL,NULL,NULL,NULL,3300,NULL,NULL,工事内容・配線状況により変動。未確認額はNULL,24,NULL,0,0,NULL,NULL,NULL,NULL,要確認（通常月額に含めない）,NULL,NULL,NULL,2026-10-07,税込,即割を選択した2年利用条件のプラン。キャンペーン終了後の基本料金。Wi-Fi機能105円は任意,ブロードバンドユニバーサルサービス料・追加工事・任意オプション等は別途。適用額は公式で確認,NULL,提供方式・建物・長期契約割引の条件を公式で確認,eo,eo光,オプテージ,https://eonet.jp/home/service/net/,https://eonet.jp/typen/,https://eonet.jp/typen/|https://eonet.jp/home/service/net/details/|https://eonet.jp/home/charge/pricelist/|https://eonet.jp/home/charge/common/data/service.json,https://eonet.jp/home/charge/pricelist/|https://eonet.jp/home/charge/common/data/service.json,https://eonet.jp/typen/|https://eonet.jp/home/service/net/details/,https://eonet.jp/typen/,1ギガ 即割（2年）,house,1000,1000,5500,eo-0279a86cd2,verified,NULL,NULL,NULL,NULL,大阪府|京都府|兵庫県|奈良県|滋賀県|和歌山県|福井県,https://eonet.jp/home/service/net/details/,2026-10-07,verified,技術規格上の最大値。実効速度の保証ではありません。,NULL,NULL,2026-10-07,即割（2年間利用条件）の継続基本料を公式料金表と表示用JSONで照合。期間限定キャンペーンを除外,オプテージ,resolved,即割（2年間利用条件）の継続基本料を公式料金表と表示用JSONで照合。期間限定キャンペーンを除外,2026-10-07,https://eonet.jp/home/charge/pricelist/|https://eonet.jp/home/charge/common/data/service.json
関西2府4県・福井県の一部,電力系,fixed,FTTH,true,active,NULL,NULL,false,NULL,要確認,NULL,NULL,NULL,NULL,NULL,NULL,NULL,NULL,NULL,NULL,NULL,NULL,工事内容・配線状況により変動。未確認額はNULL,NULL,NULL,0,0,NULL,NULL,NULL,NULL,要確認（通常月額に含めない）,NULL,NULL,NULL,2026-10-07,税込,通常料金・プロバイダー込み。キャンペーン・スマホ割を除く,ブロードバンドユニバーサルサービス料・追加工事・任意オプション等は別途。適用額は公式で確認,NULL,提供方式・建物・長期契約割引の条件を公式で確認,eo,eo光,オプテージ,https://eonet.jp/service/net/mansion/,https://eonet.jp/typen/,https://eonet.jp/typen/|https://eonet.jp/home/service/net/details/|https://support.eonet.jp/download/contract/pdf/manshion_member02.pdf,https://eonet.jp/typen/,https://eonet.jp/typen/,https://eonet.jp/typen/,1ギガ,apartment,1000,NULL,NULL,eo-7148942e90,needs_confirmation,NULL,NULL,NULL,NULL,大阪府|京都府|兵庫県|奈良県|滋賀県|和歌山県|福井県,NULL,2026-10-07,rechecked_unresolved,公式サービス・料金ページと公式サイト検索を再調査しましたが、このレコードに適用する上り最大値を確定できませんでした。下りと同じ値では埋めていません。,NULL,NULL,2026-10-07,マンションの配線方式・棟ごとの個別契約で料金が決まる。戸建て・type Nの料金を転記しない,オプテージ,conditional,マンションの配線方式・棟ごとの個別契約で料金が決まる。戸建て・type Nの料金を転記しない,2026-10-07,https://eonet.jp/home/service/net/details/|https://support.eonet.jp/download/contract/pdf/manshion_member02.pdf
関西2府4県・福井県の一部,電力系,fixed,FTTH,true,active,NULL,NULL,false,NULL,要確認,NULL,NULL,NULL,NULL,NULL,NULL,NULL,NULL,NULL,3300,NULL,NULL,工事内容・配線状況により変動。未確認額はNULL,24,NULL,0,0,NULL,NULL,NULL,NULL,要確認（通常月額に含めない）,NULL,NULL,NULL,2026-10-07,税込,即割を選択した2年利用条件のプラン。キャンペーン終了後の基本料金。Wi-Fi機能105円は任意,ブロードバンドユニバーサルサービス料・追加工事・任意オプション等は別途。適用額は公式で確認,NULL,提供方式・建物・長期契約割引の条件を公式で確認,eo,eo光,オプテージ,https://eonet.jp/home/service/net/,https://eonet.jp/typen/,https://eonet.jp/typen/|https://eonet.jp/home/service/net/details/|https://eonet.jp/home/charge/pricelist/|https://eonet.jp/home/charge/common/data/service.json,https://eonet.jp/home/charge/pricelist/|https://eonet.jp/home/charge/common/data/service.json,https://eonet.jp/typen/|https://eonet.jp/home/service/net/details/,https://eonet.jp/typen/,5ギガ 即割（2年）,house,5000,5000,5960,eo-b2fa9243d6,verified,NULL,NULL,NULL,NULL,大阪府|京都府|兵庫県|奈良県|滋賀県|和歌山県|福井県,https://eonet.jp/home/service/net/details/,2026-10-07,verified,技術規格上の最大値。実効速度の保証ではありません。,NULL,NULL,2026-10-07,即割（2年間利用条件）の継続基本料を公式料金表と表示用JSONで照合。期間限定キャンペーンを除外,オプテージ,resolved,即割（2年間利用条件）の継続基本料を公式料金表と表示用JSONで照合。期間限定キャンペーンを除外,2026-10-07,https://eonet.jp/home/charge/pricelist/|https://eonet.jp/home/charge/common/data/service.json
関西2府4県・福井県の一部,電力系,fixed,FTTH,true,active,NULL,NULL,false,NULL,要確認,NULL,NULL,NULL,NULL,NULL,NULL,NULL,NULL,NULL,NULL,NULL,NULL,工事内容・配線状況により変動。未確認額はNULL,NULL,NULL,0,0,NULL,NULL,NULL,NULL,要確認（通常月額に含めない）,NULL,NULL,NULL,2026-10-07,税込,通常料金・プロバイダー込み。キャンペーン・スマホ割を除く,ブロードバンドユニバーサルサービス料・追加工事・任意オプション等は別途。適用額は公式で確認,NULL,提供方式・建物・長期契約割引の条件を公式で確認,eo,eo光,オプテージ,https://eonet.jp/service/net/mansion/,https://eonet.jp/typen/,https://eonet.jp/typen/|https://eonet.jp/home/service/net/details/|https://support.eonet.jp/download/contract/pdf/manshion_member02.pdf,https://eonet.jp/typen/,https://eonet.jp/typen/,https://eonet.jp/typen/,5ギガ,apartment,5000,NULL,NULL,eo-a54bb54d7e,needs_confirmation,NULL,NULL,NULL,NULL,大阪府|京都府|兵庫県|奈良県|滋賀県|和歌山県|福井県,NULL,2026-10-07,rechecked_unresolved,公式サービス・料金ページと公式サイト検索を再調査しましたが、このレコードに適用する上り最大値を確定できませんでした。下りと同じ値では埋めていません。,NULL,NULL,2026-10-07,マンションの配線方式・棟ごとの個別契約で料金が決まる。戸建て・type Nの料金を転記しない,オプテージ,conditional,マンションの配線方式・棟ごとの個別契約で料金が決まる。戸建て・type Nの料金を転記しない,2026-10-07,https://eonet.jp/home/service/net/details/|https://support.eonet.jp/download/contract/pdf/manshion_member02.pdf
関西2府4県・福井県の一部,電力系,fixed,FTTH,true,active,NULL,NULL,false,NULL,要確認,NULL,NULL,NULL,NULL,NULL,NULL,NULL,NULL,NULL,3300,NULL,NULL,工事内容・配線状況により変動。未確認額はNULL,24,NULL,0,0,NULL,NULL,NULL,NULL,要確認（通常月額に含めない）,NULL,NULL,NULL,2026-10-07,税込,即割を選択した2年利用条件のプラン。キャンペーン終了後の基本料金。Wi-Fi機能105円は任意,ブロードバンドユニバーサルサービス料・追加工事・任意オプション等は別途。適用額は公式で確認,NULL,提供方式・建物・長期契約割引の条件を公式で確認,eo,eo光,オプテージ,https://eonet.jp/home/service/net/,https://eonet.jp/typen/,https://eonet.jp/typen/|https://eonet.jp/home/service/net/details/|https://eonet.jp/home/charge/pricelist/|https://eonet.jp/home/charge/common/data/service.json,https://eonet.jp/home/charge/pricelist/|https://eonet.jp/home/charge/common/data/service.json,https://eonet.jp/typen/|https://eonet.jp/home/service/net/details/,https://eonet.jp/typen/,10ギガ 即割（2年）,house,10000,10000,6530,eo-9d7373fa30,verified,NULL,NULL,NULL,NULL,大阪府|京都府|兵庫県|奈良県|滋賀県|和歌山県|福井県,https://eonet.jp/home/service/net/details/,2026-10-07,verified,技術規格上の最大値。実効速度の保証ではありません。,NULL,NULL,2026-10-07,即割（2年間利用条件）の継続基本料を公式料金表と表示用JSONで照合。期間限定キャンペーンを除外,オプテージ,resolved,即割（2年間利用条件）の継続基本料を公式料金表と表示用JSONで照合。期間限定キャンペーンを除外,2026-10-07,https://eonet.jp/home/charge/pricelist/|https://eonet.jp/home/charge/common/data/service.json
関西2府4県・福井県の一部,電力系,fixed,FTTH,true,active,NULL,NULL,false,NULL,要確認,NULL,NULL,NULL,NULL,NULL,NULL,NULL,NULL,NULL,NULL,NULL,NULL,工事内容・配線状況により変動。未確認額はNULL,NULL,NULL,0,0,NULL,NULL,NULL,NULL,要確認（通常月額に含めない）,NULL,NULL,NULL,2026-10-07,税込,通常料金・プロバイダー込み。キャンペーン・スマホ割を除く,ブロードバンドユニバーサルサービス料・追加工事・任意オプション等は別途。適用額は公式で確認,NULL,提供方式・建物・長期契約割引の条件を公式で確認,eo,eo光,オプテージ,https://eonet.jp/service/net/mansion/,https://eonet.jp/typen/,https://eonet.jp/typen/|https://eonet.jp/home/service/net/details/|https://support.eonet.jp/download/contract/pdf/manshion_member02.pdf,https://eonet.jp/typen/,https://eonet.jp/typen/,https://eonet.jp/typen/,10ギガ,apartment,10000,NULL,NULL,eo-f287974095,needs_confirmation,NULL,NULL,NULL,NULL,大阪府|京都府|兵庫県|奈良県|滋賀県|和歌山県|福井県,NULL,2026-10-07,rechecked_unresolved,公式サービス・料金ページと公式サイト検索を再調査しましたが、このレコードに適用する上り最大値を確定できませんでした。下りと同じ値では埋めていません。,NULL,NULL,2026-10-07,マンションの配線方式・棟ごとの個別契約で料金が決まる。戸建て・type Nの料金を転記しない,オプテージ,conditional,マンションの配線方式・棟ごとの個別契約で料金が決まる。戸建て・type Nの料金を転記しない,2026-10-07,https://eonet.jp/home/service/net/details/|https://support.eonet.jp/download/contract/pdf/manshion_member02.pdf
関西2府4県・福井県の一部（戸建て）,電力系,fixed,FTTH,true,active,NULL,NULL,false,NULL,要確認,NULL,NULL,NULL,NULL,NULL,NULL,NULL,NULL,NULL,NULL,NULL,NULL,工事内容・配線状況により変動。未確認額はNULL,0,0,0,0,NULL,NULL,NULL,NULL,要確認（通常月額に含めない）,NULL,NULL,NULL,2026-10-07,税込,通常料金・プロバイダー込み。キャンペーン・スマホ割を除く,ブロードバンドユニバーサルサービス料・追加工事・任意オプション等は別途。適用額は公式で確認,NULL,提供方式・建物・長期契約割引の条件を公式で確認,eo-simple,eo光シンプルプラン,オプテージ,https://simple.eonet.jp/,https://simple.eonet.jp/,https://support.eonet.jp/download/contract/pdf/simple_terms.pdf,https://support.eonet.jp/download/contract/pdf/simple_terms.pdf,https://simple.eonet.jp/,https://simple.eonet.jp/,10ギガ シンプル,house,10000,10000,5500,eo-simple-c239f6d142,verified,NULL,NULL,NULL,NULL,大阪府|京都府|兵庫県|奈良県|滋賀県|和歌山県|福井県,NULL,NULL,previously_recorded,NULL,NULL,NULL,NULL,NULL,オプテージ,NULL,NULL,NULL,NULL
NTTエリア（申込条件あり）,光コラボ,fixed,FTTH,true,active,NULL,NULL,false,NULL,要確認,NULL,NULL,NULL,NULL,NULL,NULL,NULL,NULL,NULL,NULL,NULL,NULL,工事内容・配線状況により変動。未確認額はNULL,NULL,NULL,0,0,NULL,NULL,NULL,NULL,要確認（通常月額に含めない）,NULL,NULL,NULL,2026-10-07,税込,通常料金・プロバイダー込み。キャンペーン・スマホ割を除く,ブロードバンドユニバーサルサービス料・追加工事・任意オプション等は別途。適用額は公式で確認,NULL,提供方式・建物・長期契約割引の条件を公式で確認,eo-n,eo光ネット(type N),オプテージ,https://eonet.jp/typen/,https://eonet.jp/typen/,https://eonet.jp/typen/,https://eonet.jp/typen/,https://eonet.jp/typen/,https://eonet.jp/typen/,1ギガ,house,1000,NULL,5448,eo-n-0279a86cd2,verified,NULL,NULL,NULL,NULL,NULL,NULL,2026-10-07,rechecked_unresolved,公式サービス・料金ページと公式サイト検索を再調査しましたが、このレコードに適用する上り最大値を確定できませんでした。下りと同じ値では埋めていません。,NULL,NULL,NULL,NULL,オプテージ,NULL,NULL,NULL,NULL
NTTエリア（申込条件あり）,光コラボ,fixed,FTTH,true,active,NULL,NULL,false,NULL,要確認,NULL,NULL,NULL,NULL,NULL,NULL,NULL,NULL,NULL,NULL,NULL,NULL,工事内容・配線状況により変動。未確認額はNULL,NULL,NULL,0,0,NULL,NULL,NULL,NULL,要確認（通常月額に含めない）,NULL,NULL,NULL,2026-10-07,税込,通常料金・プロバイダー込み。キャンペーン・スマホ割を除く,ブロードバンドユニバーサルサービス料・追加工事・任意オプション等は別途。適用額は公式で確認,NULL,提供方式・建物・長期契約割引の条件を公式で確認,eo-n,eo光ネット(type N),オプテージ,https://eonet.jp/typen/,https://eonet.jp/typen/,https://eonet.jp/typen/,https://eonet.jp/typen/,https://eonet.jp/typen/,https://eonet.jp/typen/,1ギガ,apartment,1000,NULL,4070,eo-n-7148942e90,verified,NULL,NULL,NULL,NULL,NULL,NULL,2026-10-07,rechecked_unresolved,公式サービス・料金ページと公式サイト検索を再調査しましたが、このレコードに適用する上り最大値を確定できませんでした。下りと同じ値では埋めていません。,NULL,NULL,NULL,NULL,オプテージ,NULL,NULL,NULL,NULL
NTTエリア（申込条件あり）,光コラボ,fixed,FTTH,true,active,NULL,NULL,false,NULL,要確認,NULL,NULL,NULL,NULL,NULL,NULL,NULL,NULL,NULL,NULL,NULL,NULL,工事内容・配線状況により変動。未確認額はNULL,NULL,NULL,0,0,NULL,NULL,NULL,NULL,要確認（通常月額に含めない）,NULL,NULL,NULL,2026-10-07,税込,通常料金・プロバイダー込み。キャンペーン・スマホ割を除く,ブロードバンドユニバーサルサービス料・追加工事・任意オプション等は別途。適用額は公式で確認,NULL,提供方式・建物・長期契約割引の条件を公式で確認,eo-n,eo光ネット(type N),オプテージ,https://eonet.jp/typen/,https://eonet.jp/typen/,https://eonet.jp/typen/,https://eonet.jp/typen/,https://eonet.jp/typen/,https://eonet.jp/typen/,10ギガ,house,10000,NULL,6530,eo-n-9d7373fa30,verified,NULL,NULL,NULL,NULL,NULL,NULL,2026-10-07,rechecked_unresolved,公式サービス・料金ページと公式サイト検索を再調査しましたが、このレコードに適用する上り最大値を確定できませんでした。下りと同じ値では埋めていません。,NULL,NULL,NULL,NULL,オプテージ,NULL,NULL,NULL,NULL
NTTエリア（申込条件あり）,光コラボ,fixed,FTTH,true,active,NULL,NULL,false,NULL,要確認,NULL,NULL,NULL,NULL,NULL,NULL,NULL,NULL,NULL,NULL,NULL,NULL,工事内容・配線状況により変動。未確認額はNULL,NULL,NULL,0,0,NULL,NULL,NULL,NULL,要確認（通常月額に含めない）,NULL,NULL,NULL,2026-10-07,税込,通常料金・プロバイダー込み。キャンペーン・スマホ割を除く,ブロードバンドユニバーサルサービス料・追加工事・任意オプション等は別途。適用額は公式で確認,NULL,提供方式・建物・長期契約割引の条件を公式で確認,eo-n,eo光ネット(type N),オプテージ,https://eonet.jp/typen/,https://eonet.jp/typen/,https://eonet.jp/typen/,https://eonet.jp/typen/,https://eonet.jp/typen/,https://eonet.jp/typen/,10ギガ,apartment,10000,NULL,6930,eo-n-f287974095,verified,NULL,NULL,NULL,NULL,NULL,NULL,2026-10-07,rechecked_unresolved,公式サービス・料金ページと公式サイト検索を再調査しましたが、このレコードに適用する上り最大値を確定できませんでした。下りと同じ値では埋めていません。,NULL,NULL,NULL,NULL,オプテージ,NULL,NULL,NULL,NULL
愛知・岐阜・三重・静岡・長野の一部,電力系,fixed,FTTH,true,active,NULL,NULL,false,NULL,光電話等の加入条件を公式で確認,au|UQ mobile,NULL,NULL,NULL,NULL,NULL,NULL,NULL,NULL,NULL,NULL,NULL,工事内容・配線状況により変動。未確認額はNULL,NULL,NULL,0,0,NULL,NULL,NULL,NULL,要確認（通常月額に含めない）,NULL,NULL,NULL,2026-10-07,税込,通常料金・プロバイダー込み。キャンペーン・スマホ割を除く,ブロードバンドユニバーサルサービス料・追加工事・任意オプション等は別途。適用額は公式で確認,NULL,通常月額はスタート割適用なしの価格。継続契約割は別データ,commufa,コミュファ光,中部テレコミュニケーション,https://www.commufa.jp/services/,https://www.commufa.jp/satellite/areacheck,https://www.commufa.jp/services/|https://www.commufa.jp/services/home/home-s-1g/,https://www.commufa.jp/services/|https://www.commufa.jp/services/mansion/,https://www.commufa.jp/services/|https://www.commufa.jp/services/home/home-s-1g/,https://www.commufa.jp/services/,1ギガ 一体型,house,1000,1000,5720,commufa-78cc21c8a3,verified,NULL,NULL,NULL,NULL,愛知県|岐阜県|三重県|静岡県|長野県,https://www.commufa.jp/services/home/home-s-1g/,2026-10-07,verified,技術規格上の最大値。実効速度の保証ではありません。,NULL,NULL,NULL,NULL,中部テレコミュニケーション,NULL,NULL,NULL,NULL
愛知・岐阜・三重・静岡・長野の一部,電力系,fixed,FTTH,true,active,NULL,NULL,false,NULL,光電話等の加入条件を公式で確認,au|UQ mobile,NULL,NULL,NULL,NULL,NULL,NULL,NULL,NULL,NULL,NULL,NULL,工事内容・配線状況により変動。未確認額はNULL,NULL,NULL,0,0,NULL,NULL,NULL,NULL,要確認（通常月額に含めない）,NULL,NULL,NULL,2026-10-07,税込,通常料金・プロバイダー込み。キャンペーン・スマホ割を除く,ブロードバンドユニバーサルサービス料・追加工事・任意オプション等は別途。適用額は公式で確認,NULL,通常月額はスタート割適用なしの価格。継続契約割は別データ,commufa,コミュファ光,中部テレコミュニケーション,https://www.commufa.jp/services/,https://www.commufa.jp/satellite/areacheck,https://www.commufa.jp/services/|https://www.commufa.jp/services/mansion/mansionf-1g/,https://www.commufa.jp/services/|https://www.commufa.jp/services/mansion/,https://www.commufa.jp/services/|https://www.commufa.jp/services/mansion/mansionf-1g/,https://www.commufa.jp/services/,1ギガ 一体型,apartment,1000,1000,4620,commufa-df8c84d609,verified,NULL,NULL,NULL,NULL,愛知県|岐阜県|三重県|静岡県|長野県,https://www.commufa.jp/services/mansion/mansionf-1g/,2026-10-07,verified,公式の回線品目における技術規格上の最大値です。実効速度の保証ではありません。建物・配線・回線品目によって利用できる速度が変わります。,NULL,NULL,NULL,NULL,中部テレコミュニケーション,NULL,NULL,NULL,NULL
愛知・岐阜・三重・静岡・長野の一部,電力系,fixed,FTTH,true,active,NULL,NULL,false,NULL,光電話等の加入条件を公式で確認,au|UQ mobile,NULL,NULL,NULL,NULL,NULL,NULL,NULL,NULL,NULL,NULL,NULL,工事内容・配線状況により変動。未確認額はNULL,NULL,NULL,0,0,NULL,NULL,NULL,NULL,要確認（通常月額に含めない）,NULL,NULL,NULL,2026-10-07,税込,通常料金・プロバイダー込み。キャンペーン・スマホ割を除く,ブロードバンドユニバーサルサービス料・追加工事・任意オプション等は別途。適用額は公式で確認,NULL,通常月額はスタート割適用なしの価格。継続契約割は別データ,commufa,コミュファ光,中部テレコミュニケーション,https://www.commufa.jp/services/,https://www.commufa.jp/satellite/areacheck,https://www.commufa.jp/services/|https://www.commufa.jp/services/home/home-10g/,https://www.commufa.jp/services/,https://www.commufa.jp/services/|https://www.commufa.jp/services/home/home-10g/,https://www.commufa.jp/services/,10ギガ 一体型,house,10000,10000,6490,commufa-85d021ec11,verified,NULL,NULL,NULL,NULL,愛知県|岐阜県|三重県|静岡県|長野県,https://www.commufa.jp/services/home/home-10g/,2026-10-07,verified,技術規格上の最大値。実効速度の保証ではありません。,NULL,NULL,NULL,NULL,中部テレコミュニケーション,NULL,NULL,NULL,NULL
愛知・岐阜・三重・静岡・長野の一部,電力系,fixed,FTTH,true,active,NULL,NULL,false,NULL,光電話等の加入条件を公式で確認,au|UQ mobile,NULL,NULL,NULL,NULL,NULL,NULL,NULL,NULL,NULL,NULL,NULL,工事内容・配線状況により変動。未確認額はNULL,NULL,NULL,0,0,NULL,NULL,NULL,NULL,要確認（通常月額に含めない）,NULL,NULL,NULL,2026-10-07,税込,通常料金・プロバイダー込み。キャンペーン・スマホ割を除く,ブロードバンドユニバーサルサービス料・追加工事・任意オプション等は別途。適用額は公式で確認,NULL,通常月額はスタート割適用なしの価格。継続契約割は別データ,commufa,コミュファ光,中部テレコミュニケーション,https://www.commufa.jp/services/,https://www.commufa.jp/satellite/areacheck,https://www.commufa.jp/services/|https://www.commufa.jp/services/mansion/mansionf-10g/,https://www.commufa.jp/services/,https://www.commufa.jp/services/|https://www.commufa.jp/services/mansion/mansionf-10g/,https://www.commufa.jp/services/,10ギガ 一体型,apartment,10000,10000,6490,commufa-b7171c963f,verified,NULL,NULL,NULL,NULL,愛知県|岐阜県|三重県|静岡県|長野県,https://www.commufa.jp/services/mansion/mansionf-10g/,2026-10-07,verified,公式の回線品目における技術規格上の最大値です。実効速度の保証ではありません。建物・配線・回線品目によって利用できる速度が変わります。,NULL,NULL,NULL,NULL,中部テレコミュニケーション,NULL,NULL,NULL,NULL
愛知・岐阜・三重・静岡・長野の一部,電力系,fixed,FTTH,true,active,NULL,NULL,false,NULL,光電話等の加入条件を公式で確認,au|UQ mobile,NULL,NULL,NULL,NULL,NULL,NULL,NULL,NULL,NULL,NULL,NULL,工事内容・配線状況により変動。未確認額はNULL,NULL,NULL,0,0,NULL,NULL,NULL,NULL,要確認（通常月額に含めない）,NULL,NULL,NULL,2026-10-07,税込,通常料金・プロバイダー込み。キャンペーン・スマホ割を除く,ブロードバンドユニバーサルサービス料・追加工事・任意オプション等は別途。適用額は公式で確認,NULL,通常月額はスタート割適用なしの価格。継続契約割は別データ,commufa,コミュファ光,中部テレコミュニケーション,https://www.commufa.jp/services/,https://www.commufa.jp/satellite/areacheck,https://www.commufa.jp/services/,https://www.commufa.jp/services/,https://www.commufa.jp/services/,https://www.commufa.jp/services/,30メガ,house,30,NULL,4741,commufa-cfffb55fd9,verified,NULL,NULL,NULL,NULL,愛知県|岐阜県|三重県|静岡県|長野県,NULL,2026-10-07,rechecked_unresolved,公式サービス・料金ページと公式サイト検索を再調査しましたが、このレコードに適用する上り最大値を確定できませんでした。下りと同じ値では埋めていません。,NULL,NULL,NULL,NULL,中部テレコミュニケーション,NULL,NULL,NULL,NULL
愛知・岐阜・三重・静岡・長野の一部,電力系,fixed,LAN/VDSL,true,active,NULL,NULL,false,NULL,光電話等の加入条件を公式で確認,au|UQ mobile,NULL,NULL,NULL,NULL,NULL,NULL,NULL,NULL,NULL,NULL,NULL,工事内容・配線状況により変動。未確認額はNULL,NULL,NULL,0,0,NULL,NULL,NULL,NULL,要確認（通常月額に含めない）,NULL,NULL,NULL,2026-10-07,税込,通常料金・プロバイダー込み。キャンペーン・スマホ割を除く,ブロードバンドユニバーサルサービス料・追加工事・任意オプション等は別途。適用額は公式で確認,NULL,通常月額はスタート割適用なしの価格。継続契約割は別データ,commufa,コミュファ光,中部テレコミュニケーション,https://www.commufa.jp/services/,https://www.commufa.jp/satellite/areacheck,https://www.commufa.jp/services/,https://www.commufa.jp/services/,https://www.commufa.jp/services/,https://www.commufa.jp/services/,100メガ LAN/VDSL,apartment,100,NULL,4620,commufa-db5f68a5b0,verified,NULL,NULL,NULL,NULL,愛知県|岐阜県|三重県|静岡県|長野県,NULL,2026-10-07,rechecked_unresolved,公式サービス・料金ページと公式サイト検索を再調査しましたが、このレコードに適用する上り最大値を確定できませんでした。下りと同じ値では埋めていません。,NULL,NULL,NULL,NULL,中部テレコミュニケーション,NULL,NULL,NULL,NULL
愛知・岐阜・三重・静岡・長野の一部,電力系,fixed,FTTH,false,active,NULL,NULL,false,NULL,光電話等の加入条件を公式で確認,au|UQ mobile,NULL,NULL,NULL,NULL,NULL,NULL,NULL,NULL,NULL,NULL,NULL,工事内容・配線状況により変動。未確認額はNULL,NULL,NULL,0,0,NULL,NULL,NULL,NULL,要確認（通常月額に含めない）,NULL,NULL,NULL,2026-10-07,税込,通常料金・プロバイダー込み。キャンペーン・スマホ割を除く,ブロードバンドユニバーサルサービス料・追加工事・任意オプション等は別途。適用額は公式で確認,NULL,プロバイダー料金別。合計額未確定,commufa,コミュファ光,選択制,https://www.commufa.jp/services/,https://www.commufa.jp/satellite/areacheck,https://www.commufa.jp/services/|https://www.commufa.jp/services/home/home-s-1g/,https://www.commufa.jp/services/,https://www.commufa.jp/services/|https://www.commufa.jp/services/home/home-s-1g/,https://www.commufa.jp/services/,1ギガ セレクト,house,1000,1000,4620,commufa-02e3de6166,verified,NULL,NULL,NULL,NULL,愛知県|岐阜県|三重県|静岡県|長野県,https://www.commufa.jp/services/home/home-s-1g/,2026-10-07,verified,技術規格上の最大値。実効速度の保証ではありません。,NULL,NULL,2026-10-07,回線のみ料金は確認済み。別契約プロバイダー料金が必要,中部テレコミュニケーション,conditional,回線のみ料金は確認済み。別契約プロバイダー料金が必要,2026-10-07,https://www.commufa.jp/services/
愛知・岐阜・三重・静岡・長野の一部,電力系,fixed,FTTH,false,active,NULL,NULL,false,NULL,光電話等の加入条件を公式で確認,au|UQ mobile,NULL,NULL,NULL,NULL,NULL,NULL,NULL,NULL,NULL,NULL,NULL,工事内容・配線状況により変動。未確認額はNULL,NULL,NULL,0,0,NULL,NULL,NULL,NULL,要確認（通常月額に含めない）,NULL,NULL,NULL,2026-10-07,税込,通常料金・プロバイダー込み。キャンペーン・スマホ割を除く,ブロードバンドユニバーサルサービス料・追加工事・任意オプション等は別途。適用額は公式で確認,NULL,プロバイダー料金別。合計額未確定,commufa,コミュファ光,選択制,https://www.commufa.jp/services/,https://www.commufa.jp/satellite/areacheck,https://www.commufa.jp/services/,https://www.commufa.jp/services/,https://www.commufa.jp/services/,https://www.commufa.jp/services/,1ギガ セレクト,apartment,1000,NULL,3520,commufa-cbf2a0e35e,verified,NULL,NULL,NULL,NULL,愛知県|岐阜県|三重県|静岡県|長野県,NULL,2026-10-07,rechecked_unresolved,公式サービス・料金ページと公式サイト検索を再調査しましたが、このレコードに適用する上り最大値を確定できませんでした。下りと同じ値では埋めていません。,NULL,NULL,2026-10-07,回線のみ料金は確認済み。別契約プロバイダー料金が必要,中部テレコミュニケーション,conditional,回線のみ料金は確認済み。別契約プロバイダー料金が必要,2026-10-07,https://www.commufa.jp/services/
愛知・岐阜・三重・静岡・長野の一部,電力系,fixed,FTTH,false,active,NULL,NULL,false,NULL,光電話等の加入条件を公式で確認,au|UQ mobile,NULL,NULL,NULL,NULL,NULL,NULL,NULL,NULL,NULL,NULL,NULL,工事内容・配線状況により変動。未確認額はNULL,NULL,NULL,0,0,NULL,NULL,NULL,NULL,要確認（通常月額に含めない）,NULL,NULL,NULL,2026-10-07,税込,通常料金・プロバイダー込み。キャンペーン・スマホ割を除く,ブロードバンドユニバーサルサービス料・追加工事・任意オプション等は別途。適用額は公式で確認,NULL,プロバイダー料金別。合計額未確定,commufa,コミュファ光,選択制,https://www.commufa.jp/services/,https://www.commufa.jp/satellite/areacheck,https://www.commufa.jp/services/|https://www.commufa.jp/services/home/home-10g/,https://www.commufa.jp/services/,https://www.commufa.jp/services/|https://www.commufa.jp/services/home/home-10g/,https://www.commufa.jp/services/,10ギガ セレクト,house,10000,10000,5390,commufa-87fc80b938,verified,NULL,NULL,NULL,NULL,愛知県|岐阜県|三重県|静岡県|長野県,https://www.commufa.jp/services/home/home-10g/,2026-10-07,verified,技術規格上の最大値。実効速度の保証ではありません。,NULL,NULL,2026-10-07,回線のみ料金は確認済み。別契約プロバイダー料金が必要,中部テレコミュニケーション,conditional,回線のみ料金は確認済み。別契約プロバイダー料金が必要,2026-10-07,https://www.commufa.jp/services/
愛知・岐阜・三重・静岡・長野の一部,電力系,fixed,FTTH,false,active,NULL,NULL,false,NULL,光電話等の加入条件を公式で確認,au|UQ mobile,NULL,NULL,NULL,NULL,NULL,NULL,NULL,NULL,NULL,NULL,NULL,工事内容・配線状況により変動。未確認額はNULL,NULL,NULL,0,0,NULL,NULL,NULL,NULL,要確認（通常月額に含めない）,NULL,NULL,NULL,2026-10-07,税込,通常料金・プロバイダー込み。キャンペーン・スマホ割を除く,ブロードバンドユニバーサルサービス料・追加工事・任意オプション等は別途。適用額は公式で確認,NULL,プロバイダー料金別。合計額未確定,commufa,コミュファ光,選択制,https://www.commufa.jp/services/,https://www.commufa.jp/satellite/areacheck,https://www.commufa.jp/services/,https://www.commufa.jp/services/,https://www.commufa.jp/services/,https://www.commufa.jp/services/,10ギガ セレクト,apartment,10000,NULL,5390,commufa-e9dd2c8a27,verified,NULL,NULL,NULL,NULL,愛知県|岐阜県|三重県|静岡県|長野県,NULL,2026-10-07,rechecked_unresolved,公式サービス・料金ページと公式サイト検索を再調査しましたが、このレコードに適用する上り最大値を確定できませんでした。下りと同じ値では埋めていません。,NULL,NULL,2026-10-07,回線のみ料金は確認済み。別契約プロバイダー料金が必要,中部テレコミュニケーション,conditional,回線のみ料金は確認済み。別契約プロバイダー料金が必要,2026-10-07,https://www.commufa.jp/services/
九州7県の一部。6G/10Gは一部エリア,電力系,fixed,FTTH,true,active,NULL,NULL,false,NULL,対象スマホ＋光電話等の条件を公式で確認,au|UQ mobile|その他,NULL,NULL,NULL,NULL,NULL,NULL,NULL,NULL,NULL,NULL,NULL,工事内容・配線状況により変動。未確認額はNULL,NULL,NULL,0,0,NULL,NULL,NULL,NULL,要確認（通常月額に含めない）,NULL,NULL,NULL,2026-10-07,税込,戸建ては割引なし通常料金、集合住宅は戸数連動（範囲は下限/上限列）,ブロードバンドユニバーサルサービス料・追加工事・任意オプション等は別途。適用額は公式で確認,NULL,通常月額は長期割・九電割・スタート割適用なし。集合住宅は加入戸数で変動,bbiq,BBIQ光インターネット,QTnet,https://www.bbiq.jp/hikari/internet/price/,https://bbiq-mapping.net/,https://www.bbiq.jp/hikari/internet/price/,https://www.bbiq.jp/hikari/internet/price/,https://www.bbiq.jp/hikari/internet/price/,https://www.bbiq.jp/hikari/internet/price/,1ギガ,house,1000,1000,6380,bbiq-0279a86cd2,verified,NULL,4510,6380,NULL,福岡県|佐賀県|長崎県|熊本県|大分県|宮崎県|鹿児島県,NULL,NULL,previously_recorded,NULL,NULL,NULL,NULL,NULL,QTnet,NULL,NULL,NULL,NULL
九州7県の一部。6G/10Gは一部エリア,電力系,fixed,FTTH,true,active,NULL,NULL,false,NULL,対象スマホ＋光電話等の条件を公式で確認,au|UQ mobile|その他,NULL,NULL,NULL,NULL,NULL,NULL,NULL,NULL,880,43560,NULL,工事内容・配線状況により変動。未確認額はNULL,NULL,NULL,0,0,NULL,NULL,NULL,NULL,要確認（通常月額に含めない）,NULL,NULL,NULL,2026-10-07,税込,マンション通常料金（光配線方式）。1ギガ棟内LAN方式は別料金。ギガスタート割・九電まとめて割を除外,ブロードバンドユニバーサルサービス料・追加工事・任意オプション等は別途。適用額は公式で確認,NULL,通常月額は長期割・九電割・スタート割適用なし。集合住宅は加入戸数で変動,bbiq,BBIQ光インターネット,QTnet,https://www.bbiq.jp/hikari/internet/price/,https://bbiq-mapping.net/,https://www.bbiq.jp/hikari/internet/price/,https://www.bbiq.jp/hikari/internet/price/,https://www.bbiq.jp/hikari/internet/price/,https://www.bbiq.jp/hikari/internet/price/,1ギガ 光配線方式,apartment,1000,1000,NULL,bbiq-7148942e90,verified_variable,NULL,4510,6380,NULL,福岡県|佐賀県|長崎県|熊本県|大分県|宮崎県|鹿児島県,NULL,NULL,previously_recorded,NULL,NULL,NULL,2026-10-07,同じ建物の加入戸数・配線方式で月額が変わる。九電まとめて割を除く通常範囲を確認,QTnet,conditional,同じ建物の加入戸数・配線方式で月額が変わる。九電まとめて割を除く通常範囲を確認,2026-10-07,https://www.bbiq.jp/hikari/internet/price/
九州7県の一部。6G/10Gは一部エリア,電力系,fixed,FTTH,true,active,NULL,NULL,false,NULL,対象スマホ＋光電話等の条件を公式で確認,au|UQ mobile|その他,NULL,NULL,NULL,NULL,NULL,NULL,NULL,NULL,NULL,NULL,NULL,工事内容・配線状況により変動。未確認額はNULL,NULL,NULL,0,0,NULL,NULL,NULL,NULL,要確認（通常月額に含めない）,NULL,NULL,NULL,2026-10-07,税込,戸建ては割引なし通常料金、集合住宅は戸数連動（範囲は下限/上限列）,ブロードバンドユニバーサルサービス料・追加工事・任意オプション等は別途。適用額は公式で確認,NULL,通常月額は長期割・九電割・スタート割適用なし。集合住宅は加入戸数で変動,bbiq,BBIQ光インターネット,QTnet,https://www.bbiq.jp/hikari/internet/price/,https://bbiq-mapping.net/,https://www.bbiq.jp/hikari/internet/price/,https://www.bbiq.jp/hikari/internet/price/,https://www.bbiq.jp/hikari/internet/price/,https://www.bbiq.jp/hikari/internet/price/,6ギガ,house,6000,6000,7150,bbiq-18ad321525,verified,NULL,5280,7150,NULL,福岡県|佐賀県|長崎県|熊本県|大分県|宮崎県|鹿児島県,NULL,NULL,previously_recorded,NULL,NULL,NULL,NULL,NULL,QTnet,NULL,NULL,NULL,NULL
九州7県の一部。6G/10Gは一部エリア,電力系,fixed,FTTH,true,active,NULL,NULL,false,NULL,対象スマホ＋光電話等の条件を公式で確認,au|UQ mobile|その他,NULL,NULL,NULL,NULL,NULL,NULL,NULL,NULL,880,43560,NULL,工事内容・配線状況により変動。未確認額はNULL,NULL,NULL,0,0,NULL,NULL,NULL,NULL,要確認（通常月額に含めない）,NULL,NULL,NULL,2026-10-07,税込,マンション通常料金（光配線方式）。1ギガ棟内LAN方式は別料金。ギガスタート割・九電まとめて割を除外,ブロードバンドユニバーサルサービス料・追加工事・任意オプション等は別途。適用額は公式で確認,NULL,通常月額は長期割・九電割・スタート割適用なし。集合住宅は加入戸数で変動,bbiq,BBIQ光インターネット,QTnet,https://www.bbiq.jp/hikari/internet/price/,https://bbiq-mapping.net/,https://www.bbiq.jp/hikari/internet/price/,https://www.bbiq.jp/hikari/internet/price/,https://www.bbiq.jp/hikari/internet/price/,https://www.bbiq.jp/hikari/internet/price/,6ギガ 光配線方式,apartment,6000,6000,NULL,bbiq-ba2f1ac34c,verified_variable,NULL,5280,7150,NULL,福岡県|佐賀県|長崎県|熊本県|大分県|宮崎県|鹿児島県,NULL,NULL,previously_recorded,NULL,NULL,NULL,2026-10-07,同じ建物の加入戸数・配線方式で月額が変わる。九電まとめて割を除く通常範囲を確認,QTnet,conditional,同じ建物の加入戸数・配線方式で月額が変わる。九電まとめて割を除く通常範囲を確認,2026-10-07,https://www.bbiq.jp/hikari/internet/price/
九州7県の一部。6G/10Gは一部エリア,電力系,fixed,FTTH,true,active,NULL,NULL,false,NULL,対象スマホ＋光電話等の条件を公式で確認,au|UQ mobile|その他,NULL,NULL,NULL,NULL,NULL,NULL,NULL,NULL,NULL,NULL,NULL,工事内容・配線状況により変動。未確認額はNULL,NULL,NULL,0,0,NULL,NULL,NULL,NULL,要確認（通常月額に含めない）,NULL,NULL,NULL,2026-10-07,税込,戸建ては割引なし通常料金、集合住宅は戸数連動（範囲は下限/上限列）,ブロードバンドユニバーサルサービス料・追加工事・任意オプション等は別途。適用額は公式で確認,NULL,通常月額は長期割・九電割・スタート割適用なし。集合住宅は加入戸数で変動,bbiq,BBIQ光インターネット,QTnet,https://www.bbiq.jp/hikari/internet/price/,https://bbiq-mapping.net/,https://www.bbiq.jp/hikari/internet/price/,https://www.bbiq.jp/hikari/internet/price/,https://www.bbiq.jp/hikari/internet/price/,https://www.bbiq.jp/hikari/internet/price/,10ギガ,house,10000,10000,7370,bbiq-9d7373fa30,verified,NULL,5500,7370,NULL,福岡県|佐賀県|長崎県|熊本県|大分県|宮崎県|鹿児島県,NULL,NULL,previously_recorded,NULL,NULL,NULL,NULL,NULL,QTnet,NULL,NULL,NULL,NULL
九州7県の一部。6G/10Gは一部エリア,電力系,fixed,FTTH,true,active,NULL,NULL,false,NULL,対象スマホ＋光電話等の条件を公式で確認,au|UQ mobile|その他,NULL,NULL,NULL,NULL,NULL,NULL,NULL,NULL,880,43560,NULL,工事内容・配線状況により変動。未確認額はNULL,NULL,NULL,0,0,NULL,NULL,NULL,NULL,要確認（通常月額に含めない）,NULL,NULL,NULL,2026-10-07,税込,マンション通常料金（光配線方式）。1ギガ棟内LAN方式は別料金。ギガスタート割・九電まとめて割を除外,ブロードバンドユニバーサルサービス料・追加工事・任意オプション等は別途。適用額は公式で確認,NULL,通常月額は長期割・九電割・スタート割適用なし。集合住宅は加入戸数で変動,bbiq,BBIQ光インターネット,QTnet,https://www.bbiq.jp/hikari/internet/price/,https://bbiq-mapping.net/,https://www.bbiq.jp/hikari/internet/price/,https://www.bbiq.jp/hikari/internet/price/,https://www.bbiq.jp/hikari/internet/price/,https://www.bbiq.jp/hikari/internet/price/,10ギガ 光配線方式,apartment,10000,10000,NULL,bbiq-f287974095,verified_variable,NULL,5500,7370,NULL,福岡県|佐賀県|長崎県|熊本県|大分県|宮崎県|鹿児島県,NULL,NULL,previously_recorded,NULL,NULL,NULL,2026-10-07,同じ建物の加入戸数・配線方式で月額が変わる。九電まとめて割を除く通常範囲を確認,QTnet,conditional,同じ建物の加入戸数・配線方式で月額が変わる。九電まとめて割を除く通常範囲を確認,2026-10-07,https://www.bbiq.jp/hikari/internet/price/
徳島・香川・愛媛・高知の一部,電力系,fixed,FTTH,true,active,NULL,NULL,false,NULL,対象スマホ・光でんわ等の条件を公式で確認,au|UQ mobile,NULL,NULL,NULL,NULL,NULL,NULL,NULL,NULL,NULL,NULL,NULL,工事内容・配線状況により変動。未確認額はNULL,NULL,NULL,0,0,NULL,NULL,NULL,NULL,要確認（通常月額に含めない）,NULL,NULL,NULL,2026-10-07,税込,通常料金・プロバイダー込み。キャンペーン・スマホ割を除く,ブロードバンドユニバーサルサービス料・追加工事・任意オプション等は別途。適用額は公式で確認,NULL,,pikara,ピカラ光ねっと,STNet,https://www.pikara.jp/simulation/,https://www.pikara.jp/net/area.html,https://www.pikara.jp/simulation/|https://www.pikara.jp/net/service.html,https://www.pikara.jp/simulation/,https://www.pikara.jp/simulation/|https://www.pikara.jp/net/service.html,https://www.pikara.jp/simulation/,1ギガ 通常,house,1000,1000,5720,pikara-b342d6676c,verified,NULL,NULL,NULL,NULL,徳島県|香川県|愛媛県|高知県,https://www.pikara.jp/net/service.html,2026-10-07,verified,技術規格上の最大値。実効速度の保証ではありません。,NULL,NULL,NULL,NULL,STNet,NULL,NULL,NULL,NULL
徳島・香川・愛媛・高知の一部,電力系,fixed,FTTH,true,active,NULL,NULL,false,NULL,対象スマホ・光でんわ等の条件を公式で確認,au|UQ mobile,NULL,NULL,NULL,NULL,NULL,NULL,NULL,NULL,NULL,NULL,NULL,工事内容・配線状況により変動。未確認額はNULL,NULL,NULL,0,0,NULL,NULL,NULL,NULL,要確認（通常月額に含めない）,NULL,NULL,NULL,2026-10-07,税込,通常料金・プロバイダー込み。キャンペーン・スマホ割を除く,ブロードバンドユニバーサルサービス料・追加工事・任意オプション等は別途。適用額は公式で確認,NULL,,pikara,ピカラ光ねっと,STNet,https://www.pikara.jp/simulation/,https://www.pikara.jp/net/area.html,https://www.pikara.jp/simulation/|https://www.pikara.jp/net/service.html,https://www.pikara.jp/simulation/,https://www.pikara.jp/simulation/|https://www.pikara.jp/net/service.html,https://www.pikara.jp/simulation/,1ギガ 通常,apartment,1000,1000,4400,pikara-30d797e044,verified,NULL,NULL,NULL,NULL,徳島県|香川県|愛媛県|高知県,https://www.pikara.jp/net/service.html,2026-10-07,verified,技術規格上の最大値。実効速度の保証ではありません。,NULL,NULL,NULL,NULL,STNet,NULL,NULL,NULL,NULL
徳島・香川・愛媛・高知の一部,電力系,fixed,FTTH,true,active,NULL,NULL,false,NULL,対象スマホ・光でんわ等の条件を公式で確認,au|UQ mobile,NULL,NULL,NULL,NULL,NULL,NULL,NULL,NULL,NULL,NULL,NULL,工事内容・配線状況により変動。未確認額はNULL,NULL,NULL,0,0,NULL,NULL,NULL,NULL,要確認（通常月額に含めない）,NULL,NULL,NULL,2026-10-07,税込,通常料金・プロバイダー込み。キャンペーン・スマホ割を除く,ブロードバンドユニバーサルサービス料・追加工事・任意オプション等は別途。適用額は公式で確認,NULL,,pikara,ピカラ光ねっと,STNet,https://www.pikara.jp/simulation/,https://www.pikara.jp/net/area.html,https://www.pikara.jp/simulation/|https://www.pikara.jp/net/service.html,https://www.pikara.jp/simulation/,https://www.pikara.jp/simulation/|https://www.pikara.jp/net/service.html,https://www.pikara.jp/simulation/,10ギガ 通常,house,10000,10000,6270,pikara-5f497c4fda,verified,NULL,NULL,NULL,NULL,徳島県|香川県|愛媛県|高知県,https://www.pikara.jp/net/service.html,2026-10-07,verified,技術規格上の最大値。実効速度の保証ではありません。,NULL,NULL,NULL,NULL,STNet,NULL,NULL,NULL,NULL
徳島・香川・愛媛・高知の一部,電力系,fixed,FTTH,true,active,NULL,NULL,false,NULL,対象スマホ・光でんわ等の条件を公式で確認,au|UQ mobile,NULL,NULL,NULL,NULL,NULL,NULL,NULL,NULL,NULL,NULL,NULL,工事内容・配線状況により変動。未確認額はNULL,NULL,NULL,0,0,NULL,NULL,NULL,NULL,要確認（通常月額に含めない）,NULL,NULL,NULL,2026-10-07,税込,通常料金・プロバイダー込み。キャンペーン・スマホ割を除く,ブロードバンドユニバーサルサービス料・追加工事・任意オプション等は別途。適用額は公式で確認,NULL,,pikara,ピカラ光ねっと,STNet,https://www.pikara.jp/simulation/,https://www.pikara.jp/net/area.html,https://www.pikara.jp/simulation/|https://www.pikara.jp/net/service.html,https://www.pikara.jp/simulation/,https://www.pikara.jp/simulation/|https://www.pikara.jp/net/service.html,https://www.pikara.jp/simulation/,10ギガ 通常,apartment,10000,10000,6050,pikara-259657a809,verified,NULL,NULL,NULL,NULL,徳島県|香川県|愛媛県|高知県,https://www.pikara.jp/net/service.html,2026-10-07,verified,技術規格上の最大値。実効速度の保証ではありません。,NULL,NULL,NULL,NULL,STNet,NULL,NULL,NULL,NULL
徳島・香川・愛媛・高知の一部,電力系,fixed,FTTH,true,active,NULL,NULL,false,NULL,ステップ2コースはau/UQスマホ割を併用せず、スマホ割はフラットコースへの変更が必要,NULL,0,NULL,NULL,NULL,NULL,NULL,NULL,NULL,NULL,NULL,NULL,工事内容・配線状況により変動。未確認額はNULL,24,NULL,0,0,NULL,NULL,NULL,NULL,要確認（通常月額に含めない）,NULL,NULL,NULL,2026-10-07,税込,2年長期契約コースの初期期間月額（通常基本料金とは別プラン）,ブロードバンドユニバーサルサービス料・追加工事・任意オプション等は別途。適用額は公式で確認,NULL,ステップ2コースの当初料金を表示。au/UQスマホ割はフラットコースへ変更するため本料金と併用しない。期間終了前解約費・工事残債は公式で確認。,pikara,ピカラ光ねっと,STNet,https://www.pikara.jp/simulation/,https://www.pikara.jp/net/area.html,https://www.pikara.jp/simulation/|https://www.pikara.jp/net/service.html,https://www.pikara.jp/simulation/,https://www.pikara.jp/simulation/|https://www.pikara.jp/net/service.html,https://www.pikara.jp/simulation/,1ギガ ステップ2コース,house,1000,1000,4950,pikara-a8ec9078b1,verified,NULL,NULL,NULL,1G戸建て：1〜24月4950円、25〜48月4840円、49〜72月4730円、73月〜4620円,徳島県|香川県|愛媛県|高知県,https://www.pikara.jp/net/service.html,2026-10-07,verified,技術規格上の最大値。実効速度の保証ではありません。,NULL,NULL,2026-10-07,ステップ2現行料金・2年契約・スマホ割併用不可を公式確認,STNet,NULL,NULL,NULL,NULL
徳島・香川・愛媛・高知の一部,電力系,fixed,FTTH,true,active,NULL,NULL,false,NULL,ステップ2コースはau/UQスマホ割を併用せず、スマホ割はフラットコースへの変更が必要,NULL,0,NULL,NULL,NULL,NULL,NULL,NULL,NULL,NULL,NULL,NULL,工事内容・配線状況により変動。未確認額はNULL,24,NULL,0,0,NULL,NULL,NULL,NULL,要確認（通常月額に含めない）,NULL,NULL,NULL,2026-10-07,税込,2年長期契約コースの初期期間月額（通常基本料金とは別プラン）,ブロードバンドユニバーサルサービス料・追加工事・任意オプション等は別途。適用額は公式で確認,NULL,ステップ2コースの当初料金を表示。au/UQスマホ割はフラットコースへ変更するため本料金と併用しない。期間終了前解約費・工事残債は公式で確認。,pikara,ピカラ光ねっと,STNet,https://www.pikara.jp/simulation/,https://www.pikara.jp/net/area.html,https://www.pikara.jp/simulation/|https://www.pikara.jp/net/service.html,https://www.pikara.jp/simulation/,https://www.pikara.jp/simulation/|https://www.pikara.jp/net/service.html,https://www.pikara.jp/simulation/,1ギガ ステップ2コース,apartment,1000,1000,3740,pikara-a498f013e2,verified,NULL,NULL,NULL,1G集合：1〜48月3740円、49月〜3608円,徳島県|香川県|愛媛県|高知県,https://www.pikara.jp/net/service.html,2026-10-07,verified,技術規格上の最大値。実効速度の保証ではありません。,NULL,NULL,2026-10-07,ステップ2現行料金・2年契約・スマホ割併用不可を公式確認,STNet,NULL,NULL,NULL,NULL
徳島・香川・愛媛・高知の一部,電力系,fixed,FTTH,true,active,NULL,NULL,false,NULL,ステップ2コースはau/UQスマホ割を併用せず、スマホ割はフラットコースへの変更が必要,NULL,0,NULL,NULL,NULL,NULL,NULL,NULL,NULL,NULL,NULL,NULL,工事内容・配線状況により変動。未確認額はNULL,24,NULL,0,0,NULL,NULL,NULL,NULL,要確認（通常月額に含めない）,NULL,NULL,NULL,2026-10-07,税込,2年長期契約コースの初期期間月額,ブロードバンドユニバーサルサービス料・追加工事・任意オプション等は別途。適用額は公式で確認,NULL,ステップ2コースの当初料金を表示。au/UQスマホ割はフラットコースへ変更するため本料金と併用しない。期間終了前解約費・工事残債は公式で確認。,pikara,ピカラ光ねっと,STNet,https://www.pikara.jp/simulation/,https://www.pikara.jp/net/area.html,https://www.pikara.jp/simulation/|https://www.pikara.jp/net/service.html,https://www.pikara.jp/simulation/,https://www.pikara.jp/simulation/|https://www.pikara.jp/net/service.html,https://www.pikara.jp/simulation/,10ギガ ステップ2コース,house,10000,10000,5500,pikara-d82e8775d6,verified,NULL,NULL,NULL,10G戸建て：当初5500円。以降の公式期間別料金を確認,徳島県|香川県|愛媛県|高知県,https://www.pikara.jp/net/service.html,2026-10-07,verified,技術規格上の最大値。実効速度の保証ではありません。,NULL,NULL,2026-10-07,ステップ2現行料金・2年契約・スマホ割併用不可を公式確認,STNet,NULL,NULL,NULL,NULL
徳島・香川・愛媛・高知の一部,電力系,fixed,FTTH,true,active,NULL,NULL,false,NULL,ステップ2コースはau/UQスマホ割を併用せず、スマホ割はフラットコースへの変更が必要,NULL,0,NULL,NULL,NULL,NULL,NULL,NULL,NULL,NULL,NULL,NULL,工事内容・配線状況により変動。未確認額はNULL,24,NULL,0,0,NULL,NULL,NULL,NULL,要確認（通常月額に含めない）,NULL,NULL,NULL,2026-10-07,税込,2年長期契約コースの初期期間月額,ブロードバンドユニバーサルサービス料・追加工事・任意オプション等は別途。適用額は公式で確認,NULL,ステップ2コースの当初料金を表示。au/UQスマホ割はフラットコースへ変更するため本料金と併用しない。期間終了前解約費・工事残債は公式で確認。,pikara,ピカラ光ねっと,STNet,https://www.pikara.jp/simulation/,https://www.pikara.jp/net/area.html,https://www.pikara.jp/simulation/|https://www.pikara.jp/net/service.html,https://www.pikara.jp/simulation/,https://www.pikara.jp/simulation/|https://www.pikara.jp/net/service.html,https://www.pikara.jp/simulation/,10ギガ ステップ2コース,apartment,10000,10000,5390,pikara-5aab366fc7,verified,NULL,NULL,NULL,10G集合：1〜48月5390円、49月〜5258円,徳島県|香川県|愛媛県|高知県,https://www.pikara.jp/net/service.html,2026-10-07,verified,技術規格上の最大値。実効速度の保証ではありません。,NULL,NULL,2026-10-07,ステップ2現行料金・2年契約・スマホ割併用不可を公式確認,STNet,NULL,NULL,NULL,NULL
中国5県の一部,電力系,fixed,FTTH,true,active,NULL,NULL,false,NULL,対象スマホ・光電話等の条件を公式で確認,au|UQ mobile,NULL,NULL,NULL,NULL,NULL,NULL,NULL,NULL,3300,38500,NULL,工事内容・配線状況により変動。未確認額はNULL,24,NULL,0,0,NULL,NULL,NULL,NULL,要確認（通常月額に含めない）,NULL,NULL,NULL,2026-10-07,税込,通常料金・プロバイダー込み。キャンペーン・スマホ割を除く,ブロードバンドユニバーサルサービス料・追加工事・任意オプション等は別途。適用額は公式で確認,NULL,,mega,メガ・エッグ 光,エネコム,https://www.megaegg.jp/plan/,https://www.megaegg.jp/area_check/article_check.html,https://www.megaegg.jp/plan/,https://www.megaegg.jp/plan/,https://www.megaegg.jp/plan/,https://www.megaegg.jp/plan/,光ベーシック 1ギガ,house,1000,NULL,5720,mega-5cc607dd0a,verified,NULL,NULL,NULL,NULL,鳥取県|島根県|岡山県|広島県|山口県,NULL,2026-10-07,rechecked_unresolved,公式サービス・料金ページと公式サイト検索を再調査しましたが、このレコードに適用する上り最大値を確定できませんでした。下りと同じ値では埋めていません。,NULL,NULL,NULL,NULL,エネコム,NULL,NULL,NULL,NULL
中国5県の一部,電力系,fixed,FTTH,true,active,NULL,NULL,false,NULL,対象スマホ・光電話等の条件を公式で確認,au|UQ mobile,NULL,NULL,NULL,NULL,NULL,NULL,NULL,NULL,3300,38500,NULL,工事内容・配線状況により変動。未確認額はNULL,24,NULL,0,0,NULL,NULL,NULL,NULL,要確認（通常月額に含めない）,NULL,NULL,NULL,2026-10-07,税込,通常料金・プロバイダー込み。キャンペーン・スマホ割を除く,ブロードバンドユニバーサルサービス料・追加工事・任意オプション等は別途。適用額は公式で確認,NULL,,mega,メガ・エッグ 光,エネコム,https://www.megaegg.jp/plan/,https://www.megaegg.jp/area_check/article_check.html,https://www.megaegg.jp/plan/,https://www.megaegg.jp/plan/,https://www.megaegg.jp/plan/,https://www.megaegg.jp/plan/,光ベーシック 1ギガ,apartment,1000,NULL,4070,mega-3f337f706b,verified,NULL,NULL,NULL,NULL,鳥取県|島根県|岡山県|広島県|山口県,NULL,2026-10-07,rechecked_unresolved,公式サービス・料金ページと公式サイト検索を再調査しましたが、このレコードに適用する上り最大値を確定できませんでした。下りと同じ値では埋めていません。,NULL,NULL,NULL,NULL,エネコム,NULL,NULL,NULL,NULL
中国5県の一部,電力系,fixed,FTTH,true,active,NULL,NULL,false,NULL,対象スマホ・光電話等の条件を公式で確認,au|UQ mobile,NULL,NULL,NULL,NULL,NULL,NULL,NULL,NULL,3300,38500,NULL,工事内容・配線状況により変動。未確認額はNULL,24,NULL,0,0,NULL,NULL,NULL,NULL,要確認（通常月額に含めない）,NULL,NULL,NULL,2026-10-07,税込,通常料金・プロバイダー込み。キャンペーン・スマホ割を除く,ブロードバンドユニバーサルサービス料・追加工事・任意オプション等は別途。適用額は公式で確認,NULL,,mega,メガ・エッグ 光,エネコム,https://www.megaegg.jp/plan/,https://www.megaegg.jp/area_check/article_check.html,https://www.megaegg.jp/plan/,https://www.megaegg.jp/plan/,https://www.megaegg.jp/plan/,https://www.megaegg.jp/plan/,光10ギガ,house,10000,NULL,6270,mega-080f3ff8cf,verified,NULL,NULL,NULL,NULL,鳥取県|島根県|岡山県|広島県|山口県,NULL,2026-10-07,rechecked_unresolved,公式サービス・料金ページと公式サイト検索を再調査しましたが、このレコードに適用する上り最大値を確定できませんでした。下りと同じ値では埋めていません。,NULL,NULL,NULL,NULL,エネコム,NULL,NULL,NULL,NULL
中国5県の一部,電力系,fixed,FTTH,true,active,NULL,NULL,false,NULL,対象スマホ・光電話等の条件を公式で確認,au|UQ mobile,NULL,NULL,NULL,NULL,NULL,NULL,NULL,NULL,3300,38500,NULL,工事内容・配線状況により変動。未確認額はNULL,24,NULL,0,0,NULL,NULL,NULL,NULL,要確認（通常月額に含めない）,NULL,NULL,NULL,2026-10-07,税込,通常料金・プロバイダー込み。キャンペーン・スマホ割を除く,ブロードバンドユニバーサルサービス料・追加工事・任意オプション等は別途。適用額は公式で確認,NULL,,mega,メガ・エッグ 光,エネコム,https://www.megaegg.jp/plan/,https://www.megaegg.jp/area_check/article_check.html,https://www.megaegg.jp/plan/,https://www.megaegg.jp/plan/,https://www.megaegg.jp/plan/,https://www.megaegg.jp/plan/,光10ギガ,apartment,10000,NULL,6270,mega-8541449c4c,verified,NULL,NULL,NULL,NULL,鳥取県|島根県|岡山県|広島県|山口県,NULL,2026-10-07,rechecked_unresolved,公式サービス・料金ページと公式サイト検索を再調査しましたが、このレコードに適用する上り最大値を確定できませんでした。下りと同じ値では埋めていません。,NULL,NULL,NULL,NULL,エネコム,NULL,NULL,NULL,NULL
中国5県の一部,光コラボ,fixed,FTTH,true,active,NULL,NULL,false,NULL,対象スマホ・光電話等の条件を公式で確認,au|UQ mobile,NULL,NULL,NULL,NULL,NULL,NULL,NULL,NULL,3300,38500,NULL,工事内容・配線状況により変動。未確認額はNULL,24,NULL,0,0,NULL,NULL,NULL,NULL,要確認（通常月額に含めない）,NULL,NULL,NULL,2026-10-07,税込,通常料金・プロバイダー込み。キャンペーン・スマホ割を除く,ブロードバンドユニバーサルサービス料・追加工事・任意オプション等は別途。適用額は公式で確認,NULL,NTT設備を利用する別プラン。でんき割を通常月額に含めない,mega,メガ・エッグ 光,エネコム,https://www.megaegg.jp/plan/,https://www.megaegg.jp/area_check/article_check.html,https://www.megaegg.jp/plan/|https://www.megaegg.jp/service/fiber/colabo_home/notes/index.html,https://www.megaegg.jp/plan/,https://www.megaegg.jp/plan/|https://www.megaegg.jp/service/fiber/colabo_home/notes/index.html,https://www.megaegg.jp/plan/,光ダブリュー 1ギガ,house,1000,1000,5720,mega-574cf42d4d,verified,NULL,NULL,NULL,NULL,鳥取県|島根県|岡山県|広島県|山口県,https://www.megaegg.jp/service/fiber/colabo_home/notes/index.html,2026-10-07,verified,技術規格上の最大値。実効速度の保証ではありません。 1Gの数値はギガ対応回線の最大仕様。建物・配線・東西エリア・回線品目によって100/200Mbps等になる場合あり。,NULL,NULL,NULL,NULL,エネコム,NULL,NULL,NULL,NULL
中国5県の一部,光コラボ,fixed,FTTH,true,active,NULL,NULL,false,NULL,対象スマホ・光電話等の条件を公式で確認,au|UQ mobile,NULL,NULL,NULL,NULL,NULL,NULL,NULL,NULL,3300,38500,NULL,工事内容・配線状況により変動。未確認額はNULL,24,NULL,0,0,NULL,NULL,NULL,NULL,要確認（通常月額に含めない）,NULL,NULL,NULL,2026-10-07,税込,通常料金・プロバイダー込み。キャンペーン・スマホ割を除く,ブロードバンドユニバーサルサービス料・追加工事・任意オプション等は別途。適用額は公式で確認,NULL,NTT設備を利用する別プラン。でんき割を通常月額に含めない,mega,メガ・エッグ 光,エネコム,https://www.megaegg.jp/plan/,https://www.megaegg.jp/area_check/article_check.html,https://www.megaegg.jp/plan/|https://www.megaegg.jp/service/fiber/colabo_home/notes/index.html,https://www.megaegg.jp/plan/,https://www.megaegg.jp/plan/|https://www.megaegg.jp/service/fiber/colabo_home/notes/index.html,https://www.megaegg.jp/plan/,光ダブリュー 1ギガ,apartment,1000,1000,4620,mega-3fe2acb090,verified,NULL,NULL,NULL,NULL,鳥取県|島根県|岡山県|広島県|山口県,https://www.megaegg.jp/service/fiber/colabo_home/notes/index.html,2026-10-07,verified,技術規格上の最大値。実効速度の保証ではありません。 1Gの数値はギガ対応回線の最大仕様。建物・配線・東西エリア・回線品目によって100/200Mbps等になる場合あり。,NULL,NULL,NULL,NULL,エネコム,NULL,NULL,NULL,NULL
沖縄県の一部,地域限定光,fixed,FTTH,true,active,NULL,NULL,false,NULL,おうちまるごと割等の条件を確認,au|UQ mobile,NULL,NULL,NULL,NULL,NULL,NULL,NULL,NULL,4950,49280,NULL,工事内容・配線状況により変動。未確認額はNULL,0,NULL,0,0,NULL,NULL,NULL,NULL,要確認（通常月額に含めない）,NULL,NULL,NULL,2026-10-07,税込,公式の標準プラン月額基本料金。電話770円・TV・しま割・おうちまるごと割は含まない,ブロードバンドユニバーサルサービス料・追加工事・任意オプション等は別途。適用額は公式で確認,NULL,表示は「しま割適用時〜」。基本料金・割引・機器条件の分離が未完了のためNULL,chura,auひかり ちゅら,沖縄セルラー,https://okinawa-cellular.jp/personal/hikari/service/,https://okinawa-cellular.jp/personal/hikari/service/,https://okinawa-cellular.jp/personal/hikari/service/|https://okinawa-cellular.jp/personal/hikari/service/service_home/,https://okinawa-cellular.jp/personal/hikari/service/service_home/,https://okinawa-cellular.jp/personal/hikari/service/,https://okinawa-cellular.jp/personal/hikari/service/,1ギガ 標準プラン,house,1000,1000,6930,chura-0279a86cd2,verified,NULL,NULL,NULL,NULL,沖縄県,NULL,NULL,previously_recorded,NULL,6820,口座振替・クレジットカード支払いの110円割引。しま割・セット割とは別,2026-10-07,公式の標準プラン基本料金を確認。しま割・支払方法割引・おうちまるごと割は通常料金から分離,沖縄セルラー,resolved,公式の標準プラン基本料金を確認。しま割・支払方法割引・おうちまるごと割は通常料金から分離,2026-10-07,https://okinawa-cellular.jp/personal/hikari/service/service_home/
沖縄県の一部,地域限定光,fixed,FTTH,true,active,NULL,NULL,false,NULL,おうちまるごと割等の条件を確認,au|UQ mobile,NULL,NULL,NULL,NULL,NULL,NULL,NULL,NULL,4950,37950,NULL,工事内容・配線状況により変動。未確認額はNULL,0,NULL,0,0,NULL,NULL,NULL,NULL,要確認（通常月額に含めない）,NULL,NULL,NULL,2026-10-07,税込,公式の標準プラン月額基本料金。電話770円・TV・しま割・おうちまるごと割は含まない,ブロードバンドユニバーサルサービス料・追加工事・任意オプション等は別途。適用額は公式で確認,NULL,表示は「しま割適用時〜」。基本料金・割引・機器条件の分離が未完了のためNULL,chura,auひかり ちゅら,沖縄セルラー,https://okinawa-cellular.jp/personal/hikari/service/,https://okinawa-cellular.jp/personal/hikari/service/,https://okinawa-cellular.jp/personal/hikari/service/|https://okinawa-cellular.jp/personal/hikari/service/service_mansiong/,https://okinawa-cellular.jp/personal/hikari/service/service_mansiong/,https://okinawa-cellular.jp/personal/hikari/service/,https://okinawa-cellular.jp/personal/hikari/service/,1ギガ 標準プラン,apartment,1000,1000,5148,chura-7148942e90,verified,NULL,NULL,NULL,NULL,沖縄県,NULL,NULL,previously_recorded,NULL,5038,口座振替・クレジットカード支払いの110円割引。しま割・セット割とは別,2026-10-07,公式の標準プラン基本料金を確認。しま割・支払方法割引・おうちまるごと割は通常料金から分離,沖縄セルラー,resolved,公式の標準プラン基本料金を確認。しま割・支払方法割引・おうちまるごと割は通常料金から分離,2026-10-07,https://okinawa-cellular.jp/personal/hikari/service/service_mansiong/
沖縄県の一部,地域限定光,fixed,FTTH,true,active,NULL,NULL,false,NULL,おうちまるごと割等の条件を確認,au|UQ mobile,NULL,NULL,NULL,NULL,NULL,NULL,NULL,NULL,4950,49280,NULL,工事内容・配線状況により変動。未確認額はNULL,0,NULL,0,0,NULL,NULL,NULL,NULL,要確認（通常月額に含めない）,NULL,NULL,NULL,2026-10-07,税込,公式の標準プラン月額基本料金。電話770円・TV・しま割・おうちまるごと割は含まない,ブロードバンドユニバーサルサービス料・追加工事・任意オプション等は別途。適用額は公式で確認,NULL,表示は「しま割適用時〜」。基本料金・割引・機器条件の分離が未完了のためNULL,chura,auひかり ちゅら,沖縄セルラー,https://okinawa-cellular.jp/personal/hikari/service/,https://okinawa-cellular.jp/personal/hikari/service/,https://okinawa-cellular.jp/personal/hikari/service/|https://okinawa-cellular.jp/personal/hikari/service/service_10g-home/,https://okinawa-cellular.jp/personal/hikari/service/service_10g-home/,https://okinawa-cellular.jp/personal/hikari/service/,https://okinawa-cellular.jp/personal/hikari/service/,10ギガ 標準プラン,house,10000,10000,7480,chura-9d7373fa30,verified,NULL,NULL,NULL,NULL,沖縄県,NULL,NULL,previously_recorded,NULL,7370,口座振替・クレジットカード支払いの110円割引。しま割・セット割とは別,2026-10-07,公式の標準プラン基本料金を確認。しま割・支払方法割引・おうちまるごと割は通常料金から分離,沖縄セルラー,resolved,公式の標準プラン基本料金を確認。しま割・支払方法割引・おうちまるごと割は通常料金から分離,2026-10-07,https://okinawa-cellular.jp/personal/hikari/service/service_10g-home/
沖縄県の一部,地域限定光,fixed,FTTH,true,active,NULL,NULL,false,NULL,おうちまるごと割等の条件を確認,au|UQ mobile,NULL,NULL,NULL,NULL,NULL,NULL,NULL,NULL,4950,37950,NULL,工事内容・配線状況により変動。未確認額はNULL,0,NULL,0,0,NULL,NULL,NULL,NULL,要確認（通常月額に含めない）,NULL,NULL,NULL,2026-10-07,税込,公式の標準プラン月額基本料金。電話770円・TV・しま割・おうちまるごと割は含まない,ブロードバンドユニバーサルサービス料・追加工事・任意オプション等は別途。適用額は公式で確認,NULL,表示は「しま割適用時〜」。基本料金・割引・機器条件の分離が未完了のためNULL,chura,auひかり ちゅら,沖縄セルラー,https://okinawa-cellular.jp/personal/hikari/service/,https://okinawa-cellular.jp/personal/hikari/service/,https://okinawa-cellular.jp/personal/hikari/service/|https://okinawa-cellular.jp/personal/hikari/service/service_10g-mansiong/,https://okinawa-cellular.jp/personal/hikari/service/service_10g-mansiong/,https://okinawa-cellular.jp/personal/hikari/service/,https://okinawa-cellular.jp/personal/hikari/service/,10ギガ 標準プラン,apartment,10000,10000,5698,chura-f287974095,verified,NULL,NULL,NULL,NULL,沖縄県,NULL,NULL,previously_recorded,NULL,5588,口座振替・クレジットカード支払いの110円割引。しま割・セット割とは別,2026-10-07,公式の標準プラン基本料金を確認。しま割・支払方法割引・おうちまるごと割は通常料金から分離,沖縄セルラー,resolved,公式の標準プラン基本料金を確認。しま割・支払方法割引・おうちまるごと割は通常料金から分離,2026-10-07,https://okinawa-cellular.jp/personal/hikari/service/service_10g-mansiong/
沖縄県の一部,地域限定光,fixed,VDSL,true,active,NULL,NULL,false,NULL,おうちまるごと割等の条件を確認,au|UQ mobile,NULL,NULL,NULL,NULL,NULL,NULL,NULL,NULL,4950,37950,NULL,工事内容・配線状況により変動。未確認額はNULL,0,NULL,0,0,NULL,NULL,NULL,NULL,要確認（通常月額に含めない）,NULL,NULL,NULL,2026-10-07,税込,公式の標準プラン月額基本料金。電話770円・TV・しま割・おうちまるごと割は含まない,ブロードバンドユニバーサルサービス料・追加工事・任意オプション等は別途。適用額は公式で確認,NULL,表示は「しま割適用時〜」。基本料金・割引・機器条件の分離が未完了のためNULL,chura,auひかり ちゅら,沖縄セルラー,https://okinawa-cellular.jp/personal/hikari/service/,https://okinawa-cellular.jp/personal/hikari/service/,https://okinawa-cellular.jp/personal/hikari/service/|https://okinawa-cellular.jp/personal/hikari/service/service_mansionv/,https://okinawa-cellular.jp/personal/hikari/service/service_mansionv/,https://okinawa-cellular.jp/personal/hikari/service/,https://okinawa-cellular.jp/personal/hikari/service/,マンションV 標準プラン,apartment,100,100,4290,chura-ef37423863,verified,NULL,NULL,NULL,NULL,沖縄県,NULL,NULL,previously_recorded,NULL,4180,口座振替・クレジットカード支払いの110円割引。しま割・セット割とは別,2026-10-07,公式の標準プラン基本料金を確認。しま割・支払方法割引・おうちまるごと割は通常料金から分離,沖縄セルラー,resolved,公式の標準プラン基本料金を確認。しま割・支払方法割引・おうちまるごと割は通常料金から分離,2026-10-07,https://okinawa-cellular.jp/personal/hikari/service/service_mansionv/
東急沿線（東京・神奈川）の一部,CATV系光,fixed,FTTH,true,active,NULL,NULL,false,NULL,要確認,NULL,NULL,NULL,NULL,NULL,NULL,NULL,NULL,NULL,3300,NULL,NULL,工事内容・配線状況により変動。未確認額はNULL,24,NULL,0,0,NULL,NULL,NULL,NULL,要確認（通常月額に含めない）,NULL,NULL,NULL,2026-10-07,税込,通常料金・プロバイダー込み。キャンペーン・スマホ割を除く,ブロードバンドユニバーサルサービス料・追加工事・任意オプション等は別途。適用額は公式で確認,NULL,,itscom,イッツコムひかり,イッツ・コミュニケーションズ,https://www.itscom.co.jp/service/price/,https://www.itscom.co.jp/info/areamap/index.html,https://www.itscom.co.jp/service/price/|https://www.itscom.co.jp/support/internet/setup/speed/,https://www.itscom.co.jp/service/price/,https://www.itscom.co.jp/service/price/|https://www.itscom.co.jp/support/internet/setup/speed/,https://www.itscom.co.jp/service/price/,300メガ 2年コース,house,300,100,6116,itscom-4eb46f723d,verified,NULL,NULL,NULL,NULL,東京都|神奈川県,https://www.itscom.co.jp/support/internet/setup/speed/,2026-10-07,verified,技術規格上の最大値。実効速度の保証ではありません。,NULL,NULL,NULL,NULL,イッツ・コミュニケーションズ,NULL,NULL,NULL,NULL
東急沿線（東京・神奈川）の一部,CATV系光,fixed,FTTH,true,active,NULL,NULL,false,NULL,要確認,NULL,NULL,NULL,NULL,NULL,NULL,NULL,NULL,NULL,3300,NULL,NULL,工事内容・配線状況により変動。未確認額はNULL,24,NULL,0,0,NULL,NULL,NULL,NULL,要確認（通常月額に含めない）,NULL,NULL,NULL,2026-10-07,税込,通常料金・プロバイダー込み。キャンペーン・スマホ割を除く,ブロードバンドユニバーサルサービス料・追加工事・任意オプション等は別途。適用額は公式で確認,NULL,,itscom,イッツコムひかり,イッツ・コミュニケーションズ,https://www.itscom.co.jp/service/price/,https://www.itscom.co.jp/info/areamap/index.html,https://www.itscom.co.jp/service/price/|https://www.itscom.co.jp/support/internet/setup/speed/,https://www.itscom.co.jp/service/price/,https://www.itscom.co.jp/service/price/|https://www.itscom.co.jp/support/internet/setup/speed/,https://www.itscom.co.jp/service/price/,1000メガ 2年コース,house,1000,1000,6666,itscom-fb7359812a,verified,NULL,NULL,NULL,NULL,東京都|神奈川県,https://www.itscom.co.jp/support/internet/setup/speed/,2026-10-07,verified,技術規格上の最大値。実効速度の保証ではありません。,NULL,NULL,NULL,NULL,イッツ・コミュニケーションズ,NULL,NULL,NULL,NULL
東急沿線（東京・神奈川）の一部,CATV系光,fixed,FTTH,true,active,NULL,NULL,false,NULL,要確認,NULL,NULL,NULL,NULL,NULL,NULL,NULL,NULL,NULL,3300,NULL,NULL,工事内容・配線状況により変動。未確認額はNULL,24,NULL,0,0,NULL,NULL,NULL,NULL,要確認（通常月額に含めない）,NULL,NULL,NULL,2026-10-07,税込,通常料金・プロバイダー込み。キャンペーン・スマホ割を除く,ブロードバンドユニバーサルサービス料・追加工事・任意オプション等は別途。適用額は公式で確認,NULL,,itscom,イッツコムひかり,イッツ・コミュニケーションズ,https://www.itscom.co.jp/service/price/,https://www.itscom.co.jp/info/areamap/index.html,https://www.itscom.co.jp/service/price/|https://www.itscom.co.jp/support/internet/setup/speed/,https://www.itscom.co.jp/service/price/,https://www.itscom.co.jp/service/price/|https://www.itscom.co.jp/support/internet/setup/speed/,https://www.itscom.co.jp/service/price/,2000メガ 2年コース,house,2000,1000,7216,itscom-17e7d30b90,verified,NULL,NULL,NULL,NULL,東京都|神奈川県,https://www.itscom.co.jp/support/internet/setup/speed/,2026-10-07,verified,技術規格上の最大値。実効速度の保証ではありません。,NULL,NULL,NULL,NULL,イッツ・コミュニケーションズ,NULL,NULL,NULL,NULL
東急沿線（東京・神奈川）の一部,CATV系光,fixed,FTTH,true,active,NULL,NULL,false,NULL,要確認,NULL,NULL,NULL,NULL,NULL,NULL,NULL,NULL,NULL,3300,NULL,NULL,工事内容・配線状況により変動。未確認額はNULL,36,NULL,0,0,NULL,NULL,NULL,NULL,要確認（通常月額に含めない）,NULL,NULL,NULL,2026-10-07,税込,通常料金・プロバイダー込み。キャンペーン・スマホ割を除く,ブロードバンドユニバーサルサービス料・追加工事・任意オプション等は別途。適用額は公式で確認,NULL,,itscom,イッツコムひかり,イッツ・コミュニケーションズ,https://www.itscom.co.jp/service/price/,https://www.itscom.co.jp/info/areamap/index.html,https://www.itscom.co.jp/service/price/|https://www.itscom.co.jp/support/internet/setup/speed/,https://www.itscom.co.jp/service/price/,https://www.itscom.co.jp/service/price/|https://www.itscom.co.jp/support/internet/setup/speed/,https://www.itscom.co.jp/service/price/,10ギガ 3年コース,house,10000,10000,6578,itscom-e05adb2c72,verified,NULL,NULL,NULL,NULL,東京都|神奈川県,https://www.itscom.co.jp/support/internet/setup/speed/,2026-10-07,verified,技術規格上の最大値。実効速度の保証ではありません。,NULL,NULL,NULL,NULL,イッツ・コミュニケーションズ,NULL,NULL,NULL,NULL
東急沿線（東京・神奈川）の一部,CATV系光,fixed,FTTH,true,active,NULL,NULL,false,NULL,要確認,NULL,NULL,NULL,NULL,NULL,NULL,NULL,NULL,NULL,3300,NULL,NULL,工事内容・配線状況により変動。未確認額はNULL,24,NULL,0,0,NULL,NULL,NULL,NULL,要確認（通常月額に含めない）,NULL,NULL,NULL,2026-10-07,税込,通常料金・プロバイダー込み。キャンペーン・スマホ割を除く,ブロードバンドユニバーサルサービス料・追加工事・任意オプション等は別途。適用額は公式で確認,NULL,,itscom,イッツコムひかり,イッツ・コミュニケーションズ,https://www.itscom.co.jp/service/price/,https://www.itscom.co.jp/info/areamap/index.html,https://www.itscom.co.jp/service/price/|https://www.itscom.co.jp/support/internet/setup/speed/,https://www.itscom.co.jp/service/price/,https://www.itscom.co.jp/service/price/|https://www.itscom.co.jp/support/internet/setup/speed/,https://www.itscom.co.jp/service/price/,30メガ マンション2年,apartment,30,10,3916,itscom-080b22ab16,verified,NULL,NULL,NULL,NULL,東京都|神奈川県,https://www.itscom.co.jp/support/internet/setup/speed/,2026-10-07,verified,技術規格上の最大値。実効速度の保証ではありません。,NULL,NULL,NULL,NULL,イッツ・コミュニケーションズ,NULL,NULL,NULL,NULL
東急沿線（東京・神奈川）の一部,CATV系光,fixed,FTTH,true,active,NULL,NULL,false,NULL,要確認,NULL,NULL,NULL,NULL,NULL,NULL,NULL,NULL,NULL,3300,NULL,NULL,工事内容・配線状況により変動。未確認額はNULL,24,NULL,0,0,NULL,NULL,NULL,NULL,要確認（通常月額に含めない）,NULL,NULL,NULL,2026-10-07,税込,通常料金・プロバイダー込み。キャンペーン・スマホ割を除く,ブロードバンドユニバーサルサービス料・追加工事・任意オプション等は別途。適用額は公式で確認,NULL,,itscom,イッツコムひかり,イッツ・コミュニケーションズ,https://www.itscom.co.jp/service/price/,https://www.itscom.co.jp/info/areamap/index.html,https://www.itscom.co.jp/service/price/|https://www.itscom.co.jp/support/internet/setup/speed/,https://www.itscom.co.jp/service/price/,https://www.itscom.co.jp/service/price/|https://www.itscom.co.jp/support/internet/setup/speed/,https://www.itscom.co.jp/service/price/,300メガ マンション2年,apartment,300,90,4576,itscom-619d35b3b0,verified,NULL,NULL,NULL,NULL,東京都|神奈川県,https://www.itscom.co.jp/support/internet/setup/speed/,2026-10-07,verified,技術規格上の最大値。実効速度の保証ではありません。,NULL,NULL,NULL,NULL,イッツ・コミュニケーションズ,NULL,NULL,NULL,NULL
東急沿線（東京・神奈川）の一部,CATV系光,fixed,FTTH,true,active,NULL,NULL,false,NULL,要確認,NULL,NULL,NULL,NULL,NULL,NULL,NULL,NULL,NULL,3300,NULL,NULL,工事内容・配線状況により変動。未確認額はNULL,24,NULL,0,0,NULL,NULL,NULL,NULL,要確認（通常月額に含めない）,NULL,NULL,NULL,2026-10-07,税込,通常料金・プロバイダー込み。キャンペーン・スマホ割を除く,ブロードバンドユニバーサルサービス料・追加工事・任意オプション等は別途。適用額は公式で確認,NULL,,itscom,イッツコムひかり,イッツ・コミュニケーションズ,https://www.itscom.co.jp/service/price/,https://www.itscom.co.jp/info/areamap/index.html,https://www.itscom.co.jp/service/price/|https://www.itscom.co.jp/support/internet/setup/speed/,https://www.itscom.co.jp/service/price/,https://www.itscom.co.jp/service/price/|https://www.itscom.co.jp/support/internet/setup/speed/,https://www.itscom.co.jp/service/price/,600メガ マンション2年,apartment,600,90,5126,itscom-33503bd6dd,verified,NULL,NULL,NULL,NULL,東京都|神奈川県,https://www.itscom.co.jp/support/internet/setup/speed/,2026-10-07,verified,技術規格上の最大値。実効速度の保証ではありません。,NULL,NULL,NULL,NULL,イッツ・コミュニケーションズ,NULL,NULL,NULL,NULL
東急沿線（東京・神奈川）の一部,CATV系光,fixed,FTTH,true,active,NULL,NULL,false,NULL,要確認,NULL,NULL,NULL,NULL,NULL,NULL,NULL,NULL,NULL,3300,NULL,NULL,工事内容・配線状況により変動。未確認額はNULL,0,NULL,0,0,NULL,NULL,NULL,NULL,要確認（通常月額に含めない）,NULL,NULL,NULL,2026-10-07,税込,通常料金・プロバイダー込み。キャンペーン・スマホ割を除く,ブロードバンドユニバーサルサービス料・追加工事・任意オプション等は別途。適用額は公式で確認,NULL,,itscom,イッツコムひかり,イッツ・コミュニケーションズ,https://www.itscom.co.jp/service/price/,https://www.itscom.co.jp/info/areamap/index.html,https://www.itscom.co.jp/service/price/|https://www.itscom.co.jp/support/internet/setup/speed/,https://www.itscom.co.jp/service/price/,https://www.itscom.co.jp/service/price/|https://www.itscom.co.jp/support/internet/setup/speed/,https://www.itscom.co.jp/service/price/,30メガ 定期なし,house,30,10,5456,itscom-f86689432a,verified,NULL,NULL,NULL,NULL,東京都|神奈川県,https://www.itscom.co.jp/support/internet/setup/speed/,2026-10-07,verified,技術規格上の最大値。実効速度の保証ではありません。,NULL,NULL,NULL,NULL,イッツ・コミュニケーションズ,NULL,NULL,NULL,NULL
東急沿線（東京・神奈川）の一部,CATV系光,fixed,FTTH,true,active,NULL,NULL,false,NULL,要確認,NULL,NULL,NULL,NULL,NULL,NULL,NULL,NULL,NULL,3300,NULL,NULL,工事内容・配線状況により変動。未確認額はNULL,0,NULL,0,0,NULL,NULL,NULL,NULL,要確認（通常月額に含めない）,NULL,NULL,NULL,2026-10-07,税込,通常料金・プロバイダー込み。キャンペーン・スマホ割を除く,ブロードバンドユニバーサルサービス料・追加工事・任意オプション等は別途。適用額は公式で確認,NULL,,itscom,イッツコムひかり,イッツ・コミュニケーションズ,https://www.itscom.co.jp/service/price/,https://www.itscom.co.jp/info/areamap/index.html,https://www.itscom.co.jp/service/price/|https://www.itscom.co.jp/support/internet/setup/speed/,https://www.itscom.co.jp/service/price/,https://www.itscom.co.jp/service/price/|https://www.itscom.co.jp/support/internet/setup/speed/,https://www.itscom.co.jp/service/price/,300メガ 定期なし,house,300,100,7546,itscom-91d919ae04,verified,NULL,NULL,NULL,NULL,東京都|神奈川県,https://www.itscom.co.jp/support/internet/setup/speed/,2026-10-07,verified,技術規格上の最大値。実効速度の保証ではありません。,NULL,NULL,NULL,NULL,イッツ・コミュニケーションズ,NULL,NULL,NULL,NULL
東急沿線（東京・神奈川）の一部,CATV系光,fixed,FTTH,true,active,NULL,NULL,false,NULL,要確認,NULL,NULL,NULL,NULL,NULL,NULL,NULL,NULL,NULL,3300,NULL,NULL,工事内容・配線状況により変動。未確認額はNULL,0,NULL,0,0,NULL,NULL,NULL,NULL,要確認（通常月額に含めない）,NULL,NULL,NULL,2026-10-07,税込,通常料金・プロバイダー込み。キャンペーン・スマホ割を除く,ブロードバンドユニバーサルサービス料・追加工事・任意オプション等は別途。適用額は公式で確認,NULL,,itscom,イッツコムひかり,イッツ・コミュニケーションズ,https://www.itscom.co.jp/service/price/,https://www.itscom.co.jp/info/areamap/index.html,https://www.itscom.co.jp/service/price/|https://www.itscom.co.jp/support/internet/setup/speed/,https://www.itscom.co.jp/service/price/,https://www.itscom.co.jp/service/price/|https://www.itscom.co.jp/support/internet/setup/speed/,https://www.itscom.co.jp/service/price/,1000メガ 定期なし,house,1000,1000,8096,itscom-acc2981838,verified,NULL,NULL,NULL,NULL,東京都|神奈川県,https://www.itscom.co.jp/support/internet/setup/speed/,2026-10-07,verified,技術規格上の最大値。実効速度の保証ではありません。,NULL,NULL,NULL,NULL,イッツ・コミュニケーションズ,NULL,NULL,NULL,NULL
東急沿線（東京・神奈川）の一部,CATV系光,fixed,FTTH,true,active,NULL,NULL,false,NULL,要確認,NULL,NULL,NULL,NULL,NULL,NULL,NULL,NULL,NULL,3300,NULL,NULL,工事内容・配線状況により変動。未確認額はNULL,0,NULL,0,0,NULL,NULL,NULL,NULL,要確認（通常月額に含めない）,NULL,NULL,NULL,2026-10-07,税込,通常料金・プロバイダー込み。キャンペーン・スマホ割を除く,ブロードバンドユニバーサルサービス料・追加工事・任意オプション等は別途。適用額は公式で確認,NULL,,itscom,イッツコムひかり,イッツ・コミュニケーションズ,https://www.itscom.co.jp/service/price/,https://www.itscom.co.jp/info/areamap/index.html,https://www.itscom.co.jp/service/price/|https://www.itscom.co.jp/support/internet/setup/speed/,https://www.itscom.co.jp/service/price/,https://www.itscom.co.jp/service/price/|https://www.itscom.co.jp/support/internet/setup/speed/,https://www.itscom.co.jp/service/price/,2000メガ 定期なし,house,2000,1000,8646,itscom-b9dda541ac,verified,NULL,NULL,NULL,NULL,東京都|神奈川県,https://www.itscom.co.jp/support/internet/setup/speed/,2026-10-07,verified,技術規格上の最大値。実効速度の保証ではありません。,NULL,NULL,NULL,NULL,イッツ・コミュニケーションズ,NULL,NULL,NULL,NULL
東急沿線（東京・神奈川）の一部,CATV系光,fixed,FTTH,true,active,NULL,NULL,false,NULL,要確認,NULL,NULL,NULL,NULL,NULL,NULL,NULL,NULL,NULL,3300,NULL,NULL,工事内容・配線状況により変動。未確認額はNULL,0,NULL,0,0,NULL,NULL,NULL,NULL,要確認（通常月額に含めない）,NULL,NULL,NULL,2026-10-07,税込,通常料金・プロバイダー込み。キャンペーン・スマホ割を除く,ブロードバンドユニバーサルサービス料・追加工事・任意オプション等は別途。適用額は公式で確認,NULL,,itscom,イッツコムひかり,イッツ・コミュニケーションズ,https://www.itscom.co.jp/service/price/,https://www.itscom.co.jp/info/areamap/index.html,https://www.itscom.co.jp/service/price/|https://www.itscom.co.jp/support/internet/setup/speed/,https://www.itscom.co.jp/service/price/,https://www.itscom.co.jp/service/price/|https://www.itscom.co.jp/support/internet/setup/speed/,https://www.itscom.co.jp/service/price/,10000メガ 定期なし,house,10000,10000,9196,itscom-f0ce5ebb88,verified,NULL,NULL,NULL,NULL,東京都|神奈川県,https://www.itscom.co.jp/support/internet/setup/speed/,2026-10-07,verified,技術規格上の最大値。実効速度の保証ではありません。,NULL,NULL,NULL,NULL,イッツ・コミュニケーションズ,NULL,NULL,NULL,NULL
東急沿線（東京・神奈川）の一部,CATV系光,fixed,FTTH,true,active,NULL,NULL,false,NULL,要確認,NULL,NULL,NULL,NULL,NULL,NULL,NULL,NULL,NULL,3300,NULL,NULL,工事内容・配線状況により変動。未確認額はNULL,0,NULL,0,0,NULL,NULL,NULL,NULL,要確認（通常月額に含めない）,NULL,NULL,NULL,2026-10-07,税込,通常料金・プロバイダー込み。キャンペーン・スマホ割を除く,ブロードバンドユニバーサルサービス料・追加工事・任意オプション等は別途。適用額は公式で確認,NULL,,itscom,イッツコムひかり,イッツ・コミュニケーションズ,https://www.itscom.co.jp/service/price/,https://www.itscom.co.jp/info/areamap/index.html,https://www.itscom.co.jp/service/price/|https://www.itscom.co.jp/support/internet/setup/speed/,https://www.itscom.co.jp/service/price/,https://www.itscom.co.jp/service/price/|https://www.itscom.co.jp/support/internet/setup/speed/,https://www.itscom.co.jp/service/price/,30メガ マンション定期なし,apartment,30,10,5456,itscom-34f8b75564,verified,NULL,NULL,NULL,NULL,東京都|神奈川県,https://www.itscom.co.jp/support/internet/setup/speed/,2026-10-07,verified,技術規格上の最大値。実効速度の保証ではありません。,NULL,NULL,NULL,NULL,イッツ・コミュニケーションズ,NULL,NULL,NULL,NULL
東急沿線（東京・神奈川）の一部,CATV系光,fixed,FTTH,true,active,NULL,NULL,false,NULL,要確認,NULL,NULL,NULL,NULL,NULL,NULL,NULL,NULL,NULL,3300,NULL,NULL,工事内容・配線状況により変動。未確認額はNULL,0,NULL,0,0,NULL,NULL,NULL,NULL,要確認（通常月額に含めない）,NULL,NULL,NULL,2026-10-07,税込,通常料金・プロバイダー込み。キャンペーン・スマホ割を除く,ブロードバンドユニバーサルサービス料・追加工事・任意オプション等は別途。適用額は公式で確認,NULL,,itscom,イッツコムひかり,イッツ・コミュニケーションズ,https://www.itscom.co.jp/service/price/,https://www.itscom.co.jp/info/areamap/index.html,https://www.itscom.co.jp/service/price/|https://www.itscom.co.jp/support/internet/setup/speed/,https://www.itscom.co.jp/service/price/,https://www.itscom.co.jp/service/price/|https://www.itscom.co.jp/support/internet/setup/speed/,https://www.itscom.co.jp/service/price/,300メガ マンション定期なし,apartment,300,90,6996,itscom-09594025d9,verified,NULL,NULL,NULL,NULL,東京都|神奈川県,https://www.itscom.co.jp/support/internet/setup/speed/,2026-10-07,verified,技術規格上の最大値。実効速度の保証ではありません。,NULL,NULL,NULL,NULL,イッツ・コミュニケーションズ,NULL,NULL,NULL,NULL
東急沿線（東京・神奈川）の一部,CATV系光,fixed,FTTH,true,active,NULL,NULL,false,NULL,要確認,NULL,NULL,NULL,NULL,NULL,NULL,NULL,NULL,NULL,3300,NULL,NULL,工事内容・配線状況により変動。未確認額はNULL,0,NULL,0,0,NULL,NULL,NULL,NULL,要確認（通常月額に含めない）,NULL,NULL,NULL,2026-10-07,税込,通常料金・プロバイダー込み。キャンペーン・スマホ割を除く,ブロードバンドユニバーサルサービス料・追加工事・任意オプション等は別途。適用額は公式で確認,NULL,,itscom,イッツコムひかり,イッツ・コミュニケーションズ,https://www.itscom.co.jp/service/price/,https://www.itscom.co.jp/info/areamap/index.html,https://www.itscom.co.jp/service/price/|https://www.itscom.co.jp/support/internet/setup/speed/,https://www.itscom.co.jp/service/price/,https://www.itscom.co.jp/service/price/|https://www.itscom.co.jp/support/internet/setup/speed/,https://www.itscom.co.jp/service/price/,600メガ マンション定期なし,apartment,600,90,7546,itscom-d4c9b044f7,verified,NULL,NULL,NULL,NULL,東京都|神奈川県,https://www.itscom.co.jp/support/internet/setup/speed/,2026-10-07,verified,技術規格上の最大値。実効速度の保証ではありません。,NULL,NULL,NULL,NULL,イッツ・コミュニケーションズ,NULL,NULL,NULL,NULL
名古屋市・愛知県の一部,CATV系光,fixed,FTTH,true,active,NULL,NULL,false,NULL,要確認,NULL,NULL,NULL,NULL,NULL,NULL,NULL,NULL,NULL,NULL,NULL,NULL,工事内容・配線状況により変動。未確認額はNULL,NULL,NULL,0,0,NULL,NULL,NULL,NULL,要確認（通常月額に含めない）,NULL,NULL,NULL,2026-10-07,税込,通常料金・プロバイダー込み。キャンペーン・スマホ割を除く,ブロードバンドユニバーサルサービス料・追加工事・任意オプション等は別途。適用額は公式で確認,NULL,,starcat,スターキャット光,スターキャット,https://www.starcat.co.jp/service/net/,https://www.starcat.co.jp/service_area/?ref=navi_usertype_join,https://www.starcat.co.jp/service/net/|https://www.starcat.co.jp/nr/pdf/n20140929.pdf,https://www.starcat.co.jp/service/net/,https://www.starcat.co.jp/service/net/|https://www.starcat.co.jp/nr/pdf/n20140929.pdf,https://www.starcat.co.jp/service/net/,2ギガ,house,2000,1000,5500,starcat-39b9993f2c,verified,NULL,NULL,NULL,NULL,愛知県,https://www.starcat.co.jp/nr/pdf/n20140929.pdf,2026-10-07,verified,技術規格上の最大値。実効速度の保証ではありません。,NULL,NULL,NULL,NULL,スターキャット,NULL,NULL,NULL,NULL
名古屋市・愛知県の一部,CATV系光,fixed,FTTH,true,active,NULL,NULL,false,NULL,要確認,NULL,NULL,NULL,NULL,NULL,NULL,NULL,NULL,NULL,NULL,NULL,NULL,工事内容・配線状況により変動。未確認額はNULL,NULL,NULL,0,0,NULL,NULL,NULL,NULL,要確認（通常月額に含めない）,NULL,NULL,NULL,2026-10-07,税込,通常料金・プロバイダー込み。キャンペーン・スマホ割を除く,ブロードバンドユニバーサルサービス料・追加工事・任意オプション等は別途。適用額は公式で確認,NULL,,starcat,スターキャット光,スターキャット,https://www.starcat.co.jp/service/net/,https://www.starcat.co.jp/service_area/?ref=navi_usertype_join,https://www.starcat.co.jp/service/net/,https://www.starcat.co.jp/service/net/,https://www.starcat.co.jp/service/net/,https://www.starcat.co.jp/service/net/,2ギガ,apartment,2000,NULL,3960,starcat-d03cea3f9b,verified,NULL,NULL,NULL,NULL,愛知県,NULL,2026-10-07,rechecked_unresolved,公式サービス・料金ページと公式サイト検索を再調査しましたが、このレコードに適用する上り最大値を確定できませんでした。下りと同じ値では埋めていません。,NULL,NULL,NULL,NULL,スターキャット,NULL,NULL,NULL,NULL
名古屋市・愛知県の一部,CATV系光,fixed,FTTH,true,active,NULL,NULL,false,NULL,要確認,NULL,NULL,NULL,NULL,NULL,NULL,NULL,NULL,NULL,NULL,NULL,NULL,工事内容・配線状況により変動。未確認額はNULL,NULL,NULL,0,0,NULL,NULL,NULL,NULL,要確認（通常月額に含めない）,NULL,NULL,NULL,2026-10-07,税込,通常料金・プロバイダー込み。キャンペーン・スマホ割を除く,ブロードバンドユニバーサルサービス料・追加工事・任意オプション等は別途。適用額は公式で確認,NULL,,starcat,スターキャット光,スターキャット,https://www.starcat.co.jp/service/net/,https://www.starcat.co.jp/service_area/?ref=navi_usertype_join,https://www.starcat.co.jp/service/net/|https://www.starcat.co.jp/nr/pdf/n20201029.pdf,https://www.starcat.co.jp/service/net/,https://www.starcat.co.jp/service/net/|https://www.starcat.co.jp/nr/pdf/n20201029.pdf,https://www.starcat.co.jp/service/net/,10ギガ,house,10000,10000,8250,starcat-9d7373fa30,verified,NULL,NULL,NULL,NULL,愛知県,https://www.starcat.co.jp/nr/pdf/n20201029.pdf,2026-10-07,verified,技術規格上の最大値。実効速度の保証ではありません。,NULL,NULL,NULL,NULL,スターキャット,NULL,NULL,NULL,NULL
名古屋市・愛知県の一部,CATV系光,fixed,FTTH,true,active,NULL,NULL,false,NULL,要確認,NULL,NULL,NULL,NULL,NULL,NULL,NULL,NULL,NULL,NULL,NULL,NULL,工事内容・配線状況により変動。未確認額はNULL,NULL,NULL,0,0,NULL,NULL,NULL,NULL,要確認（通常月額に含めない）,NULL,NULL,NULL,2026-10-07,税込,通常料金・プロバイダー込み。キャンペーン・スマホ割を除く,ブロードバンドユニバーサルサービス料・追加工事・任意オプション等は別途。適用額は公式で確認,NULL,,starcat,スターキャット光,スターキャット,https://www.starcat.co.jp/service/net/,https://www.starcat.co.jp/service_area/?ref=navi_usertype_join,https://www.starcat.co.jp/service/net/,https://www.starcat.co.jp/service/net/,https://www.starcat.co.jp/service/net/,https://www.starcat.co.jp/service/net/,300メガ,apartment,300,NULL,3960,starcat-8caabe8d59,verified,NULL,NULL,NULL,NULL,愛知県,NULL,2026-10-07,rechecked_unresolved,公式サービス・料金ページと公式サイト検索を再調査しましたが、このレコードに適用する上り最大値を確定できませんでした。下りと同じ値では埋めていません。,NULL,NULL,NULL,NULL,スターキャット,NULL,NULL,NULL,NULL
名古屋市・愛知県の一部,CATV系,fixed,HFC,true,active,NULL,NULL,false,NULL,要確認,NULL,NULL,NULL,NULL,NULL,NULL,NULL,NULL,NULL,NULL,NULL,NULL,工事内容・配線状況により変動。未確認額はNULL,NULL,NULL,0,0,NULL,NULL,NULL,NULL,要確認（通常月額に含めない）,NULL,NULL,NULL,2026-10-07,税込,通常料金・プロバイダー込み。キャンペーン・スマホ割を除く,ブロードバンドユニバーサルサービス料・追加工事・任意オプション等は別途。適用額は公式で確認,NULL,,starcat,スターキャット光,スターキャット,https://www.starcat.co.jp/service/net/,https://www.starcat.co.jp/service_area/?ref=navi_usertype_join,https://www.starcat.co.jp/service/net/,https://www.starcat.co.jp/service/net/,https://www.starcat.co.jp/service/net/,https://www.starcat.co.jp/service/net/,120メガ（CATV）,apartment,120,NULL,3850,starcat-97a94368bd,verified,NULL,NULL,NULL,NULL,愛知県,NULL,2026-10-07,rechecked_unresolved,公式サービス・料金ページと公式サイト検索を再調査しましたが、このレコードに適用する上り最大値を確定できませんでした。下りと同じ値では埋めていません。,NULL,NULL,NULL,NULL,スターキャット,NULL,NULL,NULL,NULL
大阪市・尼崎・西宮・伊丹等の一部,CATV系光,fixed,FTTH,true,active,NULL,NULL,false,NULL,要確認,NULL,NULL,NULL,NULL,NULL,NULL,NULL,NULL,NULL,NULL,NULL,NULL,工事内容・配線状況により変動。未確認額はNULL,NULL,NULL,396,0,NULL,NULL,NULL,NULL,要確認（通常月額に含めない）,NULL,NULL,NULL,2026-10-07,税込,Baycom光NET単体基本料金。契約基本料396円別途。TV・電話セット価格を使わない,ブロードバンドユニバーサルサービス料・追加工事・任意オプション等は別途。適用額は公式で確認,NULL,光テレビ等のセット加入要件・基本月額を要確認,baycom,Baycom光NET,ベイ・コミュニケーションズ,https://baycom.jp/service/net/,https://baycom.jp/new/area/,https://baycom.jp/service/net/|https://baycom.jp/pdf/20241001_contract/now/hikari_net_contract.pdf|https://www.baycom.jp/pack/hikari/,https://baycom.jp/pdf/20241001_contract/now/hikari_net_contract.pdf|https://www.baycom.jp/pack/hikari/,https://baycom.jp/service/net/,https://baycom.jp/service/net/,1ギガ,house,1000,1000,5830,baycom-0279a86cd2,verified,NULL,NULL,NULL,NULL,大阪府|兵庫県,https://baycom.jp/service/net/,2026-10-07,verified,技術規格上の最大値。実効速度の保証ではありません。,NULL,NULL,2026-10-07,光NET単体基本料を公式約款で確認。契約基本料396円を必須月額に加算,ベイ・コミュニケーションズ,resolved,光NET単体基本料を公式約款で確認。契約基本料396円を必須月額に加算,2026-10-07,https://baycom.jp/pdf/20241001_contract/now/hikari_net_contract.pdf|https://www.baycom.jp/pack/hikari/
大阪市・尼崎・西宮・伊丹等の一部,CATV系光,fixed,FTTH,true,excluded,NULL,NULL,false,NULL,要確認,NULL,NULL,NULL,NULL,NULL,NULL,NULL,NULL,NULL,NULL,NULL,NULL,工事内容・配線状況により変動。未確認額はNULL,NULL,NULL,396,0,NULL,NULL,NULL,NULL,要確認（通常月額に含めない）,NULL,NULL,NULL,2026-10-07,税込,通常料金・プロバイダー込み。キャンペーン・スマホ割を除く,ブロードバンドユニバーサルサービス料・追加工事・任意オプション等は別途。適用額は公式で確認,NULL,光テレビ等のセット加入要件・基本月額を要確認,baycom,Baycom光NET,ベイ・コミュニケーションズ,https://baycom.jp/service/net/,https://baycom.jp/new/area/,https://baycom.jp/service/net/|https://baycom.jp/pdf/20241001_contract/now/hikari_net_contract.pdf|https://www.baycom.jp/pack/hikari/|https://baycom.jp/|https://baycom.jp/campaign/hikari/,https://baycom.jp/service/net/,https://baycom.jp/service/net/,https://baycom.jp/,1ギガ,apartment,1000,1000,NULL,baycom-7148942e90,needs_confirmation,NULL,NULL,NULL,NULL,大阪府|兵庫県,https://baycom.jp/service/net/,2026-10-07,verified,技術規格上の最大値。実効速度の保証ではありません。,NULL,NULL,2026-10-07,個人向けBaycom光サービスは公式案内で一戸建て限定。集合住宅の1G/10G個人契約として登録したレコードは対象外。建物一括サービスとは区別,ベイ・コミュニケーションズ,out_of_scope,個人向けBaycom光サービスは公式案内で一戸建て限定。集合住宅の1G/10G個人契約として登録したレコードは対象外。建物一括サービスとは区別,2026-10-07,https://baycom.jp/|https://baycom.jp/campaign/hikari/
大阪市・尼崎・西宮・伊丹等の一部,CATV系光,fixed,FTTH,true,active,NULL,NULL,false,NULL,要確認,NULL,NULL,NULL,NULL,NULL,NULL,NULL,NULL,NULL,NULL,NULL,NULL,工事内容・配線状況により変動。未確認額はNULL,NULL,NULL,396,0,NULL,NULL,NULL,NULL,要確認（通常月額に含めない）,NULL,NULL,NULL,2026-10-07,税込,Baycom光NET単体基本料金。契約基本料396円別途。TV・電話セット価格を使わない,ブロードバンドユニバーサルサービス料・追加工事・任意オプション等は別途。適用額は公式で確認,NULL,光テレビ等のセット加入要件・基本月額を要確認,baycom,Baycom光NET,ベイ・コミュニケーションズ,https://baycom.jp/service/net/,https://baycom.jp/new/area/,https://baycom.jp/service/net/|https://baycom.jp/pdf/20241001_contract/now/hikari_net_contract.pdf|https://www.baycom.jp/pack/hikari/,https://baycom.jp/pdf/20241001_contract/now/hikari_net_contract.pdf|https://www.baycom.jp/pack/hikari/,https://baycom.jp/service/net/,https://baycom.jp/service/net/,10ギガ,house,10000,10000,7040,baycom-9d7373fa30,verified,NULL,NULL,NULL,NULL,大阪府|兵庫県,https://baycom.jp/service/net/,2026-10-07,verified,技術規格上の最大値。実効速度の保証ではありません。,NULL,NULL,2026-10-07,光NET単体基本料を公式約款で確認。契約基本料396円を必須月額に加算,ベイ・コミュニケーションズ,resolved,光NET単体基本料を公式約款で確認。契約基本料396円を必須月額に加算,2026-10-07,https://baycom.jp/pdf/20241001_contract/now/hikari_net_contract.pdf|https://www.baycom.jp/pack/hikari/
大阪市・尼崎・西宮・伊丹等の一部,CATV系光,fixed,FTTH,true,excluded,NULL,NULL,false,NULL,要確認,NULL,NULL,NULL,NULL,NULL,NULL,NULL,NULL,NULL,NULL,NULL,NULL,工事内容・配線状況により変動。未確認額はNULL,NULL,NULL,396,0,NULL,NULL,NULL,NULL,要確認（通常月額に含めない）,NULL,NULL,NULL,2026-10-07,税込,通常料金・プロバイダー込み。キャンペーン・スマホ割を除く,ブロードバンドユニバーサルサービス料・追加工事・任意オプション等は別途。適用額は公式で確認,NULL,光テレビ等のセット加入要件・基本月額を要確認,baycom,Baycom光NET,ベイ・コミュニケーションズ,https://baycom.jp/service/net/,https://baycom.jp/new/area/,https://baycom.jp/service/net/|https://baycom.jp/pdf/20241001_contract/now/hikari_net_contract.pdf|https://www.baycom.jp/pack/hikari/|https://baycom.jp/|https://baycom.jp/campaign/hikari/,https://baycom.jp/service/net/,https://baycom.jp/service/net/,https://baycom.jp/,10ギガ,apartment,10000,10000,NULL,baycom-f287974095,needs_confirmation,NULL,NULL,NULL,NULL,大阪府|兵庫県,https://baycom.jp/service/net/,2026-10-07,verified,技術規格上の最大値。実効速度の保証ではありません。,NULL,NULL,2026-10-07,個人向けBaycom光サービスは公式案内で一戸建て限定。集合住宅の1G/10G個人契約として登録したレコードは対象外。建物一括サービスとは区別,ベイ・コミュニケーションズ,out_of_scope,個人向けBaycom光サービスは公式案内で一戸建て限定。集合住宅の1G/10G個人契約として登録したレコードは対象外。建物一括サービスとは区別,2026-10-07,https://baycom.jp/|https://baycom.jp/campaign/hikari/
奈良県・京都府等の一部,CATV系光,fixed,FTTH,true,active,NULL,NULL,false,NULL,要確認,NULL,NULL,NULL,NULL,NULL,NULL,NULL,NULL,NULL,3300,NULL,NULL,工事内容・配線状況により変動。未確認額はNULL,NULL,NULL,0,0,NULL,NULL,NULL,NULL,要確認（通常月額に含めない）,NULL,NULL,NULL,2026-10-07,税込,通常料金・プロバイダー込み。キャンペーン・スマホ割を除く,ブロードバンドユニバーサルサービス料・追加工事・任意オプション等は別途。適用額は公式で確認,NULL,1〜3年目の基本利用料。4年目以降の長期料金は別条件,kcn,KCNインターネット,近鉄ケーブルネットワーク,https://www.kcn.jp/service/net/plan/,https://www.kcn.jp/service/net/plan/,https://www.kcn.jp/service/net/plan/,https://www.kcn.jp/service/net/plan/,https://www.kcn.jp/service/net/plan/,https://www.kcn.jp/service/net/plan/,KCN光 100メガ,house,100,100,3850,kcn-961f028e3f,verified,NULL,NULL,NULL,NULL,NULL,NULL,NULL,previously_recorded,NULL,NULL,NULL,NULL,NULL,近鉄ケーブルネットワーク,NULL,NULL,NULL,NULL
奈良県・京都府等の一部,CATV系光,fixed,FTTH,true,active,NULL,NULL,false,NULL,要確認,NULL,NULL,NULL,NULL,NULL,NULL,NULL,NULL,NULL,3300,NULL,NULL,工事内容・配線状況により変動。未確認額はNULL,NULL,NULL,0,0,NULL,NULL,NULL,NULL,要確認（通常月額に含めない）,NULL,NULL,NULL,2026-10-07,税込,通常料金・プロバイダー込み。キャンペーン・スマホ割を除く,ブロードバンドユニバーサルサービス料・追加工事・任意オプション等は別途。適用額は公式で確認,NULL,1〜3年目の基本利用料。4年目以降の長期料金は別条件,kcn,KCNインターネット,近鉄ケーブルネットワーク,https://www.kcn.jp/service/net/plan/,https://www.kcn.jp/service/net/plan/,https://www.kcn.jp/service/net/plan/,https://www.kcn.jp/service/net/plan/,https://www.kcn.jp/service/net/plan/,https://www.kcn.jp/service/net/plan/,KCN光 1000メガ,house,1000,1000,5280,kcn-cf2bc03e56,verified,NULL,NULL,NULL,NULL,NULL,NULL,NULL,previously_recorded,NULL,NULL,NULL,NULL,NULL,近鉄ケーブルネットワーク,NULL,NULL,NULL,NULL
奈良県・京都府等の一部,CATV系光,fixed,FTTH,true,active,NULL,NULL,false,NULL,要確認,NULL,NULL,NULL,NULL,NULL,NULL,NULL,NULL,NULL,3300,NULL,NULL,工事内容・配線状況により変動。未確認額はNULL,NULL,NULL,0,0,NULL,NULL,NULL,NULL,要確認（通常月額に含めない）,NULL,NULL,NULL,2026-10-07,税込,通常料金・プロバイダー込み。キャンペーン・スマホ割を除く,ブロードバンドユニバーサルサービス料・追加工事・任意オプション等は別途。適用額は公式で確認,NULL,1〜3年目の基本利用料。4年目以降の長期料金は別条件,kcn,KCNインターネット,近鉄ケーブルネットワーク,https://www.kcn.jp/service/net/plan/,https://www.kcn.jp/service/net/plan/,https://www.kcn.jp/service/net/plan/,https://www.kcn.jp/service/net/plan/,https://www.kcn.jp/service/net/plan/,https://www.kcn.jp/service/net/plan/,KCN光 10000メガ,house,10000,10000,6600,kcn-f0944ab4cd,verified,NULL,NULL,NULL,NULL,NULL,NULL,NULL,previously_recorded,NULL,NULL,NULL,NULL,NULL,近鉄ケーブルネットワーク,NULL,NULL,NULL,NULL
奈良県・京都府等の一部,CATV系,fixed,HFC,true,active,NULL,NULL,false,NULL,要確認,NULL,NULL,NULL,NULL,NULL,NULL,NULL,NULL,NULL,3300,NULL,NULL,工事内容・配線状況により変動。未確認額はNULL,NULL,NULL,0,0,NULL,NULL,NULL,NULL,要確認（通常月額に含めない）,NULL,NULL,NULL,2026-10-07,税込,通常料金・プロバイダー込み。キャンペーン・スマホ割を除く,ブロードバンドユニバーサルサービス料・追加工事・任意オプション等は別途。適用額は公式で確認,NULL,,kcn,KCNインターネット,近鉄ケーブルネットワーク,https://www.kcn.jp/service/net/plan/,https://www.kcn.jp/service/net/plan/,https://www.kcn.jp/service/net/plan/,https://www.kcn.jp/service/net/plan/,https://www.kcn.jp/service/net/plan/,https://www.kcn.jp/service/net/plan/,マンション320,apartment,320,10,4180,kcn-ba2d0a7c3d,verified,NULL,NULL,NULL,NULL,NULL,NULL,NULL,previously_recorded,NULL,NULL,NULL,NULL,NULL,近鉄ケーブルネットワーク,NULL,NULL,NULL,NULL
奈良県・京都府等の一部,CATV系,fixed,HFC,true,active,NULL,NULL,false,NULL,要確認,NULL,NULL,NULL,NULL,NULL,NULL,NULL,NULL,NULL,3300,NULL,NULL,工事内容・配線状況により変動。未確認額はNULL,NULL,NULL,0,0,NULL,NULL,NULL,NULL,要確認（通常月額に含めない）,NULL,NULL,NULL,2026-10-07,税込,通常料金・プロバイダー込み。キャンペーン・スマホ割を除く,ブロードバンドユニバーサルサービス料・追加工事・任意オプション等は別途。適用額は公式で確認,NULL,,kcn,KCNインターネット,近鉄ケーブルネットワーク,https://www.kcn.jp/service/net/plan/,https://www.kcn.jp/service/net/plan/,https://www.kcn.jp/service/net/plan/,https://www.kcn.jp/service/net/plan/,https://www.kcn.jp/service/net/plan/,https://www.kcn.jp/service/net/plan/,マンション160,apartment,160,5,3080,kcn-2d9804cff9,verified,NULL,NULL,NULL,NULL,NULL,NULL,NULL,previously_recorded,NULL,NULL,NULL,NULL,NULL,近鉄ケーブルネットワーク,NULL,NULL,NULL,NULL
J:COM対応地域・建物,CATV系,fixed,HFC,true,active,NULL,NULL,false,NULL,要確認,NULL,NULL,NULL,NULL,NULL,NULL,NULL,NULL,NULL,NULL,NULL,NULL,工事内容・配線状況により変動。未確認額はNULL,0,NULL,0,0,NULL,NULL,NULL,NULL,要確認（通常月額に含めない）,NULL,NULL,NULL,2026-10-07,税込,新規向け料金表Ⅰの標準契約。定期契約料金・セット契約とは別。建物個別契約はこの料金と異なる場合あり,ブロードバンドユニバーサルサービス料・追加工事・任意オプション等は別途。適用額は公式で確認,NULL,地域・設備・セット・契約期間で変動。解約料を月額料金として転記しない ／ 320MのJ:COM Wi-Fi対応装置は任意加算550円、高機能Wi-Fiは任意。1G・光は標準Wi-Fi込み、高機能Wi-Fi追加220円。,jcom,J:COM NET,JCOM,https://www.jcom.co.jp/service/net/course/,https://www.jcom.co.jp/service/net/course/,https://www.jcom.co.jp/service/net/course/|https://group-companies.jcom.co.jp/sites/default/files/group-companies/common/yakkan/61601/juusetsu_jcomservice_61601.pdf|https://group-companies.jcom.co.jp/sites/default/files/group-companies/common/yakkan/94188/yakkan_jcom_net_94188.pdf,https://group-companies.jcom.co.jp/sites/default/files/group-companies/common/yakkan/94188/yakkan_jcom_net_94188.pdf,https://www.jcom.co.jp/service/net/course/|https://group-companies.jcom.co.jp/sites/default/files/group-companies/common/yakkan/61601/juusetsu_jcomservice_61601.pdf,https://www.jcom.co.jp/service/net/course/,320メガ CATV 標準契約,house,320,10,6820,jcom-a79a9f05ba,verified,NULL,NULL,NULL,NULL,NULL,https://group-companies.jcom.co.jp/sites/default/files/group-companies/common/yakkan/94188/yakkan_jcom_net_94188.pdf,2026-10-07,verified,新規向け約款の各コースの上り仕様を確認。実測値ではない,NULL,NULL,2026-10-07,2024年10月1日以降の契約向け約款の標準契約単体料金を確認。集合住宅は個別契約料金の場合あり,JCOM,resolved,2024年10月1日以降の契約向け約款の標準契約単体料金を確認。集合住宅は個別契約料金の場合あり,2026-10-07,https://group-companies.jcom.co.jp/sites/default/files/group-companies/common/yakkan/94188/yakkan_jcom_net_94188.pdf
J:COM対応地域・建物,CATV系,fixed,HFC,true,active,NULL,NULL,false,NULL,要確認,NULL,NULL,NULL,NULL,NULL,NULL,NULL,NULL,NULL,NULL,NULL,NULL,工事内容・配線状況により変動。未確認額はNULL,0,NULL,0,0,NULL,NULL,NULL,NULL,要確認（通常月額に含めない）,NULL,NULL,NULL,2026-10-07,税込,新規向け料金表Ⅰの標準契約。定期契約料金・セット契約とは別。建物個別契約はこの料金と異なる場合あり,ブロードバンドユニバーサルサービス料・追加工事・任意オプション等は別途。適用額は公式で確認,NULL,地域・設備・セット・契約期間で変動。解約料を月額料金として転記しない ／ 320MのJ:COM Wi-Fi対応装置は任意加算550円、高機能Wi-Fiは任意。1G・光は標準Wi-Fi込み、高機能Wi-Fi追加220円。,jcom,J:COM NET,JCOM,https://www.jcom.co.jp/service/net/course/,https://www.jcom.co.jp/service/net/course/,https://www.jcom.co.jp/service/net/course/|https://group-companies.jcom.co.jp/sites/default/files/group-companies/common/yakkan/61601/juusetsu_jcomservice_61601.pdf|https://group-companies.jcom.co.jp/sites/default/files/group-companies/common/yakkan/94188/yakkan_jcom_net_94188.pdf,https://group-companies.jcom.co.jp/sites/default/files/group-companies/common/yakkan/94188/yakkan_jcom_net_94188.pdf,https://www.jcom.co.jp/service/net/course/|https://group-companies.jcom.co.jp/sites/default/files/group-companies/common/yakkan/61601/juusetsu_jcomservice_61601.pdf,https://www.jcom.co.jp/service/net/course/,320メガ CATV 標準契約,apartment,320,10,6820,jcom-069ba8a9bc,verified,NULL,NULL,NULL,NULL,NULL,https://group-companies.jcom.co.jp/sites/default/files/group-companies/common/yakkan/94188/yakkan_jcom_net_94188.pdf,2026-10-07,verified,新規向け約款の各コースの上り仕様を確認。実測値ではない,NULL,NULL,2026-10-07,2024年10月1日以降の契約向け約款の標準契約単体料金を確認。集合住宅は個別契約料金の場合あり,JCOM,resolved,2024年10月1日以降の契約向け約款の標準契約単体料金を確認。集合住宅は個別契約料金の場合あり,2026-10-07,https://group-companies.jcom.co.jp/sites/default/files/group-companies/common/yakkan/94188/yakkan_jcom_net_94188.pdf
J:COM対応地域・建物,CATV系,fixed,HFC,true,active,NULL,NULL,false,NULL,要確認,NULL,NULL,NULL,NULL,NULL,NULL,NULL,NULL,NULL,NULL,NULL,NULL,工事内容・配線状況により変動。未確認額はNULL,0,NULL,0,0,NULL,NULL,NULL,NULL,要確認（通常月額に含めない）,NULL,NULL,NULL,2026-10-07,税込,新規向け料金表Ⅰの標準契約。定期契約料金・セット契約とは別。建物個別契約はこの料金と異なる場合あり,ブロードバンドユニバーサルサービス料・追加工事・任意オプション等は別途。適用額は公式で確認,NULL,地域・設備・セット・契約期間で変動。解約料を月額料金として転記しない ／ 320MのJ:COM Wi-Fi対応装置は任意加算550円、高機能Wi-Fiは任意。1G・光は標準Wi-Fi込み、高機能Wi-Fi追加220円。,jcom,J:COM NET,JCOM,https://www.jcom.co.jp/service/net/course/,https://www.jcom.co.jp/service/net/course/,https://www.jcom.co.jp/service/net/course/|https://group-companies.jcom.co.jp/sites/default/files/group-companies/common/yakkan/61601/juusetsu_jcomservice_61601.pdf|https://group-companies.jcom.co.jp/sites/default/files/group-companies/common/yakkan/94188/yakkan_jcom_net_94188.pdf,https://group-companies.jcom.co.jp/sites/default/files/group-companies/common/yakkan/94188/yakkan_jcom_net_94188.pdf,https://www.jcom.co.jp/service/net/course/|https://group-companies.jcom.co.jp/sites/default/files/group-companies/common/yakkan/61601/juusetsu_jcomservice_61601.pdf,https://www.jcom.co.jp/service/net/course/,1000メガ CATV 標準契約,house,1000,100,7370,jcom-62f1cccca4,verified,NULL,NULL,NULL,NULL,NULL,https://group-companies.jcom.co.jp/sites/default/files/group-companies/common/yakkan/94188/yakkan_jcom_net_94188.pdf,2026-10-07,verified,新規向け約款の各コースの上り仕様を確認。実測値ではない,NULL,NULL,2026-10-07,2024年10月1日以降の契約向け約款の標準契約単体料金を確認。集合住宅は個別契約料金の場合あり,JCOM,resolved,2024年10月1日以降の契約向け約款の標準契約単体料金を確認。集合住宅は個別契約料金の場合あり,2026-10-07,https://group-companies.jcom.co.jp/sites/default/files/group-companies/common/yakkan/94188/yakkan_jcom_net_94188.pdf
J:COM対応地域・建物,CATV系,fixed,HFC,true,active,NULL,NULL,false,NULL,要確認,NULL,NULL,NULL,NULL,NULL,NULL,NULL,NULL,NULL,NULL,NULL,NULL,工事内容・配線状況により変動。未確認額はNULL,0,NULL,0,0,NULL,NULL,NULL,NULL,要確認（通常月額に含めない）,NULL,NULL,NULL,2026-10-07,税込,新規向け料金表Ⅰの標準契約。定期契約料金・セット契約とは別。建物個別契約はこの料金と異なる場合あり,ブロードバンドユニバーサルサービス料・追加工事・任意オプション等は別途。適用額は公式で確認,NULL,地域・設備・セット・契約期間で変動。解約料を月額料金として転記しない ／ 320MのJ:COM Wi-Fi対応装置は任意加算550円、高機能Wi-Fiは任意。1G・光は標準Wi-Fi込み、高機能Wi-Fi追加220円。,jcom,J:COM NET,JCOM,https://www.jcom.co.jp/service/net/course/,https://www.jcom.co.jp/service/net/course/,https://www.jcom.co.jp/service/net/course/|https://group-companies.jcom.co.jp/sites/default/files/group-companies/common/yakkan/61601/juusetsu_jcomservice_61601.pdf|https://group-companies.jcom.co.jp/sites/default/files/group-companies/common/yakkan/94188/yakkan_jcom_net_94188.pdf,https://group-companies.jcom.co.jp/sites/default/files/group-companies/common/yakkan/94188/yakkan_jcom_net_94188.pdf,https://www.jcom.co.jp/service/net/course/|https://group-companies.jcom.co.jp/sites/default/files/group-companies/common/yakkan/61601/juusetsu_jcomservice_61601.pdf,https://www.jcom.co.jp/service/net/course/,1000メガ CATV 標準契約,apartment,1000,100,7370,jcom-3e38c499b1,verified,NULL,NULL,NULL,NULL,NULL,https://group-companies.jcom.co.jp/sites/default/files/group-companies/common/yakkan/94188/yakkan_jcom_net_94188.pdf,2026-10-07,verified,新規向け約款の各コースの上り仕様を確認。実測値ではない,NULL,NULL,2026-10-07,2024年10月1日以降の契約向け約款の標準契約単体料金を確認。集合住宅は個別契約料金の場合あり,JCOM,resolved,2024年10月1日以降の契約向け約款の標準契約単体料金を確認。集合住宅は個別契約料金の場合あり,2026-10-07,https://group-companies.jcom.co.jp/sites/default/files/group-companies/common/yakkan/94188/yakkan_jcom_net_94188.pdf
J:COM対応地域・建物,CATV系光,fixed,FTTH,true,active,NULL,NULL,false,NULL,要確認,NULL,NULL,NULL,NULL,NULL,NULL,NULL,NULL,NULL,NULL,NULL,NULL,工事内容・配線状況により変動。未確認額はNULL,0,NULL,0,0,NULL,NULL,NULL,NULL,要確認（通常月額に含めない）,NULL,NULL,NULL,2026-10-07,税込,新規向け料金表Ⅰの標準契約。定期契約料金・セット契約とは別。建物個別契約はこの料金と異なる場合あり,ブロードバンドユニバーサルサービス料・追加工事・任意オプション等は別途。適用額は公式で確認,NULL,地域・設備・セット・契約期間で変動。解約料を月額料金として転記しない ／ 320MのJ:COM Wi-Fi対応装置は任意加算550円、高機能Wi-Fiは任意。1G・光は標準Wi-Fi込み、高機能Wi-Fi追加220円。,jcom,J:COM NET,JCOM,https://www.jcom.co.jp/service/net/course/,https://www.jcom.co.jp/service/net/course/,https://www.jcom.co.jp/service/net/course/|https://group-companies.jcom.co.jp/sites/default/files/group-companies/common/yakkan/61601/juusetsu_jcomservice_61601.pdf|https://group-companies.jcom.co.jp/sites/default/files/group-companies/common/yakkan/94188/yakkan_jcom_net_94188.pdf,https://group-companies.jcom.co.jp/sites/default/files/group-companies/common/yakkan/94188/yakkan_jcom_net_94188.pdf,https://www.jcom.co.jp/service/net/course/|https://group-companies.jcom.co.jp/sites/default/files/group-companies/common/yakkan/61601/juusetsu_jcomservice_61601.pdf,https://www.jcom.co.jp/service/net/course/,光 1G（J:COM回線） 標準契約,house,1000,1000,7370,jcom-7c8f7654b8,verified,NULL,NULL,NULL,NULL,NULL,https://group-companies.jcom.co.jp/sites/default/files/group-companies/common/yakkan/94188/yakkan_jcom_net_94188.pdf,2026-10-07,verified,新規向け約款の各コースの上り仕様を確認。実測値ではない,NULL,NULL,2026-10-07,2024年10月1日以降の契約向け約款の標準契約単体料金を確認。集合住宅は個別契約料金の場合あり,JCOM,resolved,2024年10月1日以降の契約向け約款の標準契約単体料金を確認。集合住宅は個別契約料金の場合あり,2026-10-07,https://group-companies.jcom.co.jp/sites/default/files/group-companies/common/yakkan/94188/yakkan_jcom_net_94188.pdf
J:COM対応地域・建物,CATV系光,fixed,FTTH,true,active,NULL,NULL,false,NULL,要確認,NULL,NULL,NULL,NULL,NULL,NULL,NULL,NULL,NULL,NULL,NULL,NULL,工事内容・配線状況により変動。未確認額はNULL,0,NULL,0,0,NULL,NULL,NULL,NULL,要確認（通常月額に含めない）,NULL,NULL,NULL,2026-10-07,税込,新規向け料金表Ⅰの標準契約。定期契約料金・セット契約とは別。建物個別契約はこの料金と異なる場合あり,ブロードバンドユニバーサルサービス料・追加工事・任意オプション等は別途。適用額は公式で確認,NULL,地域・設備・セット・契約期間で変動。解約料を月額料金として転記しない ／ 320MのJ:COM Wi-Fi対応装置は任意加算550円、高機能Wi-Fiは任意。1G・光は標準Wi-Fi込み、高機能Wi-Fi追加220円。,jcom,J:COM NET,JCOM,https://www.jcom.co.jp/service/net/course/,https://www.jcom.co.jp/service/net/course/,https://www.jcom.co.jp/service/net/course/|https://group-companies.jcom.co.jp/sites/default/files/group-companies/common/yakkan/61601/juusetsu_jcomservice_61601.pdf|https://group-companies.jcom.co.jp/sites/default/files/group-companies/common/yakkan/94188/yakkan_jcom_net_94188.pdf,https://group-companies.jcom.co.jp/sites/default/files/group-companies/common/yakkan/94188/yakkan_jcom_net_94188.pdf,https://www.jcom.co.jp/service/net/course/|https://group-companies.jcom.co.jp/sites/default/files/group-companies/common/yakkan/61601/juusetsu_jcomservice_61601.pdf,https://www.jcom.co.jp/service/net/course/,光 1G（J:COM回線） 標準契約,apartment,1000,1000,7370,jcom-1fa7f17aaf,verified,NULL,NULL,NULL,NULL,NULL,https://group-companies.jcom.co.jp/sites/default/files/group-companies/common/yakkan/94188/yakkan_jcom_net_94188.pdf,2026-10-07,verified,新規向け約款の各コースの上り仕様を確認。実測値ではない,NULL,NULL,2026-10-07,2024年10月1日以降の契約向け約款の標準契約単体料金を確認。集合住宅は個別契約料金の場合あり,JCOM,resolved,2024年10月1日以降の契約向け約款の標準契約単体料金を確認。集合住宅は個別契約料金の場合あり,2026-10-07,https://group-companies.jcom.co.jp/sites/default/files/group-companies/common/yakkan/94188/yakkan_jcom_net_94188.pdf
J:COM対応地域・建物,CATV系光,fixed,FTTH,true,active,NULL,NULL,false,NULL,要確認,NULL,NULL,NULL,NULL,NULL,NULL,NULL,NULL,NULL,NULL,NULL,NULL,工事内容・配線状況により変動。未確認額はNULL,0,NULL,0,0,NULL,NULL,NULL,NULL,要確認（通常月額に含めない）,NULL,NULL,NULL,2026-10-07,税込,新規向け料金表Ⅰの標準契約。定期契約料金・セット契約とは別。建物個別契約はこの料金と異なる場合あり,ブロードバンドユニバーサルサービス料・追加工事・任意オプション等は別途。適用額は公式で確認,NULL,地域・設備・セット・契約期間で変動。解約料を月額料金として転記しない ／ 320MのJ:COM Wi-Fi対応装置は任意加算550円、高機能Wi-Fiは任意。1G・光は標準Wi-Fi込み、高機能Wi-Fi追加220円。,jcom,J:COM NET,JCOM,https://www.jcom.co.jp/service/net/course/,https://www.jcom.co.jp/service/net/course/,https://www.jcom.co.jp/service/net/course/|https://group-companies.jcom.co.jp/sites/default/files/group-companies/common/yakkan/61601/juusetsu_jcomservice_61601.pdf|https://group-companies.jcom.co.jp/sites/default/files/group-companies/common/yakkan/94188/yakkan_jcom_net_94188.pdf,https://group-companies.jcom.co.jp/sites/default/files/group-companies/common/yakkan/94188/yakkan_jcom_net_94188.pdf,https://www.jcom.co.jp/service/net/course/|https://group-companies.jcom.co.jp/sites/default/files/group-companies/common/yakkan/61601/juusetsu_jcomservice_61601.pdf,https://www.jcom.co.jp/service/net/course/,光 10G（J:COM回線） 標準契約,house,10000,10000,8800,jcom-607d0f7411,verified,NULL,NULL,NULL,NULL,NULL,https://group-companies.jcom.co.jp/sites/default/files/group-companies/common/yakkan/94188/yakkan_jcom_net_94188.pdf,2026-10-07,verified,新規向け約款の各コースの上り仕様を確認。実測値ではない,NULL,NULL,2026-10-07,2024年10月1日以降の契約向け約款の標準契約単体料金を確認。集合住宅は個別契約料金の場合あり,JCOM,resolved,2024年10月1日以降の契約向け約款の標準契約単体料金を確認。集合住宅は個別契約料金の場合あり,2026-10-07,https://group-companies.jcom.co.jp/sites/default/files/group-companies/common/yakkan/94188/yakkan_jcom_net_94188.pdf
J:COM対応地域・建物,CATV系光,fixed,FTTH,true,active,NULL,NULL,false,NULL,要確認,NULL,NULL,NULL,NULL,NULL,NULL,NULL,NULL,NULL,NULL,NULL,NULL,工事内容・配線状況により変動。未確認額はNULL,0,NULL,0,0,NULL,NULL,NULL,NULL,要確認（通常月額に含めない）,NULL,NULL,NULL,2026-10-07,税込,新規向け料金表Ⅰの標準契約。定期契約料金・セット契約とは別。建物個別契約はこの料金と異なる場合あり,ブロードバンドユニバーサルサービス料・追加工事・任意オプション等は別途。適用額は公式で確認,NULL,地域・設備・セット・契約期間で変動。解約料を月額料金として転記しない ／ 320MのJ:COM Wi-Fi対応装置は任意加算550円、高機能Wi-Fiは任意。1G・光は標準Wi-Fi込み、高機能Wi-Fi追加220円。,jcom,J:COM NET,JCOM,https://www.jcom.co.jp/service/net/course/,https://www.jcom.co.jp/service/net/course/,https://www.jcom.co.jp/service/net/course/|https://group-companies.jcom.co.jp/sites/default/files/group-companies/common/yakkan/61601/juusetsu_jcomservice_61601.pdf|https://group-companies.jcom.co.jp/sites/default/files/group-companies/common/yakkan/94188/yakkan_jcom_net_94188.pdf,https://group-companies.jcom.co.jp/sites/default/files/group-companies/common/yakkan/94188/yakkan_jcom_net_94188.pdf,https://www.jcom.co.jp/service/net/course/|https://group-companies.jcom.co.jp/sites/default/files/group-companies/common/yakkan/61601/juusetsu_jcomservice_61601.pdf,https://www.jcom.co.jp/service/net/course/,光 10G（J:COM回線） 標準契約,apartment,10000,10000,8800,jcom-b2beb7a117,verified,NULL,NULL,NULL,NULL,NULL,https://group-companies.jcom.co.jp/sites/default/files/group-companies/common/yakkan/94188/yakkan_jcom_net_94188.pdf,2026-10-07,verified,新規向け約款の各コースの上り仕様を確認。実測値ではない,NULL,NULL,2026-10-07,2024年10月1日以降の契約向け約款の標準契約単体料金を確認。集合住宅は個別契約料金の場合あり,JCOM,resolved,2024年10月1日以降の契約向け約款の標準契約単体料金を確認。集合住宅は個別契約料金の場合あり,2026-10-07,https://group-companies.jcom.co.jp/sites/default/files/group-companies/common/yakkan/94188/yakkan_jcom_net_94188.pdf
J:COM対応地域・建物,独自回線,fixed,FTTH,true,active,NULL,NULL,false,NULL,要確認,NULL,NULL,NULL,NULL,NULL,NULL,NULL,NULL,NULL,NULL,NULL,NULL,工事内容・配線状況により変動。未確認額はNULL,0,NULL,0,0,NULL,NULL,NULL,NULL,要確認（通常月額に含めない）,NULL,NULL,NULL,2026-10-07,税込,新規向け料金表Ⅰの標準契約。定期契約料金・セット契約とは別。建物個別契約はこの料金と異なる場合あり,ブロードバンドユニバーサルサービス料・追加工事・任意オプション等は別途。適用額は公式で確認,NULL,地域・設備・セット・契約期間で変動。解約料を月額料金として転記しない ／ 320MのJ:COM Wi-Fi対応装置は任意加算550円、高機能Wi-Fiは任意。1G・光は標準Wi-Fi込み、高機能Wi-Fi追加220円。,jcom,J:COM NET,JCOM,https://www.jcom.co.jp/service/net/course/,https://www.jcom.co.jp/service/net/course/,https://www.jcom.co.jp/service/net/course/|https://group-companies.jcom.co.jp/sites/default/files/group-companies/common/yakkan/94188/yakkan_jcom_net_94188.pdf,https://group-companies.jcom.co.jp/sites/default/files/group-companies/common/yakkan/94188/yakkan_jcom_net_94188.pdf,https://www.jcom.co.jp/service/net/course/,https://www.jcom.co.jp/service/net/course/,光10G on auひかり 標準契約,house,10000,10000,8800,jcom-a700d533f9,verified,NULL,NULL,NULL,NULL,NULL,https://group-companies.jcom.co.jp/sites/default/files/group-companies/common/yakkan/94188/yakkan_jcom_net_94188.pdf,2026-10-07,verified,新規向け約款の各コースの上り仕様を確認。実測値ではない,NULL,NULL,2026-10-07,2024年10月1日以降の契約向け約款の標準契約単体料金を確認。集合住宅は個別契約料金の場合あり,JCOM,resolved,2024年10月1日以降の契約向け約款の標準契約単体料金を確認。集合住宅は個別契約料金の場合あり,2026-10-07,https://group-companies.jcom.co.jp/sites/default/files/group-companies/common/yakkan/94188/yakkan_jcom_net_94188.pdf
J:COM対応地域・建物,独自回線,fixed,FTTH,true,active,NULL,NULL,false,NULL,要確認,NULL,NULL,NULL,NULL,NULL,NULL,NULL,NULL,NULL,NULL,NULL,NULL,工事内容・配線状況により変動。未確認額はNULL,0,NULL,0,0,NULL,NULL,NULL,NULL,要確認（通常月額に含めない）,NULL,NULL,NULL,2026-10-07,税込,新規向け料金表Ⅰの標準契約。定期契約料金・セット契約とは別。建物個別契約はこの料金と異なる場合あり,ブロードバンドユニバーサルサービス料・追加工事・任意オプション等は別途。適用額は公式で確認,NULL,地域・設備・セット・契約期間で変動。解約料を月額料金として転記しない ／ 320MのJ:COM Wi-Fi対応装置は任意加算550円、高機能Wi-Fiは任意。1G・光は標準Wi-Fi込み、高機能Wi-Fi追加220円。,jcom,J:COM NET,JCOM,https://www.jcom.co.jp/service/net/course/,https://www.jcom.co.jp/service/net/course/,https://www.jcom.co.jp/service/net/course/|https://group-companies.jcom.co.jp/sites/default/files/group-companies/common/yakkan/94188/yakkan_jcom_net_94188.pdf,https://group-companies.jcom.co.jp/sites/default/files/group-companies/common/yakkan/94188/yakkan_jcom_net_94188.pdf,https://www.jcom.co.jp/service/net/course/,https://www.jcom.co.jp/service/net/course/,光1G on auひかり 標準契約,house,1000,1000,7370,jcom-209a56e974,verified,NULL,NULL,NULL,NULL,NULL,https://group-companies.jcom.co.jp/sites/default/files/group-companies/common/yakkan/94188/yakkan_jcom_net_94188.pdf,2026-10-07,verified,新規向け約款の各コースの上り仕様を確認。実測値ではない,NULL,NULL,2026-10-07,2024年10月1日以降の契約向け約款の標準契約単体料金を確認。集合住宅は個別契約料金の場合あり,JCOM,resolved,2024年10月1日以降の契約向け約款の標準契約単体料金を確認。集合住宅は個別契約料金の場合あり,2026-10-07,https://group-companies.jcom.co.jp/sites/default/files/group-companies/common/yakkan/94188/yakkan_jcom_net_94188.pdf
J:COM対応地域・建物,光コラボ,fixed,FTTH,true,active,NULL,NULL,false,NULL,要確認,NULL,NULL,NULL,NULL,NULL,NULL,NULL,NULL,NULL,NULL,NULL,NULL,工事内容・配線状況により変動。未確認額はNULL,24,5808,0,0,NULL,NULL,NULL,NULL,要確認（通常月額に含めない）,NULL,NULL,NULL,2026-10-07,税込,"公式Webの割引終了後料金。2年自動更新。地域により契約事務手数料3,300円／九州・山口3,080円",ブロードバンドユニバーサルサービス料・追加工事・任意オプション等は別途。適用額は公式で確認,NULL,地域・設備・セット・契約期間で変動。解約料を月額料金として転記しない,jcom,J:COM NET,JCOM,https://www.jcom.co.jp/service/net/course/,https://www.jcom.co.jp/service/net/course/,https://www.jcom.co.jp/service/net/course/|https://www.jcom.co.jp/price/hikari-n/,https://www.jcom.co.jp/price/hikari-n/,https://www.jcom.co.jp/service/net/course/,https://www.jcom.co.jp/service/net/course/,光(N) 1ギガ 2年契約,house,1000,NULL,5808,jcom-5428f68469,verified,NULL,NULL,NULL,NULL,NULL,NULL,2026-10-07,rechecked_unresolved,公式サービス・料金ページと公式サイト検索を再調査しましたが、このレコードに適用する上り最大値を確定できませんでした。下りと同じ値では埋めていません。,NULL,NULL,2026-10-07,光(N)の割引終了後の単体料金を確認。キャッシュバック実質価格を使わない,JCOM,resolved,光(N)の割引終了後の単体料金を確認。キャッシュバック実質価格を使わない,2026-10-07,https://www.jcom.co.jp/price/hikari-n/
J:COM対応地域・建物,光コラボ,fixed,FTTH,true,active,NULL,NULL,false,NULL,要確認,NULL,NULL,NULL,NULL,NULL,NULL,NULL,NULL,NULL,NULL,NULL,NULL,工事内容・配線状況により変動。未確認額はNULL,24,5258,0,0,NULL,NULL,NULL,NULL,要確認（通常月額に含めない）,NULL,NULL,NULL,2026-10-07,税込,"公式Webの割引終了後料金。2年自動更新。地域により契約事務手数料3,300円／九州・山口3,080円",ブロードバンドユニバーサルサービス料・追加工事・任意オプション等は別途。適用額は公式で確認,NULL,地域・設備・セット・契約期間で変動。解約料を月額料金として転記しない,jcom,J:COM NET,JCOM,https://www.jcom.co.jp/service/net/course/,https://www.jcom.co.jp/service/net/course/,https://www.jcom.co.jp/service/net/course/|https://www.jcom.co.jp/price/hikari-n/,https://www.jcom.co.jp/price/hikari-n/,https://www.jcom.co.jp/service/net/course/,https://www.jcom.co.jp/service/net/course/,光(N) 1ギガ 2年契約,apartment,1000,NULL,5258,jcom-51e65bd5a8,verified,NULL,NULL,NULL,NULL,NULL,NULL,2026-10-07,rechecked_unresolved,公式サービス・料金ページと公式サイト検索を再調査しましたが、このレコードに適用する上り最大値を確定できませんでした。下りと同じ値では埋めていません。,NULL,NULL,2026-10-07,光(N)の割引終了後の単体料金を確認。キャッシュバック実質価格を使わない,JCOM,resolved,光(N)の割引終了後の単体料金を確認。キャッシュバック実質価格を使わない,2026-10-07,https://www.jcom.co.jp/price/hikari-n/
J:COM対応地域・建物,光コラボ,fixed,FTTH,true,active,NULL,NULL,false,NULL,要確認,NULL,NULL,NULL,NULL,NULL,NULL,NULL,NULL,NULL,NULL,NULL,NULL,工事内容・配線状況により変動。未確認額はNULL,24,6886,0,0,NULL,NULL,NULL,NULL,要確認（通常月額に含めない）,NULL,NULL,NULL,2026-10-07,税込,"公式Webの割引終了後料金。2年自動更新。地域により契約事務手数料3,300円／九州・山口3,080円",ブロードバンドユニバーサルサービス料・追加工事・任意オプション等は別途。適用額は公式で確認,NULL,地域・設備・セット・契約期間で変動。解約料を月額料金として転記しない,jcom,J:COM NET,JCOM,https://www.jcom.co.jp/service/net/course/,https://www.jcom.co.jp/service/net/course/,https://www.jcom.co.jp/service/net/course/|https://www.jcom.co.jp/price/hikari-n/,https://www.jcom.co.jp/price/hikari-n/,https://www.jcom.co.jp/service/net/course/,https://www.jcom.co.jp/service/net/course/,光(N) 10ギガ 2年契約,house,10000,NULL,6886,jcom-025ab32104,verified,NULL,NULL,NULL,NULL,NULL,NULL,2026-10-07,rechecked_unresolved,公式サービス・料金ページと公式サイト検索を再調査しましたが、このレコードに適用する上り最大値を確定できませんでした。下りと同じ値では埋めていません。,NULL,NULL,2026-10-07,光(N)の割引終了後の単体料金を確認。キャッシュバック実質価格を使わない,JCOM,resolved,光(N)の割引終了後の単体料金を確認。キャッシュバック実質価格を使わない,2026-10-07,https://www.jcom.co.jp/price/hikari-n/
J:COM対応地域・建物,光コラボ,fixed,FTTH,true,active,NULL,NULL,false,NULL,要確認,NULL,NULL,NULL,NULL,NULL,NULL,NULL,NULL,NULL,NULL,NULL,NULL,工事内容・配線状況により変動。未確認額はNULL,24,6886,0,0,NULL,NULL,NULL,NULL,要確認（通常月額に含めない）,NULL,NULL,NULL,2026-10-07,税込,"公式Webの割引終了後料金。2年自動更新。地域により契約事務手数料3,300円／九州・山口3,080円",ブロードバンドユニバーサルサービス料・追加工事・任意オプション等は別途。適用額は公式で確認,NULL,地域・設備・セット・契約期間で変動。解約料を月額料金として転記しない,jcom,J:COM NET,JCOM,https://www.jcom.co.jp/service/net/course/,https://www.jcom.co.jp/service/net/course/,https://www.jcom.co.jp/service/net/course/|https://www.jcom.co.jp/price/hikari-n/,https://www.jcom.co.jp/price/hikari-n/,https://www.jcom.co.jp/service/net/course/,https://www.jcom.co.jp/service/net/course/,光(N) 10ギガ 2年契約,apartment,10000,NULL,6886,jcom-b1e7311529,verified,NULL,NULL,NULL,NULL,NULL,NULL,2026-10-07,rechecked_unresolved,公式サービス・料金ページと公式サイト検索を再調査しましたが、このレコードに適用する上り最大値を確定できませんでした。下りと同じ値では埋めていません。,NULL,NULL,2026-10-07,光(N)の割引終了後の単体料金を確認。キャッシュバック実質価格を使わない,JCOM,resolved,光(N)の割引終了後の単体料金を確認。キャッシュバック実質価格を使わない,2026-10-07,https://www.jcom.co.jp/price/hikari-n/
関西の一部。プラン別に異なる,光コラボ,fixed,FTTH,true,active,NULL,NULL,false,NULL,要確認,NULL,NULL,NULL,NULL,NULL,NULL,NULL,NULL,NULL,3300,NULL,NULL,工事内容・配線状況により変動。未確認額はNULL,24,NULL,0,0,NULL,NULL,NULL,NULL,要確認（通常月額に含めない）,NULL,NULL,NULL,2026-10-07,税込,税込・セット割適用前。公式掲載の割引後料金＋公式セット割330円で算出。,ブロードバンドユニバーサルサービス料・追加工事・任意オプション等は別途。適用額は公式で確認,NULL,大阪ガスの都市ガス／電気と同一住所・同一名義のセット割は330円/月で別管理。N10Gルーターは基本料込み。N1Gは対応ルーター自己用意可・任意レンタル330円/月。,sasuga,さすガねっと,大阪ガス,https://faq.osakagas.co.jp/faq/show/8926?site_domain=default,https://faq.osakagas.co.jp/faq/show/8926?site_domain=default,https://faq.osakagas.co.jp/faq/show/8926?site_domain=default|https://home.osakagas.co.jp/net/plan/n_plan/|https://home.osakagas.co.jp/net/plan/n_plan/,https://home.osakagas.co.jp/net/plan/n_plan/,https://faq.osakagas.co.jp/faq/show/8926?site_domain=default|https://home.osakagas.co.jp/net/plan/n_plan/,https://faq.osakagas.co.jp/faq/show/8926?site_domain=default,Nプラン1G,house,1000,1000,5720,sasuga-93bf7296b1,verified,NULL,NULL,NULL,NULL,NULL,https://home.osakagas.co.jp/net/plan/n_plan/,2026-10-07,verified,技術規格上の最大値。実効速度の保証ではありません。,5390,大阪ガスのセット割適用条件を満たすこと,2026-10-07,セット割330円を戻した通常料金を公式条件から確定,大阪ガス,NULL,NULL,NULL,NULL
関西の一部。プラン別に異なる,光コラボ,fixed,FTTH,true,active,NULL,NULL,false,NULL,要確認,NULL,NULL,NULL,NULL,NULL,NULL,NULL,NULL,NULL,3300,NULL,NULL,工事内容・配線状況により変動。未確認額はNULL,24,NULL,0,0,NULL,NULL,NULL,NULL,要確認（通常月額に含めない）,NULL,NULL,NULL,2026-10-07,税込,税込・セット割適用前。公式掲載の割引後料金＋公式セット割330円で算出。,ブロードバンドユニバーサルサービス料・追加工事・任意オプション等は別途。適用額は公式で確認,NULL,大阪ガスの都市ガス／電気と同一住所・同一名義のセット割は330円/月で別管理。N10Gルーターは基本料込み。N1Gは対応ルーター自己用意可・任意レンタル330円/月。,sasuga,さすガねっと,大阪ガス,https://faq.osakagas.co.jp/faq/show/8926?site_domain=default,https://faq.osakagas.co.jp/faq/show/8926?site_domain=default,https://faq.osakagas.co.jp/faq/show/8926?site_domain=default|https://home.osakagas.co.jp/net/plan/n_plan/|https://home.osakagas.co.jp/net/plan/n_plan/,https://home.osakagas.co.jp/net/plan/n_plan/,https://faq.osakagas.co.jp/faq/show/8926?site_domain=default|https://home.osakagas.co.jp/net/plan/n_plan/,https://faq.osakagas.co.jp/faq/show/8926?site_domain=default,Nプラン1G,apartment,1000,1000,4400,sasuga-1bec9a6a8d,verified,NULL,NULL,NULL,NULL,NULL,https://home.osakagas.co.jp/net/plan/n_plan/,2026-10-07,verified,技術規格上の最大値。実効速度の保証ではありません。,4070,大阪ガスのセット割適用条件を満たすこと,2026-10-07,セット割330円を戻した通常料金を公式条件から確定,大阪ガス,NULL,NULL,NULL,NULL
関西の一部。プラン別に異なる,光コラボ,fixed,FTTH,true,active,NULL,NULL,false,NULL,要確認,NULL,NULL,NULL,NULL,NULL,NULL,NULL,NULL,NULL,3300,NULL,NULL,工事内容・配線状況により変動。未確認額はNULL,24,NULL,0,0,NULL,NULL,NULL,NULL,要確認（通常月額に含めない）,NULL,NULL,NULL,2026-10-07,税込,税込・セット割適用前。公式掲載の割引後料金＋公式セット割330円で算出。,ブロードバンドユニバーサルサービス料・追加工事・任意オプション等は別途。適用額は公式で確認,NULL,大阪ガスの都市ガス／電気と同一住所・同一名義のセット割は330円/月で別管理。N10Gルーターは基本料込み。N1Gは対応ルーター自己用意可・任意レンタル330円/月。,sasuga,さすガねっと,大阪ガス,https://faq.osakagas.co.jp/faq/show/8926?site_domain=default,https://faq.osakagas.co.jp/faq/show/8926?site_domain=default,https://faq.osakagas.co.jp/faq/show/8926?site_domain=default|https://home.osakagas.co.jp/net/plan/n_plan/|https://home.osakagas.co.jp/net/plan/n_plan/,https://home.osakagas.co.jp/net/plan/n_plan/,https://faq.osakagas.co.jp/faq/show/8926?site_domain=default|https://home.osakagas.co.jp/net/plan/n_plan/,https://faq.osakagas.co.jp/faq/show/8926?site_domain=default,Nプラン10G,house,10000,10000,7260,sasuga-42735bdc7e,verified,NULL,NULL,NULL,NULL,NULL,https://home.osakagas.co.jp/net/plan/n_plan/,2026-10-07,verified,技術規格上の最大値。実効速度の保証ではありません。,6930,大阪ガスのセット割適用条件を満たすこと,2026-10-07,セット割330円を戻した通常料金を公式条件から確定,大阪ガス,NULL,NULL,NULL,NULL
関西の一部。プラン別に異なる,光コラボ,fixed,FTTH,true,active,NULL,NULL,false,NULL,要確認,NULL,NULL,NULL,NULL,NULL,NULL,NULL,NULL,NULL,3300,NULL,NULL,工事内容・配線状況により変動。未確認額はNULL,24,NULL,0,0,NULL,NULL,NULL,NULL,要確認（通常月額に含めない）,NULL,NULL,NULL,2026-10-07,税込,税込・セット割適用前。公式掲載の割引後料金＋公式セット割330円で算出。,ブロードバンドユニバーサルサービス料・追加工事・任意オプション等は別途。適用額は公式で確認,NULL,大阪ガスの都市ガス／電気と同一住所・同一名義のセット割は330円/月で別管理。N10Gルーターは基本料込み。N1Gは対応ルーター自己用意可・任意レンタル330円/月。,sasuga,さすガねっと,大阪ガス,https://faq.osakagas.co.jp/faq/show/8926?site_domain=default,https://faq.osakagas.co.jp/faq/show/8926?site_domain=default,https://faq.osakagas.co.jp/faq/show/8926?site_domain=default|https://home.osakagas.co.jp/net/plan/n_plan/|https://home.osakagas.co.jp/net/plan/n_plan/,https://home.osakagas.co.jp/net/plan/n_plan/,https://faq.osakagas.co.jp/faq/show/8926?site_domain=default|https://home.osakagas.co.jp/net/plan/n_plan/,https://faq.osakagas.co.jp/faq/show/8926?site_domain=default,Nプラン10G,apartment,10000,10000,7260,sasuga-41bdee72e3,verified,NULL,NULL,NULL,NULL,NULL,https://home.osakagas.co.jp/net/plan/n_plan/,2026-10-07,verified,技術規格上の最大値。実効速度の保証ではありません。,6930,大阪ガスのセット割適用条件を満たすこと,2026-10-07,セット割330円を戻した通常料金を公式条件から確定,大阪ガス,NULL,NULL,NULL,NULL
関西の一部。プラン別に異なる,CATV系,fixed,要確認,true,active,NULL,NULL,false,NULL,要確認,NULL,NULL,NULL,NULL,NULL,NULL,NULL,NULL,NULL,NULL,NULL,NULL,工事内容・配線状況により変動。未確認額はNULL,24,NULL,0,0,NULL,NULL,NULL,NULL,要確認（通常月額に含めない）,NULL,NULL,NULL,2026-10-07,税込,税込・セット割適用前。公式掲載の割引後料金＋公式セット割330円で算出。,ブロードバンドユニバーサルサービス料・追加工事・任意オプション等は別途。適用額は公式で確認,NULL,大阪ガスの都市ガス／電気と同一住所・同一名義のセット割は330円/月で別管理。N10Gルーターは基本料込み。N1Gは対応ルーター自己用意可・任意レンタル330円/月。,sasuga,さすガねっと,大阪ガス,https://faq.osakagas.co.jp/faq/show/8926?site_domain=default,https://faq.osakagas.co.jp/faq/show/8926?site_domain=default,https://faq.osakagas.co.jp/faq/show/8926?site_domain=default|https://home.osakagas.co.jp/net/plan/j_plan/,https://home.osakagas.co.jp/net/plan/j_plan/,https://faq.osakagas.co.jp/faq/show/8926?site_domain=default,https://faq.osakagas.co.jp/faq/show/8926?site_domain=default,Jプラン1G,house,1000,NULL,5720,sasuga-a451d16dc3,verified,NULL,NULL,NULL,NULL,NULL,NULL,2026-10-07,rechecked_unresolved,公式サービス・料金ページと公式サイト検索を再調査しましたが、このレコードに適用する上り最大値を確定できませんでした。下りと同じ値では埋めていません。,5390,大阪ガスのセット割適用条件を満たすこと,2026-10-07,セット割330円を戻した通常料金を公式条件から確定,大阪ガス,NULL,NULL,NULL,NULL
関西の一部。プラン別に異なる,CATV系,fixed,要確認,true,active,NULL,NULL,false,NULL,要確認,NULL,NULL,NULL,NULL,NULL,NULL,NULL,NULL,NULL,NULL,NULL,NULL,工事内容・配線状況により変動。未確認額はNULL,24,NULL,0,0,NULL,NULL,NULL,NULL,要確認（通常月額に含めない）,NULL,NULL,NULL,2026-10-07,税込,税込・セット割適用前。公式掲載の割引後料金＋公式セット割330円で算出。,ブロードバンドユニバーサルサービス料・追加工事・任意オプション等は別途。適用額は公式で確認,NULL,大阪ガスの都市ガス／電気と同一住所・同一名義のセット割は330円/月で別管理。N10Gルーターは基本料込み。N1Gは対応ルーター自己用意可・任意レンタル330円/月。,sasuga,さすガねっと,大阪ガス,https://faq.osakagas.co.jp/faq/show/8926?site_domain=default,https://faq.osakagas.co.jp/faq/show/8926?site_domain=default,https://faq.osakagas.co.jp/faq/show/8926?site_domain=default|https://home.osakagas.co.jp/internet/plan/pdf/importantmatter_j.pdf|https://home.osakagas.co.jp/net/plan/j_plan/,https://home.osakagas.co.jp/net/plan/j_plan/,https://faq.osakagas.co.jp/faq/show/8926?site_domain=default|https://home.osakagas.co.jp/internet/plan/pdf/importantmatter_j.pdf,https://faq.osakagas.co.jp/faq/show/8926?site_domain=default,Jプラン1G,apartment,1000,100,4400,sasuga-282dc4c2bc,verified,NULL,NULL,NULL,NULL,NULL,https://home.osakagas.co.jp/internet/plan/pdf/importantmatter_j.pdf,2026-10-07,verified,技術規格上の最大値。実効速度の保証ではありません。,4070,大阪ガスのセット割適用条件を満たすこと,2026-10-07,セット割330円を戻した通常料金を公式条件から確定,大阪ガス,NULL,NULL,NULL,NULL
関西の一部。プラン別に異なる,CATV系光,fixed,FTTH,true,active,NULL,NULL,false,NULL,要確認,NULL,NULL,NULL,NULL,NULL,NULL,NULL,NULL,NULL,NULL,NULL,NULL,工事内容・配線状況により変動。未確認額はNULL,24,NULL,0,0,NULL,NULL,NULL,NULL,要確認（通常月額に含めない）,NULL,NULL,NULL,2026-10-07,税込,税込・セット割適用前。公式掲載の割引後料金＋公式セット割330円で算出。,ブロードバンドユニバーサルサービス料・追加工事・任意オプション等は別途。適用額は公式で確認,NULL,大阪ガスの都市ガス／電気と同一住所・同一名義のセット割は330円/月で別管理。N10Gルーターは基本料込み。N1Gは対応ルーター自己用意可・任意レンタル330円/月。,sasuga,さすガねっと,大阪ガス,https://faq.osakagas.co.jp/faq/show/8926?site_domain=default,https://faq.osakagas.co.jp/faq/show/8926?site_domain=default,https://faq.osakagas.co.jp/faq/show/8926?site_domain=default|https://home.osakagas.co.jp/net/plan/j_plan/,https://home.osakagas.co.jp/net/plan/j_plan/,https://faq.osakagas.co.jp/faq/show/8926?site_domain=default,https://faq.osakagas.co.jp/faq/show/8926?site_domain=default,Jプラン10G,house,10000,NULL,7260,sasuga-866d841e4f,verified,NULL,NULL,NULL,NULL,NULL,NULL,2026-10-07,rechecked_unresolved,公式サービス・料金ページと公式サイト検索を再調査しましたが、このレコードに適用する上り最大値を確定できませんでした。下りと同じ値では埋めていません。,6930,大阪ガスのセット割適用条件を満たすこと,2026-10-07,セット割330円を戻した通常料金を公式条件から確定,大阪ガス,NULL,NULL,NULL,NULL
関西の一部。プラン別に異なる,CATV系,fixed,HFC,true,active,NULL,NULL,false,NULL,要確認,NULL,NULL,NULL,NULL,NULL,NULL,NULL,NULL,NULL,NULL,NULL,NULL,工事内容・配線状況により変動。未確認額はNULL,24,NULL,0,0,NULL,NULL,NULL,NULL,要確認（通常月額に含めない）,NULL,NULL,NULL,2026-10-07,税込,税込・セット割適用前。公式掲載の割引後料金＋公式セット割330円で算出。,ブロードバンドユニバーサルサービス料・追加工事・任意オプション等は別途。適用額は公式で確認,NULL,大阪ガスの都市ガス／電気と同一住所・同一名義のセット割は330円/月で別管理。N10Gルーターは基本料込み。N1Gは対応ルーター自己用意可・任意レンタル330円/月。,sasuga,さすガねっと,大阪ガス,https://faq.osakagas.co.jp/faq/show/8926?site_domain=default,https://faq.osakagas.co.jp/faq/show/8926?site_domain=default,https://faq.osakagas.co.jp/faq/show/8926?site_domain=default|https://home.osakagas.co.jp/net/plan/j_plan/,https://home.osakagas.co.jp/net/plan/j_plan/,https://faq.osakagas.co.jp/faq/show/8926?site_domain=default,https://faq.osakagas.co.jp/faq/show/8926?site_domain=default,Jプラン320M,house,320,NULL,5280,sasuga-830384534f,verified,NULL,NULL,NULL,NULL,NULL,NULL,2026-10-07,rechecked_unresolved,公式サービス・料金ページと公式サイト検索を再調査しましたが、このレコードに適用する上り最大値を確定できませんでした。下りと同じ値では埋めていません。,4950,大阪ガスのセット割適用条件を満たすこと,2026-10-07,セット割330円を戻した通常料金を公式条件から確定,大阪ガス,NULL,NULL,NULL,NULL
関西の一部。プラン別に異なる,CATV系,fixed,HFC,true,active,NULL,NULL,false,NULL,要確認,NULL,NULL,NULL,NULL,NULL,NULL,NULL,NULL,NULL,NULL,NULL,NULL,工事内容・配線状況により変動。未確認額はNULL,24,NULL,0,0,NULL,NULL,NULL,NULL,要確認（通常月額に含めない）,NULL,NULL,NULL,2026-10-07,税込,税込・セット割適用前。公式掲載の割引後料金＋公式セット割330円で算出。,ブロードバンドユニバーサルサービス料・追加工事・任意オプション等は別途。適用額は公式で確認,NULL,大阪ガスの都市ガス／電気と同一住所・同一名義のセット割は330円/月で別管理。N10Gルーターは基本料込み。N1Gは対応ルーター自己用意可・任意レンタル330円/月。,sasuga,さすガねっと,大阪ガス,https://faq.osakagas.co.jp/faq/show/8926?site_domain=default,https://faq.osakagas.co.jp/faq/show/8926?site_domain=default,https://faq.osakagas.co.jp/faq/show/8926?site_domain=default|https://home.osakagas.co.jp/net/plan/j_plan/,https://home.osakagas.co.jp/net/plan/j_plan/,https://faq.osakagas.co.jp/faq/show/8926?site_domain=default,https://faq.osakagas.co.jp/faq/show/8926?site_domain=default,Jプラン320M,apartment,320,NULL,4180,sasuga-fb036a4813,verified,NULL,NULL,NULL,NULL,NULL,NULL,2026-10-07,rechecked_unresolved,公式サービス・料金ページと公式サイト検索を再調査しましたが、このレコードに適用する上り最大値を確定できませんでした。下りと同じ値では埋めていません。,3850,大阪ガスのセット割適用条件を満たすこと,2026-10-07,セット割330円を戻した通常料金を公式条件から確定,大阪ガス,NULL,NULL,NULL,NULL
全国（設備・地域により対象外）,光コラボ,fixed,FTTH,true,active,NULL,NULL,false,対応,要確認,NULL,NULL,NULL,NULL,NULL,NULL,NULL,NULL,NULL,2200,22000,NULL,工事内容・配線状況により変動。未確認額はNULL,24,NULL,0,0,NULL,NULL,NULL,NULL,要確認（通常月額に含めない）,NULL,NULL,true,2026-10-07,税込,通常料金・プロバイダー込み。キャンペーン・スマホ割を除く,ブロードバンドユニバーサルサービス料・追加工事・任意オプション等は別途。適用額は公式で確認,NULL,専用帯域は公式仕様。Ping・ジッター実測値は未確認,gamewith,GameWith光,GameWith,https://gamewith-hikari.gamewith.co.jp/,https://gamewith-hikari.gamewith.co.jp/,https://gamewith-hikari.gamewith.co.jp/,https://gamewith-hikari.gamewith.co.jp/,https://gamewith-hikari.gamewith.co.jp/,https://gamewith-hikari.gamewith.co.jp/,1ギガ,house,1000,1000,6160,gamewith-0279a86cd2,verified,NULL,NULL,NULL,NULL,NULL,NULL,NULL,previously_recorded,NULL,NULL,NULL,NULL,NULL,GameWith,NULL,NULL,NULL,NULL
全国（設備・地域により対象外）,光コラボ,fixed,FTTH,true,active,NULL,NULL,false,対応,要確認,NULL,NULL,NULL,NULL,NULL,NULL,NULL,NULL,NULL,2200,22000,NULL,工事内容・配線状況により変動。未確認額はNULL,24,NULL,0,0,NULL,NULL,NULL,NULL,要確認（通常月額に含めない）,NULL,NULL,true,2026-10-07,税込,通常料金・プロバイダー込み。キャンペーン・スマホ割を除く,ブロードバンドユニバーサルサービス料・追加工事・任意オプション等は別途。適用額は公式で確認,NULL,専用帯域は公式仕様。Ping・ジッター実測値は未確認,gamewith,GameWith光,GameWith,https://gamewith-hikari.gamewith.co.jp/,https://gamewith-hikari.gamewith.co.jp/,https://gamewith-hikari.gamewith.co.jp/,https://gamewith-hikari.gamewith.co.jp/,https://gamewith-hikari.gamewith.co.jp/,https://gamewith-hikari.gamewith.co.jp/,1ギガ,apartment,1000,1000,4840,gamewith-7148942e90,verified,NULL,NULL,NULL,NULL,NULL,NULL,NULL,previously_recorded,NULL,NULL,NULL,NULL,NULL,GameWith,NULL,NULL,NULL,NULL
全国（設備・地域により対象外）,光コラボ,fixed,FTTH,true,active,NULL,NULL,false,対応,要確認,NULL,NULL,NULL,NULL,NULL,NULL,NULL,NULL,NULL,2200,22000,NULL,工事内容・配線状況により変動。未確認額はNULL,24,NULL,0,0,NULL,NULL,NULL,NULL,要確認（通常月額に含めない）,NULL,NULL,true,2026-10-07,税込,通常料金・プロバイダー込み。キャンペーン・スマホ割を除く,ブロードバンドユニバーサルサービス料・追加工事・任意オプション等は別途。適用額は公式で確認,NULL,専用帯域は公式仕様。Ping・ジッター実測値は未確認,gamewith,GameWith光,GameWith,https://gamewith-hikari.gamewith.co.jp/,https://gamewith-hikari.gamewith.co.jp/,https://gamewith-hikari.gamewith.co.jp/10g,https://gamewith-hikari.gamewith.co.jp/10g,https://gamewith-hikari.gamewith.co.jp/,https://gamewith-hikari.gamewith.co.jp/,10ギガ,house,10000,10000,7370,gamewith-9d7373fa30,verified,NULL,NULL,NULL,NULL,NULL,NULL,NULL,previously_recorded,NULL,NULL,NULL,NULL,NULL,GameWith,NULL,NULL,NULL,NULL
全国（設備・地域により対象外）,光コラボ,fixed,FTTH,true,active,NULL,NULL,false,対応,要確認,NULL,NULL,NULL,NULL,NULL,NULL,NULL,NULL,NULL,2200,22000,NULL,工事内容・配線状況により変動。未確認額はNULL,24,NULL,0,0,NULL,NULL,NULL,NULL,要確認（通常月額に含めない）,NULL,NULL,true,2026-10-07,税込,通常料金・プロバイダー込み。キャンペーン・スマホ割を除く,ブロードバンドユニバーサルサービス料・追加工事・任意オプション等は別途。適用額は公式で確認,NULL,専用帯域は公式仕様。Ping・ジッター実測値は未確認,gamewith,GameWith光,GameWith,https://gamewith-hikari.gamewith.co.jp/,https://gamewith-hikari.gamewith.co.jp/,https://gamewith-hikari.gamewith.co.jp/10g,https://gamewith-hikari.gamewith.co.jp/10g,https://gamewith-hikari.gamewith.co.jp/,https://gamewith-hikari.gamewith.co.jp/,10ギガ,apartment,10000,10000,7370,gamewith-f287974095,verified,NULL,NULL,NULL,NULL,NULL,NULL,NULL,previously_recorded,NULL,NULL,NULL,NULL,NULL,GameWith,NULL,NULL,NULL,NULL
一部地域（公式で確認）,独自回線,fixed,FTTH,true,active,NULL,NULL,false,NULL,要確認,NULL,NULL,NULL,NULL,NULL,NULL,NULL,NULL,NULL,3300,67320,NULL,工事内容・配線状況により変動。未確認額はNULL,24,19800,0,0,NULL,NULL,NULL,NULL,要確認（通常月額に含めない）,NULL,NULL,true,2026-10-07,税込,通常料金・プロバイダー込み。キャンペーン・スマホ割を除く,ブロードバンドユニバーサルサービス料・追加工事・任意オプション等は別途。適用額は公式で確認,NULL,1社専有型アクセスライン。実測Ping・ジッター値はNULL,gamewith-pro,GameWith光 Pro,GameWith,https://gamewith-hikari.gamewith.co.jp/pro/,https://gamewith-hikari.gamewith.co.jp/pro/,https://gamewith-hikari.gamewith.co.jp/pro/|https://gamewith-hikari.gamewith.co.jp/pro,https://gamewith-hikari.gamewith.co.jp/pro/,https://gamewith-hikari.gamewith.co.jp/pro/|https://gamewith-hikari.gamewith.co.jp/pro,https://gamewith-hikari.gamewith.co.jp/pro/,Pro,house,10000,10000,19800,gamewith-pro-8543f577cc,verified,NULL,NULL,NULL,NULL,NULL,https://gamewith-hikari.gamewith.co.jp/pro,2026-10-07,verified,最大上下10Gbpsのベストエフォート。実際の通信速度・遅延の保証ではありません。,NULL,NULL,NULL,NULL,GameWith,NULL,NULL,NULL,NULL
NTT東日本17都道県の一部,NTTフレッツ,fixed,FTTH,false,active,NULL,NULL,false,NULL,要確認,NULL,NULL,NULL,NULL,NULL,NULL,NULL,NULL,NULL,NULL,NULL,NULL,工事内容・配線状況により変動。未確認額はNULL,NULL,NULL,0,0,NULL,NULL,NULL,NULL,要確認（通常月額に含めない）,NULL,NULL,NULL,2026-10-07,税込,回線料金のみ。プロバイダー別契約・別料金が必要,ブロードバンドユニバーサルサービス料・追加工事・任意オプション等は別途。適用額は公式で確認,NULL,プロバイダー未選択のため合計月額は要確認。終了したにねん割・光はじめ割ネクストは適用しない,flets-east,フレッツ光 東日本,別契約のプロバイダー,https://flets.com/flets-hikari/cross/,https://flets.com/flets-hikari/cross/,https://flets.com/flets-hikari/cross/,https://flets.com/flets-hikari/cross/,https://flets.com/flets-hikari/cross/,https://flets.com/flets-hikari/cross/,光クロス 10ギガ,house,10000,10000,6050,flets-east-66f73a6ea6,needs_confirmation,NULL,NULL,NULL,NULL,NULL,https://flets.com/flets-hikari/cross/,2026-10-07,verified,技術規格上の最大値。実効速度の保証ではありません。,NULL,NULL,2026-10-07,回線単体の基本料金は確認済み。インターネット利用には別契約プロバイダーの料金が必要,NTT東日本,conditional,回線単体の基本料金は確認済み。インターネット利用には別契約プロバイダーの料金が必要,2026-10-07,https://flets.com/flets-hikari/cross/
NTT東日本17都道県の一部,NTTフレッツ,fixed,FTTH,false,active,NULL,NULL,false,NULL,要確認,NULL,NULL,NULL,NULL,NULL,NULL,NULL,NULL,NULL,NULL,NULL,NULL,工事内容・配線状況により変動。未確認額はNULL,NULL,NULL,0,0,NULL,NULL,NULL,NULL,要確認（通常月額に含めない）,NULL,NULL,NULL,2026-10-07,税込,回線料金のみ。プロバイダー別契約・別料金が必要,ブロードバンドユニバーサルサービス料・追加工事・任意オプション等は別途。適用額は公式で確認,NULL,プロバイダー未選択のため合計月額は要確認。終了したにねん割・光はじめ割ネクストは適用しない,flets-east,フレッツ光 東日本,別契約のプロバイダー,https://flets.com/flets-hikari/cross/,https://flets.com/flets-hikari/cross/,https://flets.com/flets-hikari/cross/,https://flets.com/flets-hikari/cross/,https://flets.com/flets-hikari/cross/,https://flets.com/flets-hikari/cross/,光クロス 10ギガ,apartment,10000,10000,6050,flets-east-4f65fee715,needs_confirmation,NULL,NULL,NULL,NULL,NULL,https://flets.com/flets-hikari/cross/,2026-10-07,verified,技術規格上の最大値。実効速度の保証ではありません。,NULL,NULL,2026-10-07,回線単体の基本料金は確認済み。インターネット利用には別契約プロバイダーの料金が必要,NTT東日本,conditional,回線単体の基本料金は確認済み。インターネット利用には別契約プロバイダーの料金が必要,2026-10-07,https://flets.com/flets-hikari/cross/
NTT東日本17都道県の一部,NTTフレッツ,fixed,FTTH,false,active,NULL,NULL,false,NULL,要確認,NULL,NULL,NULL,NULL,NULL,NULL,NULL,NULL,NULL,NULL,NULL,NULL,工事内容・配線状況により変動。未確認額はNULL,NULL,NULL,NULL,0,NULL,NULL,NULL,NULL,要確認（通常月額に含めない）,NULL,NULL,NULL,2026-10-07,税込,回線料金のみ。プロバイダー別契約・別料金が必要,ブロードバンドユニバーサルサービス料・追加工事・任意オプション等は別途。適用額は公式で確認,NULL,プロバイダー未選択のため合計月額は要確認。終了したにねん割・光はじめ割ネクストは適用しない,flets-east,フレッツ光 東日本,別契約のプロバイダー,https://flets.com/flets-hikari/cross/,https://flets.com/flets-hikari/cross/,https://flets.com/flets-hikari/cross/|https://flets.com/flets-hikari/next/connect.html|https://flets.com/flets-hikari/next/,https://flets.com/flets-hikari/next/,https://flets.com/flets-hikari/cross/|https://flets.com/flets-hikari/next/connect.html,https://flets.com/flets-hikari/cross/,光ネクスト 1ギガ 光配線,house,1000,1000,5940,flets-east-24d80efedf,verified,NULL,NULL,NULL,NULL,NULL,https://flets.com/flets-hikari/next/connect.html,2026-10-07,verified,技術規格上の最大値。実効速度の保証ではありません。,NULL,NULL,2026-10-07,通常回線料を確認済み。インターネット利用には別契約プロバイダーの料金が必要,NTT東日本,conditional,通常回線料を確認済み。インターネット利用には別契約プロバイダーの料金が必要,2026-10-07,https://flets.com/flets-hikari/next/
NTT東日本17都道県の一部,NTTフレッツ,fixed,FTTH,false,active,NULL,NULL,false,NULL,要確認,NULL,NULL,NULL,NULL,NULL,NULL,NULL,NULL,NULL,NULL,NULL,NULL,工事内容・配線状況により変動。未確認額はNULL,NULL,NULL,NULL,0,NULL,NULL,NULL,NULL,要確認（通常月額に含めない）,NULL,NULL,NULL,2026-10-07,税込,回線料金のみ。プロバイダー別契約・別料金が必要,ブロードバンドユニバーサルサービス料・追加工事・任意オプション等は別途。適用額は公式で確認,NULL,プロバイダー未選択のため合計月額は要確認。終了したにねん割・光はじめ割ネクストは適用しない,flets-east,フレッツ光 東日本,別契約のプロバイダー,https://flets.com/flets-hikari/cross/,https://flets.com/flets-hikari/cross/,https://flets.com/flets-hikari/cross/|https://flets.com/flets-hikari/next/connect.html|https://flets.com/flets-hikari/next/mn_index.html,https://flets.com/flets-hikari/cross/,https://flets.com/flets-hikari/cross/|https://flets.com/flets-hikari/next/connect.html,https://flets.com/flets-hikari/cross/,光ネクスト 1ギガ 光配線,apartment,1000,1000,NULL,flets-east-7d6dfc8d60,verified_variable,NULL,3355,4455,NULL,NULL,https://flets.com/flets-hikari/next/connect.html,2026-10-07,verified,技術規格上の最大値。実効速度の保証ではありません。,NULL,NULL,2026-10-07,建物のミニ・プラン1・プラン2で回線料が変動。別契約プロバイダー料金も必要,NTT東日本,conditional,建物のミニ・プラン1・プラン2で回線料が変動。別契約プロバイダー料金も必要,2026-10-07,https://flets.com/flets-hikari/next/mn_index.html
NTT東日本17都道県の一部,NTTフレッツ,fixed,FTTH,false,active,NULL,NULL,false,NULL,要確認,NULL,NULL,NULL,NULL,NULL,NULL,NULL,NULL,NULL,NULL,NULL,NULL,工事内容・配線状況により変動。未確認額はNULL,NULL,NULL,NULL,0,NULL,NULL,NULL,NULL,要確認（通常月額に含めない）,NULL,NULL,NULL,2026-10-07,税込,回線料金のみ。プロバイダー別契約・別料金が必要,ブロードバンドユニバーサルサービス料・追加工事・任意オプション等は別途。適用額は公式で確認,NULL,プロバイダー未選択のため合計月額は要確認。終了したにねん割・光はじめ割ネクストは適用しない,flets-east,フレッツ光 東日本,別契約のプロバイダー,https://flets.com/flets-hikari/cross/,https://flets.com/flets-hikari/cross/,https://flets.com/flets-hikari/cross/|https://flets.com/flets-hikari/next/connect.html|https://flets.com/flets-hikari/next/,https://flets.com/flets-hikari/next/,https://flets.com/flets-hikari/cross/|https://flets.com/flets-hikari/next/connect.html,https://flets.com/flets-hikari/cross/,光ネクスト 200メガ,house,200,100,5940,flets-east-e09d70244c,verified,NULL,NULL,NULL,NULL,NULL,https://flets.com/flets-hikari/next/connect.html,2026-10-07,verified,技術規格上の最大値。実効速度の保証ではありません。,NULL,NULL,2026-10-07,通常回線料を確認済み。インターネット利用には別契約プロバイダーの料金が必要,NTT東日本,conditional,通常回線料を確認済み。インターネット利用には別契約プロバイダーの料金が必要,2026-10-07,https://flets.com/flets-hikari/next/
NTT東日本17都道県の一部,NTTフレッツ,fixed,FTTH,false,active,NULL,NULL,false,NULL,要確認,NULL,NULL,NULL,NULL,NULL,NULL,NULL,NULL,NULL,NULL,NULL,NULL,工事内容・配線状況により変動。未確認額はNULL,NULL,NULL,NULL,0,NULL,NULL,NULL,NULL,要確認（通常月額に含めない）,NULL,NULL,NULL,2026-10-07,税込,回線料金のみ。プロバイダー別契約・別料金が必要,ブロードバンドユニバーサルサービス料・追加工事・任意オプション等は別途。適用額は公式で確認,NULL,プロバイダー未選択のため合計月額は要確認。終了したにねん割・光はじめ割ネクストは適用しない,flets-east,フレッツ光 東日本,別契約のプロバイダー,https://flets.com/flets-hikari/cross/,https://flets.com/flets-hikari/cross/,https://flets.com/flets-hikari/cross/|https://flets.com/flets-hikari/next/connect.html|https://flets.com/flets-hikari/next/mn_index.html,https://flets.com/flets-hikari/cross/,https://flets.com/flets-hikari/cross/|https://flets.com/flets-hikari/next/connect.html,https://flets.com/flets-hikari/cross/,光ネクスト 200メガ,apartment,200,100,NULL,flets-east-ed144905fe,verified_variable,NULL,3355,4455,NULL,NULL,https://flets.com/flets-hikari/next/connect.html,2026-10-07,verified,技術規格上の最大値。実効速度の保証ではありません。,NULL,NULL,2026-10-07,建物のミニ・プラン1・プラン2で回線料が変動。別契約プロバイダー料金も必要,NTT東日本,conditional,建物のミニ・プラン1・プラン2で回線料が変動。別契約プロバイダー料金も必要,2026-10-07,https://flets.com/flets-hikari/next/mn_index.html
NTT東日本17都道県の一部,NTTフレッツ,fixed,FTTH,false,active,NULL,NULL,false,NULL,要確認,NULL,NULL,NULL,NULL,NULL,NULL,NULL,NULL,NULL,NULL,NULL,NULL,工事内容・配線状況により変動。未確認額はNULL,NULL,NULL,NULL,0,NULL,NULL,NULL,NULL,要確認（通常月額に含めない）,NULL,NULL,NULL,2026-10-07,税込,回線料金のみ。プロバイダー別契約・別料金が必要,ブロードバンドユニバーサルサービス料・追加工事・任意オプション等は別途。適用額は公式で確認,NULL,プロバイダー未選択のため合計月額は要確認。終了したにねん割・光はじめ割ネクストは適用しない,flets-east,フレッツ光 東日本,別契約のプロバイダー,https://flets.com/flets-hikari/cross/,https://flets.com/flets-hikari/cross/,https://flets.com/flets-hikari/cross/|https://flets.com/flets-hikari/next/connect.html|https://flets.com/flets-hikari/next/,https://flets.com/flets-hikari/next/,https://flets.com/flets-hikari/cross/|https://flets.com/flets-hikari/next/connect.html,https://flets.com/flets-hikari/cross/,光ネクスト 100メガ,house,100,100,5940,flets-east-da2ca346cd,verified,NULL,NULL,NULL,NULL,NULL,https://flets.com/flets-hikari/next/connect.html,2026-10-07,verified,技術規格上の最大値。実効速度の保証ではありません。,NULL,NULL,2026-10-07,通常回線料を確認済み。インターネット利用には別契約プロバイダーの料金が必要,NTT東日本,conditional,通常回線料を確認済み。インターネット利用には別契約プロバイダーの料金が必要,2026-10-07,https://flets.com/flets-hikari/next/
NTT東日本17都道県の一部,NTTフレッツ,fixed,FTTH,false,active,NULL,NULL,false,NULL,要確認,NULL,NULL,NULL,NULL,NULL,NULL,NULL,NULL,NULL,NULL,NULL,NULL,工事内容・配線状況により変動。未確認額はNULL,NULL,NULL,NULL,0,NULL,NULL,NULL,NULL,要確認（通常月額に含めない）,NULL,NULL,NULL,2026-10-07,税込,回線料金のみ。プロバイダー別契約・別料金が必要,ブロードバンドユニバーサルサービス料・追加工事・任意オプション等は別途。適用額は公式で確認,NULL,プロバイダー未選択のため合計月額は要確認。終了したにねん割・光はじめ割ネクストは適用しない,flets-east,フレッツ光 東日本,別契約のプロバイダー,https://flets.com/flets-hikari/cross/,https://flets.com/flets-hikari/cross/,https://flets.com/flets-hikari/cross/|https://flets.com/flets-hikari/next/connect.html|https://flets.com/flets-hikari/next/mn_index.html,https://flets.com/flets-hikari/cross/,https://flets.com/flets-hikari/cross/|https://flets.com/flets-hikari/next/connect.html,https://flets.com/flets-hikari/cross/,光ネクスト 100メガ,apartment,100,100,NULL,flets-east-448f46e604,verified_variable,NULL,3355,4455,NULL,NULL,https://flets.com/flets-hikari/next/connect.html,2026-10-07,verified,技術規格上の最大値。実効速度の保証ではありません。,NULL,NULL,2026-10-07,建物のミニ・プラン1・プラン2で回線料が変動。別契約プロバイダー料金も必要,NTT東日本,conditional,建物のミニ・プラン1・プラン2で回線料が変動。別契約プロバイダー料金も必要,2026-10-07,https://flets.com/flets-hikari/next/mn_index.html
NTT西日本30府県の一部,NTTフレッツ,fixed,FTTH,false,active,NULL,NULL,false,NULL,要確認,NULL,NULL,NULL,NULL,NULL,NULL,NULL,NULL,NULL,880,22000,NULL,工事内容・配線状況により変動。未確認額はNULL,NULL,NULL,0,0,NULL,NULL,NULL,NULL,要確認（通常月額に含めない）,NULL,NULL,NULL,2026-10-07,税込,回線料金のみ。プロバイダー別契約・別料金が必要,ブロードバンドユニバーサルサービス料・追加工事・任意オプション等は別途。適用額は公式で確認,NULL,プロバイダー未選択のため合計月額は要確認。終了したにねん割・光はじめ割ネクストは適用しない,flets-west,フレッツ光 西日本,別契約のプロバイダー,https://flets-w.com/service/next/price/new/,https://flets-w.com/service/next/price/new/,https://flets-w.com/service/next/price/new/|https://flets-w.com/service/cross/price/,https://flets-w.com/service/cross/price/,https://flets-w.com/service/next/price/new/,https://flets-w.com/service/next/price/new/,光クロス 10ギガ,house,10000,NULL,6930,flets-west-66f73a6ea6,needs_confirmation,NULL,NULL,NULL,NULL,NULL,NULL,2026-10-07,rechecked_unresolved,公式サービス・料金ページと公式サイト検索を再調査しましたが、このレコードに適用する上り最大値を確定できませんでした。下りと同じ値では埋めていません。,NULL,NULL,2026-10-07,回線単体の基本料金は確認済み。インターネット利用には別契約プロバイダーの料金が必要,NTT西日本,conditional,回線単体の基本料金は確認済み。インターネット利用には別契約プロバイダーの料金が必要,2026-10-07,https://flets-w.com/service/cross/price/
NTT西日本30府県の一部,NTTフレッツ,fixed,FTTH,false,active,NULL,NULL,false,NULL,要確認,NULL,NULL,NULL,NULL,NULL,NULL,NULL,NULL,NULL,880,22000,NULL,工事内容・配線状況により変動。未確認額はNULL,NULL,NULL,0,0,NULL,NULL,NULL,NULL,要確認（通常月額に含めない）,NULL,NULL,NULL,2026-10-07,税込,回線料金のみ。プロバイダー別契約・別料金が必要,ブロードバンドユニバーサルサービス料・追加工事・任意オプション等は別途。適用額は公式で確認,NULL,プロバイダー未選択のため合計月額は要確認。終了したにねん割・光はじめ割ネクストは適用しない,flets-west,フレッツ光 西日本,別契約のプロバイダー,https://flets-w.com/service/next/price/new/,https://flets-w.com/service/next/price/new/,https://flets-w.com/service/next/price/new/|https://flets-w.com/service/cross/price/,https://flets-w.com/service/cross/price/,https://flets-w.com/service/next/price/new/,https://flets-w.com/service/next/price/new/,光クロス 10ギガ,apartment,10000,NULL,6930,flets-west-4f65fee715,needs_confirmation,NULL,NULL,NULL,NULL,NULL,NULL,2026-10-07,rechecked_unresolved,公式サービス・料金ページと公式サイト検索を再調査しましたが、このレコードに適用する上り最大値を確定できませんでした。下りと同じ値では埋めていません。,NULL,NULL,2026-10-07,回線単体の基本料金は確認済み。インターネット利用には別契約プロバイダーの料金が必要,NTT西日本,conditional,回線単体の基本料金は確認済み。インターネット利用には別契約プロバイダーの料金が必要,2026-10-07,https://flets-w.com/service/cross/price/
NTT西日本30府県の一部,NTTフレッツ,fixed,FTTH,false,active,NULL,NULL,false,NULL,要確認,NULL,NULL,NULL,NULL,NULL,NULL,NULL,NULL,NULL,NULL,NULL,NULL,工事内容・配線状況により変動。未確認額はNULL,NULL,NULL,NULL,0,NULL,NULL,NULL,NULL,要確認（通常月額に含めない）,NULL,NULL,NULL,2026-10-07,税込,回線料金のみ。プロバイダー別契約・別料金が必要,ブロードバンドユニバーサルサービス料・追加工事・任意オプション等は別途。適用額は公式で確認,NULL,プロバイダー未選択のため合計月額は要確認。終了したにねん割・光はじめ割ネクストは適用しない,flets-west,フレッツ光 西日本,別契約のプロバイダー,https://flets-w.com/service/next/price/new/,https://flets-w.com/service/next/price/new/,https://flets-w.com/service/next/price/new/|https://flets-w.com/cp/next/,https://flets-w.com/service/next/price/new/,https://flets-w.com/service/next/price/new/|https://flets-w.com/cp/next/,https://flets-w.com/service/next/price/new/,光ネクスト 1ギガ 光配線,house,1000,1000,5940,flets-west-24d80efedf,verified,NULL,NULL,NULL,NULL,NULL,https://flets-w.com/cp/next/,2026-10-07,verified,公式の回線品目における技術規格上の最大値です。実効速度の保証ではありません。建物・配線・回線品目によって利用できる速度が変わります。,NULL,NULL,2026-10-07,通常回線料を確認済み。インターネット利用には別契約プロバイダーの料金が必要,NTT西日本,conditional,通常回線料を確認済み。インターネット利用には別契約プロバイダーの料金が必要,2026-10-07,https://flets-w.com/service/next/price/new/
NTT西日本30府県の一部,NTTフレッツ,fixed,FTTH,false,active,NULL,NULL,false,NULL,要確認,NULL,NULL,NULL,NULL,NULL,NULL,NULL,NULL,NULL,NULL,NULL,NULL,工事内容・配線状況により変動。未確認額はNULL,NULL,NULL,NULL,0,NULL,NULL,NULL,NULL,要確認（通常月額に含めない）,NULL,NULL,NULL,2026-10-07,税込,回線料金のみ。プロバイダー別契約・別料金が必要,ブロードバンドユニバーサルサービス料・追加工事・任意オプション等は別途。適用額は公式で確認,NULL,プロバイダー未選択のため合計月額は要確認。終了したにねん割・光はじめ割ネクストは適用しない,flets-west,フレッツ光 西日本,別契約のプロバイダー,https://flets-w.com/service/next/price/new/,https://flets-w.com/service/next/price/new/,https://flets-w.com/service/next/price/new/|https://flets-w.com/cp/next/,https://flets-w.com/service/next/price/new/,https://flets-w.com/service/next/price/new/|https://flets-w.com/cp/next/,https://flets-w.com/service/next/price/new/,光ネクスト 1ギガ 光配線,apartment,1000,1000,NULL,flets-west-7d6dfc8d60,verified_variable,NULL,3520,4950,NULL,NULL,https://flets-w.com/cp/next/,2026-10-07,verified,公式の回線品目における技術規格上の最大値です。実効速度の保証ではありません。建物・配線・回線品目によって利用できる速度が変わります。,NULL,NULL,2026-10-07,建物のミニ・プラン1・プラン2で回線料が変動。別契約プロバイダー料金も必要,NTT西日本,conditional,建物のミニ・プラン1・プラン2で回線料が変動。別契約プロバイダー料金も必要,2026-10-07,https://flets-w.com/service/next/price/new/
NTT西日本30府県の一部,NTTフレッツ,fixed,FTTH,false,active,NULL,NULL,false,NULL,要確認,NULL,NULL,NULL,NULL,NULL,NULL,NULL,NULL,NULL,NULL,NULL,NULL,工事内容・配線状況により変動。未確認額はNULL,NULL,NULL,NULL,0,NULL,NULL,NULL,NULL,要確認（通常月額に含めない）,NULL,NULL,NULL,2026-10-07,税込,回線料金のみ。プロバイダー別契約・別料金が必要,ブロードバンドユニバーサルサービス料・追加工事・任意オプション等は別途。適用額は公式で確認,NULL,プロバイダー未選択のため合計月額は要確認。終了したにねん割・光はじめ割ネクストは適用しない,flets-west,フレッツ光 西日本,別契約のプロバイダー,https://flets-w.com/service/next/price/new/,https://flets-w.com/service/next/price/new/,https://flets-w.com/service/next/price/new/,https://flets-w.com/service/next/price/new/,https://flets-w.com/service/next/price/new/,https://flets-w.com/service/next/price/new/,光ネクスト 200メガ,house,200,NULL,5940,flets-west-e09d70244c,verified,NULL,NULL,NULL,NULL,NULL,NULL,2026-10-07,rechecked_unresolved,公式サービス・料金ページと公式サイト検索を再調査しましたが、このレコードに適用する上り最大値を確定できませんでした。下りと同じ値では埋めていません。,NULL,NULL,2026-10-07,通常回線料を確認済み。インターネット利用には別契約プロバイダーの料金が必要,NTT西日本,conditional,通常回線料を確認済み。インターネット利用には別契約プロバイダーの料金が必要,2026-10-07,https://flets-w.com/service/next/price/new/
NTT西日本30府県の一部,NTTフレッツ,fixed,FTTH,false,active,NULL,NULL,false,NULL,要確認,NULL,NULL,NULL,NULL,NULL,NULL,NULL,NULL,NULL,NULL,NULL,NULL,工事内容・配線状況により変動。未確認額はNULL,NULL,NULL,NULL,0,NULL,NULL,NULL,NULL,要確認（通常月額に含めない）,NULL,NULL,NULL,2026-10-07,税込,回線料金のみ。プロバイダー別契約・別料金が必要,ブロードバンドユニバーサルサービス料・追加工事・任意オプション等は別途。適用額は公式で確認,NULL,プロバイダー未選択のため合計月額は要確認。終了したにねん割・光はじめ割ネクストは適用しない,flets-west,フレッツ光 西日本,別契約のプロバイダー,https://flets-w.com/service/next/price/new/,https://flets-w.com/service/next/price/new/,https://flets-w.com/service/next/price/new/,https://flets-w.com/service/next/price/new/,https://flets-w.com/service/next/price/new/,https://flets-w.com/service/next/price/new/,光ネクスト 200メガ,apartment,200,NULL,NULL,flets-west-ed144905fe,verified_variable,NULL,3520,4950,NULL,NULL,NULL,2026-10-07,rechecked_unresolved,公式サービス・料金ページと公式サイト検索を再調査しましたが、このレコードに適用する上り最大値を確定できませんでした。下りと同じ値では埋めていません。,NULL,NULL,2026-10-07,建物のミニ・プラン1・プラン2で回線料が変動。別契約プロバイダー料金も必要,NTT西日本,conditional,建物のミニ・プラン1・プラン2で回線料が変動。別契約プロバイダー料金も必要,2026-10-07,https://flets-w.com/service/next/price/new/
NTT西日本30府県の一部,NTTフレッツ,fixed,FTTH,false,active,NULL,NULL,false,NULL,要確認,NULL,NULL,NULL,NULL,NULL,NULL,NULL,NULL,NULL,NULL,NULL,NULL,工事内容・配線状況により変動。未確認額はNULL,NULL,NULL,NULL,0,NULL,NULL,NULL,NULL,要確認（通常月額に含めない）,NULL,NULL,NULL,2026-10-07,税込,回線料金のみ。プロバイダー別契約・別料金が必要,ブロードバンドユニバーサルサービス料・追加工事・任意オプション等は別途。適用額は公式で確認,NULL,プロバイダー未選択のため合計月額は要確認。終了したにねん割・光はじめ割ネクストは適用しない,flets-west,フレッツ光 西日本,別契約のプロバイダー,https://flets-w.com/service/next/price/new/,https://flets-w.com/service/next/price/new/,https://flets-w.com/service/next/price/new/,https://flets-w.com/service/next/price/new/,https://flets-w.com/service/next/price/new/,https://flets-w.com/service/next/price/new/,光ネクスト 100メガ,house,100,NULL,5940,flets-west-da2ca346cd,verified,NULL,NULL,NULL,NULL,NULL,NULL,2026-10-07,rechecked_unresolved,公式サービス・料金ページと公式サイト検索を再調査しましたが、このレコードに適用する上り最大値を確定できませんでした。下りと同じ値では埋めていません。,NULL,NULL,2026-10-07,通常回線料を確認済み。インターネット利用には別契約プロバイダーの料金が必要,NTT西日本,conditional,通常回線料を確認済み。インターネット利用には別契約プロバイダーの料金が必要,2026-10-07,https://flets-w.com/service/next/price/new/
NTT西日本30府県の一部,NTTフレッツ,fixed,FTTH,false,active,NULL,NULL,false,NULL,要確認,NULL,NULL,NULL,NULL,NULL,NULL,NULL,NULL,NULL,NULL,NULL,NULL,工事内容・配線状況により変動。未確認額はNULL,NULL,NULL,NULL,0,NULL,NULL,NULL,NULL,要確認（通常月額に含めない）,NULL,NULL,NULL,2026-10-07,税込,回線料金のみ。プロバイダー別契約・別料金が必要,ブロードバンドユニバーサルサービス料・追加工事・任意オプション等は別途。適用額は公式で確認,NULL,プロバイダー未選択のため合計月額は要確認。終了したにねん割・光はじめ割ネクストは適用しない,flets-west,フレッツ光 西日本,別契約のプロバイダー,https://flets-w.com/service/next/price/new/,https://flets-w.com/service/next/price/new/,https://flets-w.com/service/next/price/new/,https://flets-w.com/service/next/price/new/,https://flets-w.com/service/next/price/new/,https://flets-w.com/service/next/price/new/,光ネクスト 100メガ,apartment,100,NULL,NULL,flets-west-448f46e604,verified_variable,NULL,3520,4950,NULL,NULL,NULL,2026-10-07,rechecked_unresolved,公式サービス・料金ページと公式サイト検索を再調査しましたが、このレコードに適用する上り最大値を確定できませんでした。下りと同じ値では埋めていません。,NULL,NULL,2026-10-07,建物のミニ・プラン1・プラン2で回線料が変動。別契約プロバイダー料金も必要,NTT西日本,conditional,建物のミニ・プラン1・プラン2で回線料が変動。別契約プロバイダー料金も必要,2026-10-07,https://flets-w.com/service/next/price/new/
1G戸建て：関西・東海等の対象外地域あり。5G/10G：関東4都県の一部。集合住宅：導入設備による,独自回線,fixed,FTTH,true,active,NULL,NULL,false,対応,対象スマホ＋電話770円/月等の条件あり,au|UQ mobile,NULL,770,NULL,NULL,NULL,NULL,NULL,NULL,4950,48950,NULL,工事内容・配線状況により変動。未確認額はNULL,24,4460,0,0,NULL,NULL,NULL,NULL,要確認（通常月額に含めない）,NULL,NULL,NULL,2026-10-07,税込,au one net／ネットのみ／支払方法割引110円を戻した通常料金。高速プログラムの期間限定550円割引を除外,ブロードバンドユニバーサルサービス料・追加工事・任意オプション等は別途。適用額は公式で確認,NULL,"公式表示6,930円に口座振替/カード割引110円を戻した基本月額",au,auひかり,au one net,https://www.au.com/internet/auhikari_1g/charge/standard/,https://www.au.com/internet/auhikari_1g/charge/standard/,https://www.au.com/internet/auhikari_1g/charge/standard/|https://www.au.com/content/dam/au-com/internet/application/contract/pdf/tcom.pdf|https://www.au.com/internet/auhikari_1g/charge/gigatoku/,https://www.au.com/internet/auhikari_1g/charge/gigatoku/,https://www.au.com/internet/auhikari_1g/charge/standard/|https://www.au.com/content/dam/au-com/internet/application/contract/pdf/tcom.pdf,https://www.au.com/internet/auhikari_1g/charge/standard/,ホーム1ギガ 標準（口座/カード割引適用前）,house,1000,1000,5830,au-b2c7f5ebd9,verified,NULL,NULL,NULL,NULL,NULL,https://www.au.com/content/dam/au-com/internet/application/contract/pdf/tcom.pdf,2026-10-07,verified,技術規格上の最大値。実効速度の保証ではありません。,5720,口座振替・クレジットカード支払い。高速スタートプログラム等とは別,2026-10-07,au one netのネット単体料金を確認。支払方法割引110円・高速スタート割引550円を通常料金から分離,KDDI,resolved,au one netのネット単体料金を確認。支払方法割引110円・高速スタート割引550円を通常料金から分離,2026-10-07,https://www.au.com/internet/auhikari_1g/charge/gigatoku/
1G戸建て：関西・東海等の対象外地域あり。5G/10G：関東4都県の一部。集合住宅：導入設備による,独自回線,fixed,FTTH,true,active,NULL,NULL,false,対応,対象スマホ＋電話770円/月等の条件あり,au|UQ mobile,NULL,770,NULL,NULL,NULL,NULL,NULL,NULL,4950,48950,NULL,工事内容・配線状況により変動。未確認額はNULL,24,4460,0,0,NULL,NULL,NULL,NULL,要確認（通常月額に含めない）,NULL,NULL,NULL,2026-10-07,税込,au one net／ネットのみ／支払方法割引110円を戻した通常料金。高速プログラムの期間限定550円割引を除外,ブロードバンドユニバーサルサービス料・追加工事・任意オプション等は別途。適用額は公式で確認,NULL,,au,auひかり,au one net,https://www.au.com/internet/auhikari_1g/charge/standard/,https://www.au.com/internet/auhikari_1g/charge/standard/,https://www.au.com/internet/auhikari_10-5g/charge/standard/|https://www.au.com/internet/auhikari_10-5g/charge/gigatoku/,https://www.au.com/internet/auhikari_10-5g/charge/gigatoku/,https://www.au.com/internet/auhikari_1g/charge/standard/,https://www.au.com/internet/auhikari_1g/charge/standard/,ホーム5ギガ 標準（支払割引適用前）,house,5000,5000,6380,au-72c7cbf3a8,verified,NULL,NULL,NULL,NULL,NULL,NULL,NULL,previously_recorded,NULL,6270,口座振替・クレジットカード支払い。高速スタートプログラム等とは別,2026-10-07,au one netのネット単体料金を確認。支払方法割引110円・高速スタート割引550円を通常料金から分離,KDDI,resolved,au one netのネット単体料金を確認。支払方法割引110円・高速スタート割引550円を通常料金から分離,2026-10-07,https://www.au.com/internet/auhikari_10-5g/charge/gigatoku/
1G戸建て：関西・東海等の対象外地域あり。5G/10G：関東4都県の一部。集合住宅：導入設備による,独自回線,fixed,FTTH,true,active,NULL,NULL,false,対応,対象スマホ＋電話770円/月等の条件あり,au|UQ mobile,NULL,770,NULL,NULL,NULL,NULL,NULL,NULL,4950,48950,NULL,工事内容・配線状況により変動。未確認額はNULL,24,4460,0,0,NULL,NULL,NULL,NULL,要確認（通常月額に含めない）,NULL,NULL,NULL,2026-10-07,税込,au one net／ネットのみ／支払方法割引110円を戻した通常料金。高速プログラムの期間限定550円割引を除外,ブロードバンドユニバーサルサービス料・追加工事・任意オプション等は別途。適用額は公式で確認,NULL,,au,auひかり,au one net,https://www.au.com/internet/auhikari_1g/charge/standard/,https://www.au.com/internet/auhikari_1g/charge/standard/,https://www.au.com/internet/auhikari_10-5g/charge/standard/|https://www.au.com/internet/auhikari_10-5g/charge/gigatoku/,https://www.au.com/internet/auhikari_10-5g/charge/gigatoku/,https://www.au.com/internet/auhikari_1g/charge/standard/,https://www.au.com/internet/auhikari_1g/charge/standard/,ホーム10ギガ 標準（支払割引適用前）,house,10000,10000,7238,au-169ec3772f,verified,NULL,NULL,NULL,NULL,NULL,NULL,NULL,previously_recorded,NULL,7128,口座振替・クレジットカード支払い。高速スタートプログラム等とは別,2026-10-07,au one netのネット単体料金を確認。支払方法割引110円・高速スタート割引550円を通常料金から分離,KDDI,resolved,au one netのネット単体料金を確認。支払方法割引110円・高速スタート割引550円を通常料金から分離,2026-10-07,https://www.au.com/internet/auhikari_10-5g/charge/gigatoku/
1G戸建て：関西・東海等の対象外地域あり。5G/10G：関東4都県の一部。集合住宅：導入設備による,独自回線,fixed,FTTH,true,active,NULL,NULL,false,対応,対象スマホ＋電話770円/月等の条件あり,au|UQ mobile,NULL,770,NULL,NULL,NULL,NULL,NULL,NULL,4950,48950,NULL,工事内容・配線状況により変動。未確認額はNULL,24,4460,0,0,NULL,NULL,NULL,NULL,要確認（通常月額に含めない）,NULL,NULL,NULL,2026-10-07,税込,au one net／ネットのみ／支払方法割引110円を戻した通常料金。高速プログラムの期間限定550円割引を除外,ブロードバンドユニバーサルサービス料・追加工事・任意オプション等は別途。適用額は公式で確認,NULL,年次月額・支払割引・高速サービス料を分けて確認する必要あり,au,auひかり,au one net,https://www.au.com/internet/auhikari_1g/charge/standard/,https://www.au.com/internet/auhikari_1g/charge/standard/,https://www.au.com/internet/auhikari_1g/charge/zuttogigatoku/|https://www.au.com/content/dam/au-com/internet/application/contract/pdf/tcom.pdf|https://www.au.com/internet/auhikari_1g/charge/gigatoku/,https://www.au.com/internet/auhikari_1g/charge/gigatoku/,https://www.au.com/internet/auhikari_1g/charge/standard/|https://www.au.com/content/dam/au-com/internet/application/contract/pdf/tcom.pdf,https://www.au.com/internet/auhikari_1g/charge/standard/,ホーム1ギガ 2年契約,house,1000,1000,5830,au-270d098ba5,verified,NULL,NULL,NULL,NULL,NULL,https://www.au.com/content/dam/au-com/internet/application/contract/pdf/tcom.pdf,2026-10-07,verified,技術規格上の最大値。実効速度の保証ではありません。,5720,口座振替・クレジットカード支払い。高速スタートプログラム等とは別,2026-10-07,au one netのネット単体料金を確認。支払方法割引110円・高速スタート割引550円を通常料金から分離,KDDI,resolved,au one netのネット単体料金を確認。支払方法割引110円・高速スタート割引550円を通常料金から分離,2026-10-07,https://www.au.com/internet/auhikari_1g/charge/gigatoku/
1G戸建て：関西・東海等の対象外地域あり。5G/10G：関東4都県の一部。集合住宅：導入設備による,独自回線,fixed,FTTH,true,active,NULL,NULL,false,対応,対象スマホ＋電話770円/月等の条件あり,au|UQ mobile,NULL,770,NULL,NULL,NULL,NULL,NULL,NULL,4950,48950,NULL,工事内容・配線状況により変動。未確認額はNULL,24,4460,0,0,NULL,NULL,NULL,NULL,要確認（通常月額に含めない）,NULL,NULL,NULL,2026-10-07,税込,au one net／ネットのみ／支払方法割引110円を戻した通常料金。高速プログラムの期間限定550円割引を除外,ブロードバンドユニバーサルサービス料・追加工事・任意オプション等は別途。適用額は公式で確認,NULL,年次月額・支払割引・高速サービス料を分けて確認する必要あり,au,auひかり,au one net,https://www.au.com/internet/auhikari_1g/charge/standard/,https://www.au.com/internet/auhikari_1g/charge/standard/,https://www.au.com/internet/auhikari_1g/charge/zuttogigatoku/|https://www.au.com/content/dam/au-com/internet/application/contract/pdf/tcom.pdf|https://www.au.com/internet/auhikari_10-5g/charge/gigatoku/,https://www.au.com/internet/auhikari_10-5g/charge/gigatoku/,https://www.au.com/internet/auhikari_1g/charge/standard/|https://www.au.com/content/dam/au-com/internet/application/contract/pdf/tcom.pdf,https://www.au.com/internet/auhikari_1g/charge/standard/,ホーム5ギガ 2年契約,house,5000,5000,6380,au-8d5e8c85ea,verified,NULL,NULL,NULL,NULL,NULL,https://www.au.com/content/dam/au-com/internet/application/contract/pdf/tcom.pdf,2026-10-07,verified,技術規格上の最大値。実効速度の保証ではありません。,6270,口座振替・クレジットカード支払い。高速スタートプログラム等とは別,2026-10-07,au one netのネット単体料金を確認。支払方法割引110円・高速スタート割引550円を通常料金から分離,KDDI,resolved,au one netのネット単体料金を確認。支払方法割引110円・高速スタート割引550円を通常料金から分離,2026-10-07,https://www.au.com/internet/auhikari_10-5g/charge/gigatoku/
1G戸建て：関西・東海等の対象外地域あり。5G/10G：関東4都県の一部。集合住宅：導入設備による,独自回線,fixed,FTTH,true,active,NULL,NULL,false,対応,対象スマホ＋電話770円/月等の条件あり,au|UQ mobile,NULL,770,NULL,NULL,NULL,NULL,NULL,NULL,4950,48950,NULL,工事内容・配線状況により変動。未確認額はNULL,24,4460,0,0,NULL,NULL,NULL,NULL,要確認（通常月額に含めない）,NULL,NULL,NULL,2026-10-07,税込,au one net／ネットのみ／支払方法割引110円を戻した通常料金。高速プログラムの期間限定550円割引を除外,ブロードバンドユニバーサルサービス料・追加工事・任意オプション等は別途。適用額は公式で確認,NULL,年次月額・支払割引・高速サービス料を分けて確認する必要あり,au,auひかり,au one net,https://www.au.com/internet/auhikari_1g/charge/standard/,https://www.au.com/internet/auhikari_1g/charge/standard/,https://www.au.com/internet/auhikari_1g/charge/zuttogigatoku/|https://www.au.com/content/dam/au-com/internet/application/contract/pdf/tcom.pdf|https://www.au.com/internet/auhikari_10-5g/charge/gigatoku/,https://www.au.com/internet/auhikari_10-5g/charge/gigatoku/,https://www.au.com/internet/auhikari_1g/charge/standard/|https://www.au.com/content/dam/au-com/internet/application/contract/pdf/tcom.pdf,https://www.au.com/internet/auhikari_1g/charge/standard/,ホーム10ギガ 2年契約,house,10000,10000,7238,au-2d86f45ae7,verified,NULL,NULL,NULL,NULL,NULL,https://www.au.com/content/dam/au-com/internet/application/contract/pdf/tcom.pdf,2026-10-07,verified,技術規格上の最大値。実効速度の保証ではありません。,7128,口座振替・クレジットカード支払い。高速スタートプログラム等とは別,2026-10-07,au one netのネット単体料金を確認。支払方法割引110円・高速スタート割引550円を通常料金から分離,KDDI,resolved,au one netのネット単体料金を確認。支払方法割引110円・高速スタート割引550円を通常料金から分離,2026-10-07,https://www.au.com/internet/auhikari_10-5g/charge/gigatoku/
1G戸建て：関西・東海等の対象外地域あり。5G/10G：関東4都県の一部。集合住宅：導入設備による,独自回線,fixed,FTTH,true,active,NULL,NULL,false,対応,対象スマホ＋電話770円/月等の条件あり,au|UQ mobile,NULL,770,NULL,NULL,NULL,NULL,NULL,NULL,4950,48950,NULL,工事内容・配線状況により変動。未確認額はNULL,36,4730,0,0,NULL,NULL,NULL,NULL,要確認（通常月額に含めない）,NULL,NULL,NULL,2026-10-07,税込,au one net／ネットのみ／支払方法割引110円を戻した通常料金。高速プログラムの期間限定550円割引を除外。表示月額は1年目。年次変更あり,ブロードバンドユニバーサルサービス料・追加工事・任意オプション等は別途。適用額は公式で確認,NULL,年次月額・支払割引・高速サービス料を分けて確認する必要あり,au,auひかり,au one net,https://www.au.com/internet/auhikari_1g/charge/standard/,https://www.au.com/internet/auhikari_1g/charge/standard/,https://www.au.com/internet/auhikari_1g/charge/zuttogigatoku/|https://www.au.com/content/dam/au-com/internet/application/contract/pdf/tcom.pdf,https://www.au.com/internet/auhikari_1g/charge/zuttogigatoku/,https://www.au.com/internet/auhikari_1g/charge/standard/|https://www.au.com/content/dam/au-com/internet/application/contract/pdf/tcom.pdf,https://www.au.com/internet/auhikari_1g/charge/standard/,ホーム1ギガ 3年契約,house,1000,1000,5720,au-55b49d124d,verified,NULL,NULL,NULL,1年目の割引前基本料金を表示。2年目以降に年次変動があるため24か月単純乗算はしない,NULL,https://www.au.com/content/dam/au-com/internet/application/contract/pdf/tcom.pdf,2026-10-07,verified,技術規格上の最大値。実効速度の保証ではありません。,5610,口座振替・クレジットカード支払い。高速スタートプログラム等とは別,2026-10-07,au one netのネット単体料金を確認。支払方法割引110円・高速スタート割引550円を通常料金から分離,KDDI,resolved,au one netのネット単体料金を確認。支払方法割引110円・高速スタート割引550円を通常料金から分離,2026-10-07,https://www.au.com/internet/auhikari_1g/charge/zuttogigatoku/
1G戸建て：関西・東海等の対象外地域あり。5G/10G：関東4都県の一部。集合住宅：導入設備による,独自回線,fixed,FTTH,true,active,NULL,NULL,false,対応,対象スマホ＋電話770円/月等の条件あり,au|UQ mobile,NULL,770,NULL,NULL,NULL,NULL,NULL,NULL,4950,48950,NULL,工事内容・配線状況により変動。未確認額はNULL,36,4730,0,0,NULL,NULL,NULL,NULL,要確認（通常月額に含めない）,NULL,NULL,NULL,2026-10-07,税込,au one net／ネットのみ／支払方法割引110円を戻した通常料金。高速プログラムの期間限定550円割引を除外。表示月額は1年目。年次変更あり,ブロードバンドユニバーサルサービス料・追加工事・任意オプション等は別途。適用額は公式で確認,NULL,年次月額・支払割引・高速サービス料を分けて確認する必要あり,au,auひかり,au one net,https://www.au.com/internet/auhikari_1g/charge/standard/,https://www.au.com/internet/auhikari_1g/charge/standard/,https://www.au.com/internet/auhikari_1g/charge/zuttogigatoku/|https://www.au.com/content/dam/au-com/internet/application/contract/pdf/tcom.pdf|https://www.au.com/internet/auhikari_10-5g/charge/zuttogigatoku/,https://www.au.com/internet/auhikari_10-5g/charge/zuttogigatoku/,https://www.au.com/internet/auhikari_1g/charge/standard/|https://www.au.com/content/dam/au-com/internet/application/contract/pdf/tcom.pdf,https://www.au.com/internet/auhikari_1g/charge/standard/,ホーム5ギガ 3年契約,house,5000,5000,6270,au-746129813d,verified,NULL,NULL,NULL,1年目の割引前基本料金を表示。2年目以降に年次変動があるため24か月単純乗算はしない,NULL,https://www.au.com/content/dam/au-com/internet/application/contract/pdf/tcom.pdf,2026-10-07,verified,技術規格上の最大値。実効速度の保証ではありません。,6160,口座振替・クレジットカード支払い。高速スタートプログラム等とは別,2026-10-07,au one netのネット単体料金を確認。支払方法割引110円・高速スタート割引550円を通常料金から分離,KDDI,resolved,au one netのネット単体料金を確認。支払方法割引110円・高速スタート割引550円を通常料金から分離,2026-10-07,https://www.au.com/internet/auhikari_10-5g/charge/zuttogigatoku/
1G戸建て：関西・東海等の対象外地域あり。5G/10G：関東4都県の一部。集合住宅：導入設備による,独自回線,fixed,FTTH,true,active,NULL,NULL,false,対応,対象スマホ＋電話770円/月等の条件あり,au|UQ mobile,NULL,770,NULL,NULL,NULL,NULL,NULL,NULL,4950,48950,NULL,工事内容・配線状況により変動。未確認額はNULL,36,4730,0,0,NULL,NULL,NULL,NULL,要確認（通常月額に含めない）,NULL,NULL,NULL,2026-10-07,税込,au one net／ネットのみ／支払方法割引110円を戻した通常料金。高速プログラムの期間限定550円割引を除外。表示月額は1年目。年次変更あり,ブロードバンドユニバーサルサービス料・追加工事・任意オプション等は別途。適用額は公式で確認,NULL,年次月額・支払割引・高速サービス料を分けて確認する必要あり,au,auひかり,au one net,https://www.au.com/internet/auhikari_1g/charge/standard/,https://www.au.com/internet/auhikari_1g/charge/standard/,https://www.au.com/internet/auhikari_1g/charge/zuttogigatoku/|https://www.au.com/content/dam/au-com/internet/application/contract/pdf/tcom.pdf|https://www.au.com/internet/auhikari_10-5g/charge/zuttogigatoku/,https://www.au.com/internet/auhikari_10-5g/charge/zuttogigatoku/,https://www.au.com/internet/auhikari_1g/charge/standard/|https://www.au.com/content/dam/au-com/internet/application/contract/pdf/tcom.pdf,https://www.au.com/internet/auhikari_1g/charge/standard/,ホーム10ギガ 3年契約,house,10000,10000,7128,au-3759b0aa7c,verified,NULL,NULL,NULL,1年目の割引前基本料金を表示。2年目以降に年次変動があるため24か月単純乗算はしない,NULL,https://www.au.com/content/dam/au-com/internet/application/contract/pdf/tcom.pdf,2026-10-07,verified,技術規格上の最大値。実効速度の保証ではありません。,7018,口座振替・クレジットカード支払い。高速スタートプログラム等とは別,2026-10-07,au one netのネット単体料金を確認。支払方法割引110円・高速スタート割引550円を通常料金から分離,KDDI,resolved,au one netのネット単体料金を確認。支払方法割引110円・高速スタート割引550円を通常料金から分離,2026-10-07,https://www.au.com/internet/auhikari_10-5g/charge/zuttogigatoku/
1G戸建て：関西・東海等の対象外地域あり。5G/10G：関東4都県の一部。集合住宅：導入設備による,独自回線,fixed,FTTH,true,active,NULL,NULL,false,対応,対象スマホ＋電話770円/月等の条件あり,au|UQ mobile,NULL,770,NULL,NULL,NULL,NULL,NULL,NULL,4950,33000,NULL,工事内容・配線状況により変動。未確認額はNULL,0,0,0,0,NULL,NULL,NULL,NULL,要確認（通常月額に含めない）,NULL,NULL,NULL,2026-10-07,税込,通常料金・プロバイダー込み。キャンペーン・スマホ割を除く,ブロードバンドユニバーサルサービス料・追加工事・任意オプション等は別途。適用額は公式で確認,NULL,,au,auひかり,au one net,https://www.au.com/internet/auhikari_1g/charge/standard/,https://www.au.com/internet/auhikari_1g/charge/standard/,https://www.au.com/internet/auhikari_1g/charge/standard/|https://www.au.com/content/dam/au-com/internet/application/contract/pdf/tcom.pdf|https://www.au.com/internet/mansion/mansion-giga/charge/,https://www.au.com/internet/mansion/mansion-giga/charge/,https://www.au.com/internet/auhikari_1g/charge/standard/|https://www.au.com/content/dam/au-com/internet/application/contract/pdf/tcom.pdf,https://www.au.com/internet/auhikari_1g/charge/standard/,マンション ギガ 標準プラン,apartment,1000,1000,4565,au-f74684ade4,verified,NULL,NULL,NULL,NULL,NULL,https://www.au.com/content/dam/au-com/internet/application/contract/pdf/tcom.pdf,2026-10-07,verified,技術規格上の最大値。実効速度の保証ではありません。,4455,口座振替・クレジットカード支払い,2026-10-07,au one net標準プランの単体月額を確認。口座振替等の110円割引を分離,KDDI,resolved,au one net標準プランの単体月額を確認。口座振替等の110円割引を分離,2026-10-07,https://www.au.com/internet/mansion/mansion-giga/charge/
1G戸建て：関西・東海等の対象外地域あり。5G/10G：関東4都県の一部。集合住宅：導入設備による,独自回線,fixed,FTTH,true,active,NULL,NULL,false,対応,対象スマホ＋電話770円/月等の条件あり,au|UQ mobile,NULL,770,NULL,NULL,NULL,NULL,NULL,NULL,4950,33000,NULL,工事内容・配線状況により変動。未確認額はNULL,0,0,0,0,NULL,NULL,NULL,NULL,要確認（通常月額に含めない）,NULL,NULL,NULL,2026-10-07,税込,通常料金・プロバイダー込み。キャンペーン・スマホ割を除く,ブロードバンドユニバーサルサービス料・追加工事・任意オプション等は別途。適用額は公式で確認,NULL,,au,auひかり,au one net,https://www.au.com/internet/auhikari_1g/charge/standard/,https://www.au.com/internet/auhikari_1g/charge/standard/,https://www.au.com/internet/auhikari_1g/charge/standard/|https://www.au.com/content/dam/au-com/internet/application/contract/pdf/tcom.pdf|https://www.au.com/internet/mansion/mansionmini-giga/charge/,https://www.au.com/internet/mansion/mansionmini-giga/charge/,https://www.au.com/internet/auhikari_1g/charge/standard/|https://www.au.com/content/dam/au-com/internet/application/contract/pdf/tcom.pdf,https://www.au.com/internet/auhikari_1g/charge/standard/,マンション ミニギガ 標準プラン,apartment,1000,1000,5610,au-08c340c5a0,verified,NULL,NULL,NULL,NULL,NULL,https://www.au.com/content/dam/au-com/internet/application/contract/pdf/tcom.pdf,2026-10-07,verified,技術規格上の最大値。実効速度の保証ではありません。,5500,口座振替・クレジットカード支払い,2026-10-07,au one net標準プランの単体月額を確認。口座振替等の110円割引を分離,KDDI,resolved,au one net標準プランの単体月額を確認。口座振替等の110円割引を分離,2026-10-07,https://www.au.com/internet/mansion/mansionmini-giga/charge/
1G戸建て：関西・東海等の対象外地域あり。5G/10G：関東4都県の一部。集合住宅：導入設備による,独自回線,fixed,VDSL,true,active,NULL,NULL,false,対応,対象スマホ＋電話770円/月等の条件あり,au|UQ mobile,NULL,770,NULL,NULL,NULL,NULL,NULL,NULL,4950,33000,NULL,工事内容・配線状況により変動。未確認額はNULL,0,0,0,0,NULL,NULL,NULL,NULL,要確認（通常月額に含めない）,NULL,NULL,NULL,2026-10-07,税込,通常料金・プロバイダー込み。キャンペーン・スマホ割を除く,ブロードバンドユニバーサルサービス料・追加工事・任意オプション等は別途。適用額は公式で確認,NULL,,au,auひかり,au one net,https://www.au.com/internet/auhikari_1g/charge/standard/,https://www.au.com/internet/auhikari_1g/charge/standard/,https://www.au.com/internet/auhikari_1g/charge/standard/|https://www.au.com/content/dam/au-com/internet/application/contract/pdf/tcom.pdf|https://www.au.com/internet/mansion/typeV/charge/,https://www.au.com/internet/auhikari_mansion/charge/,https://www.au.com/internet/auhikari_1g/charge/standard/|https://www.au.com/content/dam/au-com/internet/application/contract/pdf/tcom.pdf,https://www.au.com/internet/auhikari_1g/charge/standard/,マンション タイプV 標準プラン,apartment,100,100,NULL,au-8b1d78dbab,verified_variable,NULL,4290,4620,NULL,NULL,https://www.au.com/content/dam/au-com/internet/application/contract/pdf/tcom.pdf,2026-10-07,verified,技術規格上の最大値。実効速度の保証ではありません。,NULL,NULL,2026-10-07,標準プランの通常料金は建物の8契約／16契約対応で変動。口座振替110円割引は除外。建物区分を公式で確認,KDDI,conditional,標準プランの通常料金は建物の8契約／16契約対応で変動。口座振替110円割引は除外。建物区分を公式で確認,2026-10-07,https://www.au.com/internet/mansion/typeV/charge/
1G戸建て：関西・東海等の対象外地域あり。5G/10G：関東4都県の一部。集合住宅：導入設備による,独自回線,fixed,G.fast,true,active,NULL,NULL,false,対応,対象スマホ＋電話770円/月等の条件あり,au|UQ mobile,NULL,770,NULL,NULL,NULL,NULL,NULL,NULL,4950,33000,NULL,工事内容・配線状況により変動。未確認額はNULL,0,0,0,0,NULL,NULL,NULL,NULL,要確認（通常月額に含めない）,NULL,NULL,NULL,2026-10-07,税込,通常料金・プロバイダー込み。キャンペーン・スマホ割を除く,ブロードバンドユニバーサルサービス料・追加工事・任意オプション等は別途。適用額は公式で確認,NULL,,au,auひかり,au one net,https://www.au.com/internet/auhikari_1g/charge/standard/,https://www.au.com/internet/auhikari_1g/charge/standard/,https://www.au.com/internet/auhikari_1g/charge/standard/|https://support.biglobe.ne.jp/download/tokuyaku/auh_juuyou.pdf|https://www.au.com/internet/mansion/typeG/charge/,https://www.au.com/internet/auhikari_mansion/charge/,https://www.au.com/internet/auhikari_1g/charge/standard/|https://support.biglobe.ne.jp/download/tokuyaku/auh_juuyou.pdf,https://www.au.com/internet/auhikari_1g/charge/standard/,マンション タイプG G契約 標準プラン,apartment,664,166,NULL,au-caa0434445,verified_variable,NULL,5500,5830,NULL,NULL,https://support.biglobe.ne.jp/download/tokuyaku/auh_juuyou.pdf,2026-10-07,verified,技術規格上の最大値。実効速度の保証ではありません。 G.fast仕様、上下合計830Mbps。設備条件で上下100Mbpsとなる場合あり。,NULL,NULL,2026-10-07,標準プランの通常料金は建物の8契約／16契約対応で変動。口座振替110円割引は除外。建物区分を公式で確認,KDDI,conditional,標準プランの通常料金は建物の8契約／16契約対応で変動。口座振替110円割引は除外。建物区分を公式で確認,2026-10-07,https://www.au.com/internet/mansion/typeG/charge/
1G戸建て：関西・東海等の対象外地域あり。5G/10G：関東4都県の一部。集合住宅：導入設備による,独自回線,fixed,LAN,true,active,NULL,NULL,false,対応,対象スマホ＋電話770円/月等の条件あり,au|UQ mobile,NULL,770,NULL,NULL,NULL,NULL,NULL,NULL,4950,33000,NULL,工事内容・配線状況により変動。未確認額はNULL,0,0,0,0,NULL,NULL,NULL,NULL,要確認（通常月額に含めない）,NULL,NULL,NULL,2026-10-07,税込,通常料金・プロバイダー込み。キャンペーン・スマホ割を除く,ブロードバンドユニバーサルサービス料・追加工事・任意オプション等は別途。適用額は公式で確認,NULL,,au,auひかり,au one net,https://www.au.com/internet/auhikari_1g/charge/standard/,https://www.au.com/internet/auhikari_1g/charge/standard/,https://www.au.com/internet/auhikari_1g/charge/standard/|https://www.au.com/content/dam/au-com/internet/application/contract/pdf/tcom.pdf|https://www.au.com/internet/mansion/typeE/charge/,https://www.au.com/internet/auhikari_mansion/charge/,https://www.au.com/internet/auhikari_1g/charge/standard/|https://www.au.com/content/dam/au-com/internet/application/contract/pdf/tcom.pdf,https://www.au.com/internet/auhikari_1g/charge/standard/,マンション タイプE 標準プラン,apartment,100,100,NULL,au-09d586c459,verified_variable,NULL,3850,4180,NULL,NULL,https://www.au.com/content/dam/au-com/internet/application/contract/pdf/tcom.pdf,2026-10-07,verified,技術規格上の最大値。実効速度の保証ではありません。,NULL,NULL,2026-10-07,標準プランの通常料金は建物の8契約／16契約対応で変動。口座振替110円割引は除外。建物区分を公式で確認,KDDI,conditional,標準プランの通常料金は建物の8契約／16契約対応で変動。口座振替110円割引は除外。建物区分を公式で確認,2026-10-07,https://www.au.com/internet/mansion/typeE/charge/
1G戸建て：関西・東海等の対象外地域あり。5G/10G：関東4都県の一部。集合住宅：導入設備による,独自回線,fixed,FTTH,true,active,NULL,NULL,false,対応,対象スマホ＋電話770円/月等の条件あり,au|UQ mobile,NULL,770,NULL,NULL,NULL,NULL,NULL,NULL,4950,33000,NULL,工事内容・配線状況により変動。未確認額はNULL,0,0,0,0,NULL,NULL,NULL,NULL,要確認（通常月額に含めない）,NULL,NULL,NULL,2026-10-07,税込,通常料金・プロバイダー込み。キャンペーン・スマホ割を除く,ブロードバンドユニバーサルサービス料・追加工事・任意オプション等は別途。適用額は公式で確認,NULL,,au,auひかり,au one net,https://www.au.com/internet/auhikari_1g/charge/standard/,https://www.au.com/internet/auhikari_1g/charge/standard/,https://www.au.com/internet/auhikari_1g/charge/standard/|https://www.au.com/content/dam/au-com/internet/application/contract/pdf/isp_common.pdf|https://www.au.com/internet/mansion/typeF/charge/,https://www.au.com/internet/mansion/typeF/charge/,https://www.au.com/internet/auhikari_1g/charge/standard/|https://www.au.com/content/dam/au-com/internet/application/contract/pdf/isp_common.pdf,https://www.au.com/internet/auhikari_1g/charge/standard/,マンション タイプF 標準プラン,apartment,100,100,4400,au-6a3d047d87,verified,NULL,NULL,NULL,NULL,NULL,https://www.au.com/content/dam/au-com/internet/application/contract/pdf/isp_common.pdf,2026-10-07,verified,公式の回線品目における技術規格上の最大値です。実効速度の保証ではありません。建物・配線・回線品目によって利用できる速度が変わります。,4290,口座振替・クレジットカード支払い,2026-10-07,au one net標準プランの単体月額を確認。口座振替等の110円割引を分離,KDDI,resolved,au one net標準プランの単体月額を確認。口座振替等の110円割引を分離,2026-10-07,https://www.au.com/internet/mansion/typeF/charge/
提供地域・設備による,独自回線,fixed,FTTH,true,active,NULL,NULL,false,NULL,要確認,NULL,NULL,NULL,NULL,NULL,NULL,NULL,NULL,NULL,4950,39600,NULL,工事内容・配線状況により変動。未確認額はNULL,24,3102,858,0,NULL,NULL,NULL,NULL,要確認（通常月額に含めない）,NULL,NULL,NULL,2026-10-07,税込,公式BIGLOBE・2年契約のタイプ3の料金例。ハイブリッドホームルーター858円別途。電話を含むWi-Fiパック770円は任意。ほかのプロバイダーは別条件,ブロードバンドユニバーサルサービス料・追加工事・任意オプション等は別途。適用額は公式で確認,NULL,光開通前は5G、開通後は光。必須Wi-Fiパックと段階月額の現行条件を確認,au-plus,auひかりプラス,BIGLOBE,https://www.au.com/pr/auhikari_plus/,https://www.au.com/pr/auhikari_plus/,https://www.au.com/pr/auhikari_plus/|https://www.au.com/internet/auhikari_plus-home/,https://www.au.com/internet/auhikari_plus-home/,https://www.au.com/pr/auhikari_plus/,https://www.au.com/pr/auhikari_plus/,1ギガ 2年（BIGLOBE）,house,1000,1000,5720,au-plus-0279a86cd2,verified,NULL,NULL,NULL,NULL,NULL,https://www.au.com/pr/auhikari_plus/,2026-10-07,verified,技術規格上の最大値。実効速度の保証ではありません。,NULL,NULL,2026-10-07,BIGLOBEの2年契約料金例で基本料と必須ハイブリッドルーター858円を分離。Wi-Fiパックは任意,KDDI,resolved,BIGLOBEの2年契約料金例で基本料と必須ハイブリッドルーター858円を分離。Wi-Fiパックは任意,2026-10-07,https://www.au.com/internet/auhikari_plus-home/
提供地域・設備による,独自回線,fixed,FTTH,true,active,NULL,NULL,false,NULL,要確認,NULL,NULL,NULL,NULL,NULL,NULL,NULL,NULL,NULL,4950,26400,NULL,工事内容・配線状況により変動。未確認額はNULL,24,3102,858,0,NULL,NULL,NULL,NULL,要確認（通常月額に含めない）,NULL,NULL,NULL,2026-10-07,税込,公式BIGLOBE・2年契約のタイプ3の料金例。ハイブリッドホームルーター858円別途。電話を含むWi-Fiパック770円は任意。ほかのプロバイダーは別条件,ブロードバンドユニバーサルサービス料・追加工事・任意オプション等は別途。適用額は公式で確認,NULL,光開通前は5G、開通後は光。必須Wi-Fiパックと段階月額の現行条件を確認,au-plus,auひかりプラス,BIGLOBE,https://www.au.com/pr/auhikari_plus/,https://www.au.com/pr/auhikari_plus/,https://www.au.com/pr/auhikari_plus/|https://www.au.com/internet/auhikari_plus-mansion/,https://www.au.com/internet/auhikari_plus-mansion/,https://www.au.com/pr/auhikari_plus/,https://www.au.com/pr/auhikari_plus/,1ギガ 2年（BIGLOBE）,apartment,1000,1000,4642,au-plus-7148942e90,verified,NULL,NULL,NULL,NULL,NULL,https://www.au.com/pr/auhikari_plus/,2026-10-07,verified,技術規格上の最大値。実効速度の保証ではありません。,NULL,NULL,2026-10-07,BIGLOBEの2年契約料金例で基本料と必須ハイブリッドルーター858円を分離。Wi-Fiパックは任意,KDDI,resolved,BIGLOBEの2年契約料金例で基本料と必須ハイブリッドルーター858円を分離。Wi-Fiパックは任意,2026-10-07,https://www.au.com/internet/auhikari_plus-mansion/
提供地域・設備による,独自回線,fixed,FTTH,true,active,NULL,NULL,false,NULL,要確認,NULL,NULL,NULL,NULL,NULL,NULL,NULL,NULL,NULL,4950,39600,NULL,工事内容・配線状況により変動。未確認額はNULL,24,3102,858,0,NULL,NULL,NULL,NULL,要確認（通常月額に含めない）,NULL,NULL,NULL,2026-10-07,税込,公式BIGLOBE・2年契約のタイプ3の料金例。ハイブリッドホームルーター858円別途。電話を含むWi-Fiパック770円は任意。ほかのプロバイダーは別条件,ブロードバンドユニバーサルサービス料・追加工事・任意オプション等は別途。適用額は公式で確認,NULL,光開通前は5G、開通後は光。必須Wi-Fiパックと段階月額の現行条件を確認,au-plus,auひかりプラス,BIGLOBE,https://www.au.com/pr/auhikari_plus/,https://www.au.com/pr/auhikari_plus/,https://www.au.com/pr/auhikari_plus/|https://www.au.com/internet/auhikari_plus-home/,https://www.au.com/internet/auhikari_plus-home/,https://www.au.com/pr/auhikari_plus/,https://www.au.com/pr/auhikari_plus/,10ギガ 2年（BIGLOBE）,house,10000,10000,6380,au-plus-9d7373fa30,verified,NULL,NULL,NULL,NULL,NULL,https://www.au.com/pr/auhikari_plus/,2026-10-07,verified,技術規格上の最大値。実効速度の保証ではありません。,NULL,NULL,2026-10-07,BIGLOBEの2年契約料金例で基本料と必須ハイブリッドルーター858円を分離。Wi-Fiパックは任意,KDDI,resolved,BIGLOBEの2年契約料金例で基本料と必須ハイブリッドルーター858円を分離。Wi-Fiパックは任意,2026-10-07,https://www.au.com/internet/auhikari_plus-home/
提供地域・設備による,独自回線,fixed,FTTH,true,active,NULL,NULL,false,NULL,要確認,NULL,NULL,NULL,NULL,NULL,NULL,NULL,NULL,NULL,4950,26400,NULL,工事内容・配線状況により変動。未確認額はNULL,24,3102,858,0,NULL,NULL,NULL,NULL,要確認（通常月額に含めない）,NULL,NULL,NULL,2026-10-07,税込,公式BIGLOBE・2年契約のタイプ3の料金例。ハイブリッドホームルーター858円別途。電話を含むWi-Fiパック770円は任意。ほかのプロバイダーは別条件,ブロードバンドユニバーサルサービス料・追加工事・任意オプション等は別途。適用額は公式で確認,NULL,光開通前は5G、開通後は光。必須Wi-Fiパックと段階月額の現行条件を確認,au-plus,auひかりプラス,BIGLOBE,https://www.au.com/pr/auhikari_plus/,https://www.au.com/pr/auhikari_plus/,https://www.au.com/pr/auhikari_plus/|https://www.au.com/internet/auhikari_plus-mansion/,https://www.au.com/internet/auhikari_plus-mansion/,https://www.au.com/pr/auhikari_plus/,https://www.au.com/pr/auhikari_plus/,10ギガ 2年（BIGLOBE）,apartment,10000,10000,6380,au-plus-f287974095,verified,NULL,NULL,NULL,NULL,NULL,https://www.au.com/pr/auhikari_plus/,2026-10-07,verified,技術規格上の最大値。実効速度の保証ではありません。,NULL,NULL,2026-10-07,BIGLOBEの2年契約料金例で基本料と必須ハイブリッドルーター858円を分離。Wi-Fiパックは任意,KDDI,resolved,BIGLOBEの2年契約料金例で基本料と必須ハイブリッドルーター858円を分離。Wi-Fiパックは任意,2026-10-07,https://www.au.com/internet/auhikari_plus-mansion/
全国（設備・地域により対象外）,光コラボ,fixed,FTTH,true,active,NULL,NULL,false,NULL,要確認,NULL,NULL,NULL,NULL,NULL,NULL,NULL,NULL,NULL,3300,NULL,22000,工事内容・配線状況により変動。未確認額はNULL,NULL,NULL,0,0,NULL,NULL,NULL,NULL,要確認（通常月額に含めない）,NULL,NULL,NULL,2026-10-07,税込,通常料金・プロバイダー込み。キャンペーン・スマホ割を除く,ブロードバンドユニバーサルサービス料・追加工事・任意オプション等は別途。適用額は公式で確認,NULL,個人向け料金のみ。地域・速度プランを公式で確認,fitweb,FITWebヒカリ,北電情報システムサービス,https://fitweb.or.jp/hikari,https://fitweb.or.jp/hikari,https://fitweb.or.jp/hikari,https://fitweb.or.jp/hikari,https://fitweb.or.jp/hikari,https://fitweb.or.jp/hikari,個人向け光プラン,house,NULL,NULL,5610,fitweb-04db524c09,verified,NULL,NULL,NULL,NULL,NULL,NULL,2026-10-07,rechecked_unresolved,公式サービス・料金ページと公式サイト検索を再調査しましたが、このレコードに適用する上り最大値を確定できませんでした。下りと同じ値では埋めていません。,NULL,NULL,NULL,NULL,北電情報システムサービス,NULL,NULL,NULL,NULL
全国（設備・地域により対象外）,光コラボ,fixed,FTTH,true,active,NULL,NULL,false,NULL,要確認,NULL,NULL,NULL,NULL,NULL,NULL,NULL,NULL,NULL,3300,NULL,22000,工事内容・配線状況により変動。未確認額はNULL,NULL,NULL,0,0,NULL,NULL,NULL,NULL,要確認（通常月額に含めない）,NULL,NULL,NULL,2026-10-07,税込,通常料金・プロバイダー込み。キャンペーン・スマホ割を除く,ブロードバンドユニバーサルサービス料・追加工事・任意オプション等は別途。適用額は公式で確認,NULL,個人向け料金のみ。地域・速度プランを公式で確認,fitweb,FITWebヒカリ,北電情報システムサービス,https://fitweb.or.jp/hikari,https://fitweb.or.jp/hikari,https://fitweb.or.jp/hikari,https://fitweb.or.jp/hikari,https://fitweb.or.jp/hikari,https://fitweb.or.jp/hikari,個人向け光プラン,apartment,NULL,NULL,4510,fitweb-19d24db090,verified,NULL,NULL,NULL,NULL,NULL,NULL,2026-10-07,rechecked_unresolved,公式サービス・料金ページと公式サイト検索を再調査しましたが、このレコードに適用する上り最大値を確定できませんでした。下りと同じ値では埋めていません。,NULL,NULL,NULL,NULL,北電情報システムサービス,NULL,NULL,NULL,NULL
NTT西日本エリア（静岡中心）,光コラボ,fixed,FTTH,true,active,NULL,NULL,false,NULL,要確認,NULL,NULL,NULL,NULL,NULL,NULL,NULL,NULL,NULL,NULL,NULL,NULL,工事内容・配線状況により変動。未確認額はNULL,24,NULL,0,0,NULL,NULL,NULL,NULL,要確認（通常月額に含めない）,NULL,NULL,NULL,2026-10-07,税込,通常料金・プロバイダー込み。キャンペーン・スマホ割を除く,ブロードバンドユニバーサルサービス料・追加工事・任意オプション等は別途。適用額は公式で確認,NULL,,tnc,TNCヒカリ,TOKAIコミュニケーションズ,https://www.tnc.ne.jp/hikari/,https://www.tnc.ne.jp/hikari/,https://www.tnc.ne.jp/hikari/,https://www.tnc.ne.jp/hikari/,https://www.tnc.ne.jp/hikari/,https://www.tnc.ne.jp/hikari/,1ギガ 2年バリューパック,house,1000,NULL,5610,tnc-7e4454e55d,verified,NULL,NULL,NULL,NULL,NULL,NULL,2026-10-07,rechecked_unresolved,公式サービス・料金ページと公式サイト検索を再調査しましたが、このレコードに適用する上り最大値を確定できませんでした。下りと同じ値では埋めていません。,NULL,NULL,NULL,NULL,TOKAIコミュニケーションズ,NULL,NULL,NULL,NULL
NTT西日本エリア（静岡中心）,光コラボ,fixed,FTTH,true,active,NULL,NULL,false,NULL,要確認,NULL,NULL,NULL,NULL,NULL,NULL,NULL,NULL,NULL,NULL,NULL,NULL,工事内容・配線状況により変動。未確認額はNULL,24,NULL,0,0,NULL,NULL,NULL,NULL,要確認（通常月額に含めない）,NULL,NULL,NULL,2026-10-07,税込,通常料金・プロバイダー込み。キャンペーン・スマホ割を除く,ブロードバンドユニバーサルサービス料・追加工事・任意オプション等は別途。適用額は公式で確認,NULL,,tnc,TNCヒカリ,TOKAIコミュニケーションズ,https://www.tnc.ne.jp/hikari/,https://www.tnc.ne.jp/hikari/,https://www.tnc.ne.jp/hikari/,https://www.tnc.ne.jp/hikari/,https://www.tnc.ne.jp/hikari/,https://www.tnc.ne.jp/hikari/,1ギガ 2年バリューパック,apartment,1000,NULL,4180,tnc-c330352699,verified,NULL,NULL,NULL,NULL,NULL,NULL,2026-10-07,rechecked_unresolved,公式サービス・料金ページと公式サイト検索を再調査しましたが、このレコードに適用する上り最大値を確定できませんでした。下りと同じ値では埋めていません。,NULL,NULL,NULL,NULL,TOKAIコミュニケーションズ,NULL,NULL,NULL,NULL
静岡県の一部,CATV系光,fixed,FTTH,true,needs_confirmation,NULL,NULL,false,NULL,要確認,NULL,NULL,NULL,NULL,NULL,NULL,NULL,NULL,NULL,880,16500,NULL,公式単体契約の標準初期工事費。特殊工事等は別。,12,NULL,0,0,NULL,NULL,NULL,NULL,要確認（通常月額に含めない）,NULL,NULL,NULL,2026-10-07,税込,"公式単体料金表の50M通常月額4,158円。集合住宅は個別引込工事の可否確認が必要。マンション専用50Mプランの存在を意味しない。",ブロードバンドユニバーサルサービス料・追加工事・任意オプション等は別途。適用額は公式で確認,NULL,テレビとのセット・住宅条件の通常月額を要確認 ／ 最低利用12か月。解約時の撤去費・機器返送費・残債・途中解約金は別途。単一の解約金額に合算しない。,tokai,TOKAI ひかりdeネット,TOKAIケーブルネットワーク,https://tokai-catv.co.jp/price/,https://tokai-catv.co.jp/price/,https://tokai-catv.co.jp/price/|https://tokai-catv.co.jp/assets/pdf/int_price.pdf|https://tokai-catv.co.jp/assets/pdf/important.pdf,https://tokai-catv.co.jp/assets/pdf/int_price.pdf|https://tokai-catv.co.jp/assets/pdf/important.pdf,https://tokai-catv.co.jp/price/,https://tokai-catv.co.jp/price/,ひかりdeネット50M（個別引込・受付確認）,house,50,NULL,4158,tokai-9800a0df7e,verified,NULL,NULL,NULL,NULL,静岡県,NULL,2026-10-07,rechecked_unresolved,公式サービス・料金ページと公式サイト検索を再調査しましたが、このレコードに適用する上り最大値を確定できませんでした。下りと同じ値では埋めていません。,NULL,NULL,2026-10-07,現行重要事項説明と単体料金表を確認。最低利用12か月。受付終了の旧スモール50Mと通常50Mは別。新規受付と建物適用は公式窓口で確認,TOKAIケーブルネットワーク,unresolved,現行重要事項説明と単体料金表を確認。最低利用12か月。受付終了の旧スモール50Mと通常50Mは別。新規受付と建物適用は公式窓口で確認,2026-10-07,https://tokai-catv.co.jp/assets/pdf/int_price.pdf|https://tokai-catv.co.jp/assets/pdf/important.pdf
静岡県の一部,CATV系光,fixed,FTTH,true,needs_confirmation,NULL,NULL,false,NULL,要確認,NULL,NULL,NULL,NULL,NULL,NULL,NULL,NULL,NULL,880,16500,NULL,公式単体契約の標準初期工事費。特殊工事等は別。,12,NULL,0,0,NULL,NULL,NULL,NULL,要確認（通常月額に含めない）,NULL,NULL,NULL,2026-10-07,税込,"公式単体料金表の50M通常月額4,158円。集合住宅は個別引込工事の可否確認が必要。マンション専用50Mプランの存在を意味しない。",ブロードバンドユニバーサルサービス料・追加工事・任意オプション等は別途。適用額は公式で確認,NULL,テレビとのセット・住宅条件の通常月額を要確認 ／ 最低利用12か月。解約時の撤去費・機器返送費・残債・途中解約金は別途。単一の解約金額に合算しない。,tokai,TOKAI ひかりdeネット,TOKAIケーブルネットワーク,https://tokai-catv.co.jp/price/,https://tokai-catv.co.jp/price/,https://tokai-catv.co.jp/price/|https://tokai-catv.co.jp/assets/pdf/int_price.pdf|https://tokai-catv.co.jp/assets/pdf/important.pdf,https://tokai-catv.co.jp/assets/pdf/int_price.pdf|https://tokai-catv.co.jp/assets/pdf/important.pdf,https://tokai-catv.co.jp/price/,https://tokai-catv.co.jp/price/,ひかりdeネット50M（個別引込・受付確認）,apartment,50,NULL,4158,tokai-94ae4bd82a,verified,NULL,NULL,NULL,NULL,静岡県,NULL,2026-10-07,rechecked_unresolved,公式サービス・料金ページと公式サイト検索を再調査しましたが、このレコードに適用する上り最大値を確定できませんでした。下りと同じ値では埋めていません。,NULL,NULL,2026-10-07,現行重要事項説明と単体料金表を確認。最低利用12か月。受付終了の旧スモール50Mと通常50Mは別。新規受付と建物適用は公式窓口で確認,TOKAIケーブルネットワーク,unresolved,現行重要事項説明と単体料金表を確認。最低利用12か月。受付終了の旧スモール50Mと通常50Mは別。新規受付と建物適用は公式窓口で確認,2026-10-07,https://tokai-catv.co.jp/assets/pdf/int_price.pdf|https://tokai-catv.co.jp/assets/pdf/important.pdf
静岡県の一部,CATV系光,fixed,FTTH,true,active,NULL,NULL,false,NULL,要確認,NULL,NULL,NULL,NULL,NULL,NULL,NULL,NULL,NULL,880,16500,NULL,公式単体契約の標準初期工事費。特殊工事等は別。,12,NULL,0,0,NULL,NULL,NULL,NULL,要確認（通常月額に含めない）,NULL,NULL,NULL,2026-10-07,税込,ひかりdeネット単体料金。建物一括（バルク）契約の料金ではない,ブロードバンドユニバーサルサービス料・追加工事・任意オプション等は別途。適用額は公式で確認,NULL,テレビとのセット・住宅条件の通常月額を要確認 ／ 最低利用12か月。解約時の撤去費・機器返送費・残債・途中解約金は別途。単一の解約金額に合算しない。,tokai,TOKAI ひかりdeネット,TOKAIケーブルネットワーク,https://tokai-catv.co.jp/price/,https://tokai-catv.co.jp/price/,https://tokai-catv.co.jp/price/|https://tokai-catv.co.jp/assets/pdf/int_price.pdf|https://tokai-catv.co.jp/assets/pdf/important.pdf,https://tokai-catv.co.jp/price/,https://tokai-catv.co.jp/price/,https://tokai-catv.co.jp/price/,1000メガ,house,1000,NULL,5280,tokai-b4928610f7,verified,NULL,NULL,NULL,NULL,静岡県,NULL,2026-10-07,rechecked_unresolved,公式サービス・料金ページと公式サイト検索を再調査しましたが、このレコードに適用する上り最大値を確定できませんでした。下りと同じ値では埋めていません。,NULL,NULL,2026-10-07,公式重要事項説明・料金表で最低利用期間12か月を確認。追加工事・撤去・途中解約費用は契約条件で変動,TOKAIケーブルネットワーク,resolved,公式重要事項説明・料金表で最低利用期間12か月を確認。追加工事・撤去・途中解約費用は契約条件で変動,2026-10-07,https://tokai-catv.co.jp/assets/pdf/int_price.pdf|https://tokai-catv.co.jp/assets/pdf/important.pdf
静岡県の一部,CATV系光,fixed,FTTH,true,active,NULL,NULL,false,NULL,要確認,NULL,NULL,NULL,NULL,NULL,NULL,NULL,NULL,NULL,880,16500,NULL,公式単体契約の標準初期工事費。特殊工事等は別。,12,NULL,0,0,NULL,NULL,NULL,NULL,要確認（通常月額に含めない）,NULL,NULL,NULL,2026-10-07,税込,ひかりdeネット単体料金。建物一括（バルク）契約の料金ではない,ブロードバンドユニバーサルサービス料・追加工事・任意オプション等は別途。適用額は公式で確認,NULL,テレビとのセット・住宅条件の通常月額を要確認 ／ 最低利用12か月。解約時の撤去費・機器返送費・残債・途中解約金は別途。単一の解約金額に合算しない。,tokai,TOKAI ひかりdeネット,TOKAIケーブルネットワーク,https://tokai-catv.co.jp/price/,https://tokai-catv.co.jp/price/,https://tokai-catv.co.jp/price/|https://tokai-catv.co.jp/assets/pdf/int_price.pdf|https://tokai-catv.co.jp/assets/pdf/important.pdf,https://tokai-catv.co.jp/price/,https://tokai-catv.co.jp/price/,https://tokai-catv.co.jp/price/,1000メガ,apartment,1000,NULL,4400,tokai-eba0915dfe,verified,NULL,NULL,NULL,NULL,静岡県,NULL,2026-10-07,rechecked_unresolved,公式サービス・料金ページと公式サイト検索を再調査しましたが、このレコードに適用する上り最大値を確定できませんでした。下りと同じ値では埋めていません。,NULL,NULL,2026-10-07,公式重要事項説明・料金表で最低利用期間12か月を確認。追加工事・撤去・途中解約費用は契約条件で変動,TOKAIケーブルネットワーク,resolved,公式重要事項説明・料金表で最低利用期間12か月を確認。追加工事・撤去・途中解約費用は契約条件で変動,2026-10-07,https://tokai-catv.co.jp/assets/pdf/int_price.pdf|https://tokai-catv.co.jp/assets/pdf/important.pdf
静岡県の一部,CATV系光,fixed,FTTH,true,active,NULL,NULL,false,NULL,要確認,NULL,NULL,NULL,NULL,NULL,NULL,NULL,NULL,NULL,880,16500,NULL,公式単体契約の標準初期工事費。特殊工事等は別。,12,NULL,0,0,NULL,NULL,NULL,NULL,要確認（通常月額に含めない）,NULL,NULL,NULL,2026-10-07,税込,ひかりdeネット単体料金。建物一括（バルク）契約の料金ではない,ブロードバンドユニバーサルサービス料・追加工事・任意オプション等は別途。適用額は公式で確認,NULL,テレビとのセット・住宅条件の通常月額を要確認 ／ 最低利用12か月。解約時の撤去費・機器返送費・残債・途中解約金は別途。単一の解約金額に合算しない。,tokai,TOKAI ひかりdeネット,TOKAIケーブルネットワーク,https://tokai-catv.co.jp/price/,https://tokai-catv.co.jp/price/,https://tokai-catv.co.jp/price/|https://tokai-catv.co.jp/assets/pdf/int_price.pdf|https://tokai-catv.co.jp/assets/pdf/important.pdf,https://tokai-catv.co.jp/price/,https://tokai-catv.co.jp/price/,https://tokai-catv.co.jp/price/,10000メガ,house,10000,NULL,6380,tokai-27eaf12889,verified,NULL,NULL,NULL,NULL,静岡県,NULL,2026-10-07,rechecked_unresolved,公式サービス・料金ページと公式サイト検索を再調査しましたが、このレコードに適用する上り最大値を確定できませんでした。下りと同じ値では埋めていません。,NULL,NULL,2026-10-07,公式重要事項説明・料金表で最低利用期間12か月を確認。追加工事・撤去・途中解約費用は契約条件で変動,TOKAIケーブルネットワーク,resolved,公式重要事項説明・料金表で最低利用期間12か月を確認。追加工事・撤去・途中解約費用は契約条件で変動,2026-10-07,https://tokai-catv.co.jp/assets/pdf/int_price.pdf|https://tokai-catv.co.jp/assets/pdf/important.pdf
静岡県の一部,CATV系光,fixed,FTTH,true,active,NULL,NULL,false,NULL,要確認,NULL,NULL,NULL,NULL,NULL,NULL,NULL,NULL,NULL,880,16500,NULL,公式単体契約の標準初期工事費。特殊工事等は別。,12,NULL,0,0,NULL,NULL,NULL,NULL,要確認（通常月額に含めない）,NULL,NULL,NULL,2026-10-07,税込,ひかりdeネット単体料金。建物一括（バルク）契約の料金ではない,ブロードバンドユニバーサルサービス料・追加工事・任意オプション等は別途。適用額は公式で確認,NULL,テレビとのセット・住宅条件の通常月額を要確認 ／ 最低利用12か月。解約時の撤去費・機器返送費・残債・途中解約金は別途。単一の解約金額に合算しない。,tokai,TOKAI ひかりdeネット,TOKAIケーブルネットワーク,https://tokai-catv.co.jp/price/,https://tokai-catv.co.jp/price/,https://tokai-catv.co.jp/price/|https://tokai-catv.co.jp/assets/pdf/int_price.pdf|https://tokai-catv.co.jp/assets/pdf/important.pdf,https://tokai-catv.co.jp/price/,https://tokai-catv.co.jp/price/,https://tokai-catv.co.jp/price/,10000メガ,apartment,10000,NULL,5500,tokai-7ad621b9dc,verified,NULL,NULL,NULL,NULL,静岡県,NULL,2026-10-07,rechecked_unresolved,公式サービス・料金ページと公式サイト検索を再調査しましたが、このレコードに適用する上り最大値を確定できませんでした。下りと同じ値では埋めていません。,NULL,NULL,2026-10-07,公式重要事項説明・料金表で最低利用期間12か月を確認。追加工事・撤去・途中解約費用は契約条件で変動,TOKAIケーブルネットワーク,resolved,公式重要事項説明・料金表で最低利用期間12か月を確認。追加工事・撤去・途中解約費用は契約条件で変動,2026-10-07,https://tokai-catv.co.jp/assets/pdf/int_price.pdf|https://tokai-catv.co.jp/assets/pdf/important.pdf
電波・設置場所により利用可否と品質が変動,ホームルーター,wireless,5G/4G,true,active,NULL,NULL,false,NULL,要確認,docomo,NULL,NULL,NULL,NULL,NULL,NULL,NULL,NULL,NULL,NULL,NULL,工事内容・配線状況により変動。未確認額はNULL,NULL,NULL,0,NULL,NULL,NULL,NULL,NULL,要確認（通常月額に含めない）,NULL,NULL,NULL,2026-10-07,税込,通常料金・プロバイダー込み。キャンペーン・スマホ割を除く,ブロードバンドユニバーサルサービス料・追加工事・任意オプション等は別途。適用額は公式で確認,NULL,端末代は別途。光回線ランキングに含めない,home5g,home 5G,home 5G,https://www.docomo.ne.jp/home_5g/charge/,https://www.docomo.ne.jp/home_5g/charge/,https://www.docomo.ne.jp/home_5g/charge/,https://www.docomo.ne.jp/home_5g/charge/,https://www.docomo.ne.jp/home_5g/charge/,https://www.docomo.ne.jp/home_5g/charge/,ホームルーター通常プラン,house,NULL,NULL,5280,home5g-a11eae0fb5,verified,NULL,NULL,NULL,NULL,NULL,NULL,2026-10-07,rechecked_unresolved,端末・5G/4G方式・提供エリアによって最大値が異なります。端末を特定していない共通料金レコードのため、単一の上り最大値は登録していません。,NULL,NULL,NULL,NULL,NTTドコモ,NULL,NULL,NULL,NULL
電波・設置場所により利用可否と品質が変動,ホームルーター,wireless,5G/4G,true,active,NULL,NULL,false,NULL,要確認,docomo,NULL,NULL,NULL,NULL,NULL,NULL,NULL,NULL,NULL,NULL,NULL,工事内容・配線状況により変動。未確認額はNULL,NULL,NULL,0,NULL,NULL,NULL,NULL,NULL,要確認（通常月額に含めない）,NULL,NULL,NULL,2026-10-07,税込,通常料金・プロバイダー込み。キャンペーン・スマホ割を除く,ブロードバンドユニバーサルサービス料・追加工事・任意オプション等は別途。適用額は公式で確認,NULL,端末代は別途。光回線ランキングに含めない,home5g,home 5G,home 5G,https://www.docomo.ne.jp/home_5g/charge/,https://www.docomo.ne.jp/home_5g/charge/,https://www.docomo.ne.jp/home_5g/charge/,https://www.docomo.ne.jp/home_5g/charge/,https://www.docomo.ne.jp/home_5g/charge/,https://www.docomo.ne.jp/home_5g/charge/,ホームルーター通常プラン,apartment,NULL,NULL,5280,home5g-07447b350b,verified,NULL,NULL,NULL,NULL,NULL,NULL,2026-10-07,rechecked_unresolved,端末・5G/4G方式・提供エリアによって最大値が異なります。端末を特定していない共通料金レコードのため、単一の上り最大値は登録していません。,NULL,NULL,NULL,NULL,NTTドコモ,NULL,NULL,NULL,NULL
電波・設置場所により利用可否と品質が変動,ホームルーター,wireless,5G/4G,true,active,NULL,NULL,false,NULL,要確認,SoftBank|Y!mobile,NULL,NULL,NULL,NULL,NULL,NULL,NULL,NULL,NULL,NULL,NULL,工事内容・配線状況により変動。未確認額はNULL,NULL,NULL,0,NULL,NULL,NULL,NULL,NULL,要確認（通常月額に含めない）,NULL,NULL,NULL,2026-10-07,税込,通常料金・プロバイダー込み。キャンペーン・スマホ割を除く,ブロードバンドユニバーサルサービス料・追加工事・任意オプション等は別途。適用額は公式で確認,NULL,"2026年12月1日に基本料5,698円へ改定予定",air,SoftBank Air,SoftBank Air,https://www.softbank.jp/internet/air/price/,https://www.softbank.jp/internet/air/price/,https://www.softbank.jp/internet/air/price/,https://www.softbank.jp/internet/air/price/,https://www.softbank.jp/internet/air/price/,https://www.softbank.jp/internet/air/price/,ホームルーター通常プラン,house,NULL,NULL,5368,air-a11eae0fb5,verified,NULL,NULL,NULL,NULL,NULL,NULL,2026-10-07,rechecked_unresolved,端末・5G/4G方式・提供エリアによって最大値が異なります。端末を特定していない共通料金レコードのため、単一の上り最大値は登録していません。,NULL,NULL,NULL,NULL,SoftBank,NULL,NULL,NULL,NULL
電波・設置場所により利用可否と品質が変動,ホームルーター,wireless,5G/4G,true,active,NULL,NULL,false,NULL,要確認,SoftBank|Y!mobile,NULL,NULL,NULL,NULL,NULL,NULL,NULL,NULL,NULL,NULL,NULL,工事内容・配線状況により変動。未確認額はNULL,NULL,NULL,0,NULL,NULL,NULL,NULL,NULL,要確認（通常月額に含めない）,NULL,NULL,NULL,2026-10-07,税込,通常料金・プロバイダー込み。キャンペーン・スマホ割を除く,ブロードバンドユニバーサルサービス料・追加工事・任意オプション等は別途。適用額は公式で確認,NULL,"2026年12月1日に基本料5,698円へ改定予定",air,SoftBank Air,SoftBank Air,https://www.softbank.jp/internet/air/price/,https://www.softbank.jp/internet/air/price/,https://www.softbank.jp/internet/air/price/,https://www.softbank.jp/internet/air/price/,https://www.softbank.jp/internet/air/price/,https://www.softbank.jp/internet/air/price/,ホームルーター通常プラン,apartment,NULL,NULL,5368,air-07447b350b,verified,NULL,NULL,NULL,NULL,NULL,NULL,2026-10-07,rechecked_unresolved,端末・5G/4G方式・提供エリアによって最大値が異なります。端末を特定していない共通料金レコードのため、単一の上り最大値は登録していません。,NULL,NULL,NULL,NULL,SoftBank,NULL,NULL,NULL,NULL
電波・設置場所により利用可否と品質が変動,ホームルーター,wireless,5G/4G,true,active,NULL,NULL,false,NULL,要確認,楽天モバイル,NULL,NULL,NULL,NULL,NULL,NULL,NULL,NULL,3300,NULL,NULL,工事内容・配線状況により変動。未確認額はNULL,NULL,NULL,0,41580,NULL,NULL,NULL,NULL,要確認（通常月額に含めない）,NULL,NULL,NULL,2026-10-07,税込,通常料金・プロバイダー込み。キャンペーン・スマホ割を除く,ブロードバンドユニバーサルサービス料・追加工事・任意オプション等は別途。適用額は公式で確認,NULL,端末代は別途。光回線ランキングに含めない,turbo,Rakuten Turbo,Rakuten Turbo,https://network.mobile.rakuten.co.jp/internet/turbo/fee/,https://network.mobile.rakuten.co.jp/internet/turbo/fee/,https://network.mobile.rakuten.co.jp/internet/turbo/fee/,https://network.mobile.rakuten.co.jp/internet/turbo/fee/,https://network.mobile.rakuten.co.jp/internet/turbo/fee/,https://network.mobile.rakuten.co.jp/internet/turbo/fee/,ホームルーター通常プラン,house,NULL,NULL,4840,turbo-a11eae0fb5,verified,NULL,NULL,NULL,NULL,NULL,NULL,2026-10-07,rechecked_unresolved,端末・5G/4G方式・提供エリアによって最大値が異なります。端末を特定していない共通料金レコードのため、単一の上り最大値は登録していません。,NULL,NULL,NULL,NULL,楽天モバイル,NULL,NULL,NULL,NULL
電波・設置場所により利用可否と品質が変動,ホームルーター,wireless,5G/4G,true,active,NULL,NULL,false,NULL,要確認,楽天モバイル,NULL,NULL,NULL,NULL,NULL,NULL,NULL,NULL,3300,NULL,NULL,工事内容・配線状況により変動。未確認額はNULL,NULL,NULL,0,41580,NULL,NULL,NULL,NULL,要確認（通常月額に含めない）,NULL,NULL,NULL,2026-10-07,税込,通常料金・プロバイダー込み。キャンペーン・スマホ割を除く,ブロードバンドユニバーサルサービス料・追加工事・任意オプション等は別途。適用額は公式で確認,NULL,端末代は別途。光回線ランキングに含めない,turbo,Rakuten Turbo,Rakuten Turbo,https://network.mobile.rakuten.co.jp/internet/turbo/fee/,https://network.mobile.rakuten.co.jp/internet/turbo/fee/,https://network.mobile.rakuten.co.jp/internet/turbo/fee/,https://network.mobile.rakuten.co.jp/internet/turbo/fee/,https://network.mobile.rakuten.co.jp/internet/turbo/fee/,https://network.mobile.rakuten.co.jp/internet/turbo/fee/,ホームルーター通常プラン,apartment,NULL,NULL,4840,turbo-07447b350b,verified,NULL,NULL,NULL,NULL,NULL,NULL,2026-10-07,rechecked_unresolved,端末・5G/4G方式・提供エリアによって最大値が異なります。端末を特定していない共通料金レコードのため、単一の上り最大値は登録していません。,NULL,NULL,NULL,NULL,楽天モバイル,NULL,NULL,NULL,NULL
電波・設置場所により利用可否と品質が変動,ホームルーター,wireless,5G/4G,true,active,NULL,NULL,false,NULL,要確認,au|UQ mobile,NULL,NULL,NULL,NULL,NULL,NULL,NULL,NULL,3300,0,NULL,工事内容・配線状況により変動。未確認額はNULL,0,0,0,NULL,NULL,4598,13,NULL,要確認（通常月額に含めない）,NULL,NULL,NULL,2026-10-07,税込,WiMAX +5G割682円を引く前の基本料金。対応端末代は含まない。光回線と別カテゴリ,ブロードバンドユニバーサルサービス料・追加工事・任意オプション等は別途。適用額は公式で確認,NULL,端末代は別途。光回線ランキングに含めない ／ オンラインショップは端末購入とのセット申込。端末代が未確定のため、必須初期費用・2年総額は確定しない。,wimax,UQ WiMAX,UQ WiMAX,https://www.uqwimax.jp/wimax/plan/,https://www.uqwimax.jp/wimax/plan/,https://www.uqwimax.jp/wimax/plan/|https://www.uqwimax.jp/wimax/5g/gigahodai_plus/|https://www.uqwimax.jp/wimax/flow/,https://www.uqwimax.jp/wimax/5g/gigahodai_plus/,https://www.uqwimax.jp/wimax/plan/,https://www.uqwimax.jp/wimax/plan/,ギガ放題プラスS（ホームルーター）,house,NULL,NULL,5280,wimax-a11eae0fb5,verified,NULL,NULL,NULL,NULL,NULL,NULL,2026-10-07,rechecked_unresolved,端末・5G/4G方式・提供エリアによって最大値が異なります。端末を特定していない共通料金レコードのため、単一の上り最大値は登録していません。,NULL,NULL,2026-10-07,"UQ公式でギガ放題プラスSの契約期間条件なしと登録料3,300円を確認。端末購入費は別途。",UQコミュニケーションズ,resolved,"UQ公式でギガ放題プラスSの契約期間条件なしと登録料3,300円を確認。端末購入費は別途。",2026-10-07,https://www.uqwimax.jp/wimax/plan/|https://www.uqwimax.jp/wimax/flow/
電波・設置場所により利用可否と品質が変動,ホームルーター,wireless,5G/4G,true,active,NULL,NULL,false,NULL,要確認,au|UQ mobile,NULL,NULL,NULL,NULL,NULL,NULL,NULL,NULL,3300,0,NULL,工事内容・配線状況により変動。未確認額はNULL,0,0,0,NULL,NULL,4598,13,NULL,要確認（通常月額に含めない）,NULL,NULL,NULL,2026-10-07,税込,WiMAX +5G割682円を引く前の基本料金。対応端末代は含まない。光回線と別カテゴリ,ブロードバンドユニバーサルサービス料・追加工事・任意オプション等は別途。適用額は公式で確認,NULL,端末代は別途。光回線ランキングに含めない ／ オンラインショップは端末購入とのセット申込。端末代が未確定のため、必須初期費用・2年総額は確定しない。,wimax,UQ WiMAX,UQ WiMAX,https://www.uqwimax.jp/wimax/plan/,https://www.uqwimax.jp/wimax/plan/,https://www.uqwimax.jp/wimax/plan/|https://www.uqwimax.jp/wimax/5g/gigahodai_plus/|https://www.uqwimax.jp/wimax/flow/,https://www.uqwimax.jp/wimax/5g/gigahodai_plus/,https://www.uqwimax.jp/wimax/plan/,https://www.uqwimax.jp/wimax/plan/,ギガ放題プラスS（ホームルーター）,apartment,NULL,NULL,5280,wimax-07447b350b,verified,NULL,NULL,NULL,NULL,NULL,NULL,2026-10-07,rechecked_unresolved,端末・5G/4G方式・提供エリアによって最大値が異なります。端末を特定していない共通料金レコードのため、単一の上り最大値は登録していません。,NULL,NULL,2026-10-07,"UQ公式でギガ放題プラスSの契約期間条件なしと登録料3,300円を確認。端末購入費は別途。",UQコミュニケーションズ,resolved,"UQ公式でギガ放題プラスSの契約期間条件なしと登録料3,300円を確認。端末購入費は別途。",2026-10-07,https://www.uqwimax.jp/wimax/plan/|https://www.uqwimax.jp/wimax/flow/
全国（設備・地域により対象外）,光コラボ,fixed,FTTH,true,active,NULL,NULL,false,transix（IPoE）,BB.exciteモバイル音声SIM1枚につき220円（最大5枚）,その他,NULL,NULL,NULL,NULL,NULL,NULL,NULL,NULL,0,0,NULL,工事内容・配線状況により変動。未確認額はNULL,0,0,0,0,NULL,NULL,NULL,NULL,要確認（通常月額に含めない）,NULL,NULL,NULL,2026-10-07,税込,データ使用量で毎月変動。上限額でのみ比較,ブロードバンドユニバーサルサービス料・追加工事・任意オプション等は別途。適用額は公式で確認,NULL,契約する別プランではなく、同一プランの課金段階,excite-fit,BB.excite光 Fit,エキサイト,https://bb.excite.co.jp/bbhikari/,https://bb.excite.co.jp/bbhikari/,https://bb.excite.co.jp/bbhikari/|https://image.excite.co.jp/jp/bbe/collabo/guidance/hikarifit.pdf|https://bb.excite.co.jp/fit/,https://bb.excite.co.jp/bbhikari/,https://bb.excite.co.jp/bbhikari/|https://image.excite.co.jp/jp/bbe/collabo/guidance/hikarifit.pdf,https://bb.excite.co.jp/bbhikari/,1ギガ Fit 段階料金,house,1000,1000,NULL,excite-fit-house,verified_variable,NULL,3520,5830,"[{""tier"": ""1ギガ 段階料金 30GB未満"", ""fee"": 3520}, {""tier"": ""1ギガ 段階料金 30〜200GB未満"", ""fee"": 4290}, {""tier"": ""1ギガ 段階料金 200〜500GB未満"", ""fee"": 5060}, {""tier"": ""1ギガ 段階料金 500GB以上"", ""fee"": 5830}]",NULL,https://image.excite.co.jp/jp/bbe/collabo/guidance/hikarifit.pdf,2026-10-07,verified,技術規格上の最大値。実効速度の保証ではありません。 1Gの数値はギガ対応回線の最大仕様。建物・配線・東西エリア・回線品目によって100/200Mbps等になる場合あり。,NULL,NULL,2026-10-07,月間通信量で料金が決まる段階制。金額の幅は登録済み。用途入力から通信量を推測しない,エキサイト,conditional,公式約款の段階制料金を確認済み。月間の上下合計通信量で料金が変わるため、単一月額にはしない,2026-10-07,https://bb.excite.co.jp/fit/|https://image.excite.co.jp/jp/bbe/collabo/guidance/hikarifit.pdf
全国（設備・地域により対象外）,光コラボ,fixed,FTTH,true,active,NULL,NULL,false,transix（IPoE）,BB.exciteモバイル音声SIM1枚につき220円（最大5枚）,その他,NULL,NULL,NULL,NULL,NULL,NULL,NULL,NULL,0,0,NULL,工事内容・配線状況により変動。未確認額はNULL,0,0,0,0,NULL,NULL,NULL,NULL,要確認（通常月額に含めない）,NULL,NULL,NULL,2026-10-07,税込,データ使用量で毎月変動。上限額でのみ比較,ブロードバンドユニバーサルサービス料・追加工事・任意オプション等は別途。適用額は公式で確認,NULL,契約する別プランではなく、同一プランの課金段階,excite-fit,BB.excite光 Fit,エキサイト,https://bb.excite.co.jp/bbhikari/,https://bb.excite.co.jp/bbhikari/,https://bb.excite.co.jp/bbhikari/|https://image.excite.co.jp/jp/bbe/collabo/guidance/hikarifit.pdf|https://bb.excite.co.jp/fit/,https://bb.excite.co.jp/bbhikari/,https://bb.excite.co.jp/bbhikari/|https://image.excite.co.jp/jp/bbe/collabo/guidance/hikarifit.pdf,https://bb.excite.co.jp/bbhikari/,1ギガ Fit 段階料金,apartment,1000,1000,NULL,excite-fit-apartment,verified_variable,NULL,2640,4180,"[{""tier"": ""1ギガ 段階料金 30GB未満"", ""fee"": 2640}, {""tier"": ""1ギガ 段階料金 30〜200GB未満"", ""fee"": 3410}, {""tier"": ""1ギガ 段階料金 200〜500GB未満"", ""fee"": 4180}, {""tier"": ""1ギガ 段階料金 500GB以上"", ""fee"": 4180}]",NULL,https://image.excite.co.jp/jp/bbe/collabo/guidance/hikarifit.pdf,2026-10-07,verified,技術規格上の最大値。実効速度の保証ではありません。 1Gの数値はギガ対応回線の最大仕様。建物・配線・東西エリア・回線品目によって100/200Mbps等になる場合あり。,NULL,NULL,2026-10-07,月間通信量で料金が決まる段階制。金額の幅は登録済み。用途入力から通信量を推測しない,エキサイト,conditional,公式約款の段階制料金を確認済み。月間の上下合計通信量で料金が変わるため、単一月額にはしない,2026-10-07,https://bb.excite.co.jp/fit/|https://image.excite.co.jp/jp/bbe/collabo/guidance/hikarifit.pdf
全国（設備・地域により対象外）,光コラボ,fixed,FTTH,true,active,NULL,NULL,false,IPv6 IPoE・IPv4 over IPv6（v6プラス）,勝手に割り対象外,NULL,0,0,NULL,NULL,NULL,NULL,NULL,NULL,3300,NULL,16500,派遣工事16500円・無派遣2200円。工事方式未確定のため通常工事費はNULL,0,0,0,0,NULL,NULL,NULL,NULL,新規10G開通工事費無料キャンペーン。終了日未定。通常月額と別管理,NULL,NULL,NULL,2026-10-07,税込,通常料金・プロバイダー込み。キャンペーン・スマホ割を除く,ブロードバンドユニバーサルサービス料・追加工事・任意オプション等は別途。適用額は公式で確認,NULL,対応ルーターは利用者が用意。光回線のみは別途ISP料金が必要。2027年の価格見直し条件は公式を確認。,en,enひかり,縁人,https://www.enhikari.jp/cross.html,https://enhikari.jp/,https://www.enhikari.jp/cross.html,https://www.enhikari.jp/cross.html,https://www.enhikari.jp/cross.html,https://www.enhikari.jp/cross.html,クロス 10ギガ with v6プラス,house,10000,10000,4917,en-2b993476af,verified,NULL,NULL,NULL,NULL,NULL,https://www.enhikari.jp/cross.html,2026-10-07,verified,上下最大概ね10Gbps（技術規格値）,NULL,NULL,2026-10-07,通常月額と任意機器・IPv6条件を公式再確認,縁人,NULL,NULL,NULL,NULL
全国（設備・地域により対象外）,光コラボ,fixed,FTTH,true,active,NULL,NULL,false,IPv6 IPoE・IPv4 over IPv6（Xpass）,勝手に割り対象外,NULL,0,0,NULL,NULL,NULL,NULL,NULL,NULL,3300,NULL,16500,派遣工事16500円・無派遣2200円。工事方式未確定のため通常工事費はNULL,0,0,0,0,NULL,NULL,NULL,NULL,新規10G開通工事費無料キャンペーン。終了日未定。通常月額と別管理,NULL,NULL,NULL,2026-10-07,税込,通常料金・プロバイダー込み。キャンペーン・スマホ割を除く,ブロードバンドユニバーサルサービス料・追加工事・任意オプション等は別途。適用額は公式で確認,NULL,対応ルーターは利用者が用意。光回線のみは別途ISP料金が必要。2027年の価格見直し条件は公式を確認。,en,enひかり,縁人,https://www.enhikari.jp/cross.html,https://enhikari.jp/,https://www.enhikari.jp/cross.html,https://www.enhikari.jp/cross.html,https://www.enhikari.jp/cross.html,https://www.enhikari.jp/cross.html,クロス 10ギガ with Xpass,house,10000,10000,4917,en-76dcee4804,verified,NULL,NULL,NULL,NULL,NULL,https://www.enhikari.jp/cross.html,2026-10-07,verified,上下最大概ね10Gbps（技術規格値）,NULL,NULL,2026-10-07,通常月額と任意機器・IPv6条件を公式再確認,縁人,NULL,NULL,NULL,NULL
全国（設備・地域により対象外）,光コラボ,fixed,FTTH,true,active,NULL,NULL,false,IPv6 IPoE・IPv4 over IPv6（IPv6オプション）,勝手に割り対象外,NULL,0,0,NULL,NULL,NULL,NULL,NULL,NULL,3300,NULL,16500,派遣工事16500円・無派遣2200円。工事方式未確定のため通常工事費はNULL,0,0,0,0,NULL,NULL,NULL,NULL,新規10G開通工事費無料キャンペーン。終了日未定。通常月額と別管理,NULL,NULL,NULL,2026-10-07,税込,通常料金・プロバイダー込み。キャンペーン・スマホ割を除く,ブロードバンドユニバーサルサービス料・追加工事・任意オプション等は別途。適用額は公式で確認,NULL,対応ルーターは利用者が用意。光回線のみは別途ISP料金が必要。2027年の価格見直し条件は公式を確認。,en,enひかり,縁人,https://www.enhikari.jp/cross.html,https://enhikari.jp/,https://www.enhikari.jp/cross.html,https://www.enhikari.jp/cross.html,https://www.enhikari.jp/cross.html,https://www.enhikari.jp/cross.html,クロス 10ギガ with IPv6オプション,house,10000,10000,4917,en-3bd2143762,verified,NULL,NULL,NULL,NULL,NULL,https://www.enhikari.jp/cross.html,2026-10-07,verified,上下最大概ね10Gbps（技術規格値）,NULL,NULL,2026-10-07,通常月額と任意機器・IPv6条件を公式再確認,縁人,NULL,NULL,NULL,NULL
全国（設備・地域により対象外）,光コラボ,fixed,FTTH,false,active,NULL,NULL,false,別途ISPによる,勝手に割り対象外,NULL,0,0,NULL,NULL,NULL,NULL,NULL,NULL,3300,NULL,16500,派遣工事16500円・無派遣2200円。工事方式未確定のため通常工事費はNULL,0,0,0,0,NULL,NULL,NULL,NULL,新規10G開通工事費無料キャンペーン。終了日未定。通常月額と別管理,NULL,NULL,NULL,2026-10-07,税込,通常料金・プロバイダー込み。キャンペーン・スマホ割を除く,ブロードバンドユニバーサルサービス料・追加工事・任意オプション等は別途。適用額は公式で確認,NULL,対応ルーターは利用者が用意。光回線のみは別途ISP料金が必要。2027年の価格見直し条件は公式を確認。,en,enひかり,縁人,https://www.enhikari.jp/cross.html,https://enhikari.jp/,https://www.enhikari.jp/cross.html,https://www.enhikari.jp/cross.html,https://www.enhikari.jp/cross.html,https://www.enhikari.jp/cross.html,クロス 10ギガ 光回線のみ,house,10000,10000,4370,en-45dc1eb1cc,verified,NULL,NULL,NULL,NULL,NULL,https://www.enhikari.jp/cross.html,2026-10-07,verified,上下最大概ね10Gbps（技術規格値）,NULL,NULL,2026-10-07,回線のみ料金は確認済み。別契約プロバイダー料金が必要,縁人,conditional,回線のみ料金は確認済み。別契約プロバイダー料金が必要,2026-10-07,https://www.enhikari.jp/cross.html
全国（設備・地域により対象外）,光コラボ,fixed,FTTH,true,active,NULL,NULL,false,IPv6 IPoE・IPv4 over IPv6（v6プラス）,勝手に割り対象外,NULL,0,0,NULL,NULL,NULL,NULL,NULL,NULL,3300,NULL,16500,派遣工事16500円・無派遣2200円。工事方式未確定のため通常工事費はNULL,0,0,0,0,NULL,NULL,NULL,NULL,新規10G開通工事費無料キャンペーン。終了日未定。通常月額と別管理,NULL,NULL,NULL,2026-10-07,税込,通常料金・プロバイダー込み。キャンペーン・スマホ割を除く,ブロードバンドユニバーサルサービス料・追加工事・任意オプション等は別途。適用額は公式で確認,NULL,対応ルーターは利用者が用意。光回線のみは別途ISP料金が必要。2027年の価格見直し条件は公式を確認。,en,enひかり,縁人,https://www.enhikari.jp/cross.html,https://enhikari.jp/,https://www.enhikari.jp/cross.html,https://www.enhikari.jp/cross.html,https://www.enhikari.jp/cross.html,https://www.enhikari.jp/cross.html,クロス 10ギガ with v6プラス,apartment,10000,10000,4917,en-1b67d29a78,verified,NULL,NULL,NULL,NULL,NULL,https://www.enhikari.jp/cross.html,2026-10-07,verified,上下最大概ね10Gbps（技術規格値）,NULL,NULL,2026-10-07,通常月額と任意機器・IPv6条件を公式再確認,縁人,NULL,NULL,NULL,NULL
全国（設備・地域により対象外）,光コラボ,fixed,FTTH,true,active,NULL,NULL,false,IPv6 IPoE・IPv4 over IPv6（Xpass）,勝手に割り対象外,NULL,0,0,NULL,NULL,NULL,NULL,NULL,NULL,3300,NULL,16500,派遣工事16500円・無派遣2200円。工事方式未確定のため通常工事費はNULL,0,0,0,0,NULL,NULL,NULL,NULL,新規10G開通工事費無料キャンペーン。終了日未定。通常月額と別管理,NULL,NULL,NULL,2026-10-07,税込,通常料金・プロバイダー込み。キャンペーン・スマホ割を除く,ブロードバンドユニバーサルサービス料・追加工事・任意オプション等は別途。適用額は公式で確認,NULL,対応ルーターは利用者が用意。光回線のみは別途ISP料金が必要。2027年の価格見直し条件は公式を確認。,en,enひかり,縁人,https://www.enhikari.jp/cross.html,https://enhikari.jp/,https://www.enhikari.jp/cross.html,https://www.enhikari.jp/cross.html,https://www.enhikari.jp/cross.html,https://www.enhikari.jp/cross.html,クロス 10ギガ with Xpass,apartment,10000,10000,4917,en-bc6b75f732,verified,NULL,NULL,NULL,NULL,NULL,https://www.enhikari.jp/cross.html,2026-10-07,verified,上下最大概ね10Gbps（技術規格値）,NULL,NULL,2026-10-07,通常月額と任意機器・IPv6条件を公式再確認,縁人,NULL,NULL,NULL,NULL
全国（設備・地域により対象外）,光コラボ,fixed,FTTH,true,active,NULL,NULL,false,IPv6 IPoE・IPv4 over IPv6（IPv6オプション）,勝手に割り対象外,NULL,0,0,NULL,NULL,NULL,NULL,NULL,NULL,3300,NULL,16500,派遣工事16500円・無派遣2200円。工事方式未確定のため通常工事費はNULL,0,0,0,0,NULL,NULL,NULL,NULL,新規10G開通工事費無料キャンペーン。終了日未定。通常月額と別管理,NULL,NULL,NULL,2026-10-07,税込,通常料金・プロバイダー込み。キャンペーン・スマホ割を除く,ブロードバンドユニバーサルサービス料・追加工事・任意オプション等は別途。適用額は公式で確認,NULL,対応ルーターは利用者が用意。光回線のみは別途ISP料金が必要。2027年の価格見直し条件は公式を確認。,en,enひかり,縁人,https://www.enhikari.jp/cross.html,https://enhikari.jp/,https://www.enhikari.jp/cross.html,https://www.enhikari.jp/cross.html,https://www.enhikari.jp/cross.html,https://www.enhikari.jp/cross.html,クロス 10ギガ with IPv6オプション,apartment,10000,10000,4917,en-5ea5c62b19,verified,NULL,NULL,NULL,NULL,NULL,https://www.enhikari.jp/cross.html,2026-10-07,verified,上下最大概ね10Gbps（技術規格値）,NULL,NULL,2026-10-07,通常月額と任意機器・IPv6条件を公式再確認,縁人,NULL,NULL,NULL,NULL
全国（設備・地域により対象外）,光コラボ,fixed,FTTH,false,active,NULL,NULL,false,別途ISPによる,勝手に割り対象外,NULL,0,0,NULL,NULL,NULL,NULL,NULL,NULL,3300,NULL,16500,派遣工事16500円・無派遣2200円。工事方式未確定のため通常工事費はNULL,0,0,0,0,NULL,NULL,NULL,NULL,新規10G開通工事費無料キャンペーン。終了日未定。通常月額と別管理,NULL,NULL,NULL,2026-10-07,税込,通常料金・プロバイダー込み。キャンペーン・スマホ割を除く,ブロードバンドユニバーサルサービス料・追加工事・任意オプション等は別途。適用額は公式で確認,NULL,対応ルーターは利用者が用意。光回線のみは別途ISP料金が必要。2027年の価格見直し条件は公式を確認。,en,enひかり,縁人,https://www.enhikari.jp/cross.html,https://enhikari.jp/,https://www.enhikari.jp/cross.html,https://www.enhikari.jp/cross.html,https://www.enhikari.jp/cross.html,https://www.enhikari.jp/cross.html,クロス 10ギガ 光回線のみ,apartment,10000,10000,4370,en-09b9d65086,verified,NULL,NULL,NULL,NULL,NULL,https://www.enhikari.jp/cross.html,2026-10-07,verified,上下最大概ね10Gbps（技術規格値）,NULL,NULL,2026-10-07,回線のみ料金は確認済み。別契約プロバイダー料金が必要,縁人,conditional,回線のみ料金は確認済み。別契約プロバイダー料金が必要,2026-10-07,https://www.enhikari.jp/cross.html
東京都・神奈川県の対応建物,光コラボ,fixed,FTTH,true,active,NULL,NULL,false,NULL,NULL,NULL,NULL,NULL,NULL,NULL,NULL,NULL,NULL,NULL,3300,NULL,NULL,NULL,NULL,NULL,0,0,NULL,NULL,NULL,NULL,Web新規申込：設置月＋1か月利用料・初期費用に特典あり。対象物件・工事費残債条件は公式確認。通常料金と別管理,NULL,NULL,NULL,2026-10-07,税込,通常月額・ISP込み。キャンペーン・任意ルーターレンタル330円/月を除く,NULL,NULL,契約期間・解約費用・通常工事費は確認未完了。公式で建物の導入状況を確認。,itscom-kattobi,かっとび光（イッツコム）,イッツ・コミュニケーションズ,https://www.itscom.co.jp/service/internet/course/hikari/,https://www.itscom.co.jp/service/internet/course/hikari/,https://www.itscom.co.jp/service/price/|https://www.itscom.co.jp/service/internet/course/hikari/,https://www.itscom.co.jp/service/price/,https://www.itscom.co.jp/service/internet/course/hikari/,https://www.itscom.co.jp/service/internet/course/hikari/,ファミリー1Gタイプ,house,1000,1000,5720,itscom-kattobi-d8bc0834ac,verified,NULL,NULL,NULL,NULL,東京都|神奈川県,https://www.itscom.co.jp/service/internet/course/hikari/,2026-10-07,verified,公式コース表の上下最大通信速度。実効速度ではない。,NULL,NULL,NULL,NULL,イッツ・コミュニケーションズ,NULL,NULL,NULL,NULL
NTT東日本提供エリア（建物・設備による）,光コラボ,fixed,FTTH,true,active,NULL,NULL,false,NULL,NULL,NULL,NULL,NULL,NULL,NULL,NULL,NULL,NULL,NULL,3300,NULL,NULL,NULL,NULL,NULL,0,0,NULL,NULL,NULL,NULL,Web新規申込：設置月＋1か月利用料・初期費用に特典あり。対象物件・工事費残債条件は公式確認。通常料金と別管理,NULL,NULL,NULL,2026-10-07,税込,通常月額・ISP込み。キャンペーン・任意ルーターレンタル330円/月を除く,NULL,NULL,契約期間・解約費用・通常工事費は確認未完了。公式で建物の導入状況を確認。,itscom-kattobi,かっとび光（イッツコム）,イッツ・コミュニケーションズ,https://www.itscom.co.jp/service/internet/course/hikari/,https://www.itscom.co.jp/service/internet/course/hikari/,https://www.itscom.co.jp/service/price/|https://www.itscom.co.jp/service/internet/course/hikari/,https://www.itscom.co.jp/service/price/,https://www.itscom.co.jp/service/internet/course/hikari/,https://www.itscom.co.jp/service/internet/course/hikari/,ファミリー200Mタイプ,house,200,100,5720,itscom-kattobi-8ae2f0c46b,verified,NULL,NULL,NULL,NULL,北海道|青森県|岩手県|宮城県|秋田県|山形県|福島県|茨城県|栃木県|群馬県|埼玉県|千葉県|東京都|神奈川県|新潟県|山梨県|長野県,https://www.itscom.co.jp/service/internet/course/hikari/,2026-10-07,verified,公式コース表の上下最大通信速度。実効速度ではない。,NULL,NULL,NULL,NULL,イッツ・コミュニケーションズ,NULL,NULL,NULL,NULL
NTT東日本提供エリア（建物・設備による）,光コラボ,fixed,FTTH,true,active,NULL,NULL,false,NULL,NULL,NULL,NULL,NULL,NULL,NULL,NULL,NULL,NULL,NULL,3300,NULL,NULL,NULL,NULL,NULL,0,0,NULL,NULL,NULL,NULL,Web新規申込：設置月＋1か月利用料・初期費用に特典あり。対象物件・工事費残債条件は公式確認。通常料金と別管理,NULL,NULL,NULL,2026-10-07,税込,通常月額・ISP込み。キャンペーン・任意ルーターレンタル330円/月を除く,NULL,NULL,契約期間・解約費用・通常工事費は確認未完了。公式で建物の導入状況を確認。,itscom-kattobi,かっとび光（イッツコム）,イッツ・コミュニケーションズ,https://www.itscom.co.jp/service/internet/course/hikari/,https://www.itscom.co.jp/service/internet/course/hikari/,https://www.itscom.co.jp/service/price/|https://www.itscom.co.jp/service/internet/course/hikari/,https://www.itscom.co.jp/service/price/,https://www.itscom.co.jp/service/internet/course/hikari/,https://www.itscom.co.jp/service/internet/course/hikari/,ファミリー100Mタイプ,house,100,100,5720,itscom-kattobi-239c4d1838,verified,NULL,NULL,NULL,NULL,北海道|青森県|岩手県|宮城県|秋田県|山形県|福島県|茨城県|栃木県|群馬県|埼玉県|千葉県|東京都|神奈川県|新潟県|山梨県|長野県,https://www.itscom.co.jp/service/internet/course/hikari/,2026-10-07,verified,公式コース表の上下最大通信速度。実効速度ではない。,NULL,NULL,NULL,NULL,イッツ・コミュニケーションズ,NULL,NULL,NULL,NULL
東京都・神奈川県の対応建物,光コラボ,fixed,FTTH,true,active,NULL,NULL,false,NULL,NULL,NULL,NULL,NULL,NULL,NULL,NULL,NULL,NULL,NULL,3300,NULL,NULL,NULL,NULL,NULL,0,0,NULL,NULL,NULL,NULL,Web新規申込：設置月＋1か月利用料・初期費用に特典あり。対象物件・工事費残債条件は公式確認。通常料金と別管理,NULL,NULL,NULL,2026-10-07,税込,通常月額・ISP込み。キャンペーン・任意ルーターレンタル330円/月を除く,NULL,NULL,契約期間・解約費用・通常工事費は確認未完了。公式で建物の導入状況を確認。,itscom-kattobi,かっとび光（イッツコム）,イッツ・コミュニケーションズ,https://www.itscom.co.jp/service/internet/course/hikari/,https://www.itscom.co.jp/service/internet/course/hikari/,https://www.itscom.co.jp/service/price/|https://www.itscom.co.jp/service/internet/course/hikari/,https://www.itscom.co.jp/service/price/,https://www.itscom.co.jp/service/internet/course/hikari/,https://www.itscom.co.jp/service/internet/course/hikari/,マンション1Gタイプ,apartment,1000,1000,4180,itscom-kattobi-9e2ba9dc96,verified,NULL,NULL,NULL,NULL,東京都|神奈川県,https://www.itscom.co.jp/service/internet/course/hikari/,2026-10-07,verified,公式コース表の上下最大通信速度。実効速度ではない。,NULL,NULL,NULL,NULL,イッツ・コミュニケーションズ,NULL,NULL,NULL,NULL
NTT東日本提供エリア（建物・設備による）,光コラボ,fixed,FTTH,true,active,NULL,NULL,false,NULL,NULL,NULL,NULL,NULL,NULL,NULL,NULL,NULL,NULL,NULL,3300,NULL,NULL,NULL,NULL,NULL,0,0,NULL,NULL,NULL,NULL,Web新規申込：設置月＋1か月利用料・初期費用に特典あり。対象物件・工事費残債条件は公式確認。通常料金と別管理,NULL,NULL,NULL,2026-10-07,税込,通常月額・ISP込み。キャンペーン・任意ルーターレンタル330円/月を除く,NULL,NULL,契約期間・解約費用・通常工事費は確認未完了。公式で建物の導入状況を確認。,itscom-kattobi,かっとび光（イッツコム）,イッツ・コミュニケーションズ,https://www.itscom.co.jp/service/internet/course/hikari/,https://www.itscom.co.jp/service/internet/course/hikari/,https://www.itscom.co.jp/service/price/|https://www.itscom.co.jp/service/internet/course/hikari/,https://www.itscom.co.jp/service/price/,https://www.itscom.co.jp/service/internet/course/hikari/,https://www.itscom.co.jp/service/internet/course/hikari/,マンション200Mタイプ,apartment,200,100,4180,itscom-kattobi-28f31cf37f,verified,NULL,NULL,NULL,NULL,北海道|青森県|岩手県|宮城県|秋田県|山形県|福島県|茨城県|栃木県|群馬県|埼玉県|千葉県|東京都|神奈川県|新潟県|山梨県|長野県,https://www.itscom.co.jp/service/internet/course/hikari/,2026-10-07,verified,公式コース表の上下最大通信速度。実効速度ではない。,NULL,NULL,NULL,NULL,イッツ・コミュニケーションズ,NULL,NULL,NULL,NULL
NTT東日本提供エリア（建物・設備による）,光コラボ,fixed,光配線/VDSL/LAN（建物による）,true,active,NULL,NULL,false,NULL,NULL,NULL,NULL,NULL,NULL,NULL,NULL,NULL,NULL,NULL,3300,NULL,NULL,NULL,NULL,NULL,0,0,NULL,NULL,NULL,NULL,Web新規申込：設置月＋1か月利用料・初期費用に特典あり。対象物件・工事費残債条件は公式確認。通常料金と別管理,NULL,NULL,NULL,2026-10-07,税込,通常月額・ISP込み。キャンペーン・任意ルーターレンタル330円/月を除く,NULL,NULL,契約期間・解約費用・通常工事費は確認未完了。公式で建物の導入状況を確認。,itscom-kattobi,かっとび光（イッツコム）,イッツ・コミュニケーションズ,https://www.itscom.co.jp/service/internet/course/hikari/,https://www.itscom.co.jp/service/internet/course/hikari/,https://www.itscom.co.jp/service/price/|https://www.itscom.co.jp/service/internet/course/hikari/,https://www.itscom.co.jp/service/price/,https://www.itscom.co.jp/service/internet/course/hikari/,https://www.itscom.co.jp/service/internet/course/hikari/,マンション100Mタイプ,apartment,100,100,4180,itscom-kattobi-038ea126c5,verified,NULL,NULL,NULL,NULL,北海道|青森県|岩手県|宮城県|秋田県|山形県|福島県|茨城県|栃木県|群馬県|埼玉県|千葉県|東京都|神奈川県|新潟県|山梨県|長野県,https://www.itscom.co.jp/service/internet/course/hikari/,2026-10-07,verified,公式コース表の上下最大通信速度。実効速度ではない。,NULL,NULL,NULL,NULL,イッツ・コミュニケーションズ,NULL,NULL,NULL,NULL
東急沿線（東京・神奈川）の一部,CATV,fixed,HFC,true,active,NULL,NULL,false,NULL,NULL,NULL,NULL,NULL,NULL,NULL,NULL,NULL,NULL,NULL,NULL,NULL,NULL,NULL,NULL,NULL,0,NULL,NULL,NULL,NULL,NULL,NULL,NULL,NULL,NULL,2026-10-07,税込,公式ケーブル単体月額。工事費は別途,NULL,NULL,ケーブルモデム設置必須。建物設備と新規受付・契約コース・最大速度を要確認。名称の数字から速度を推定しない。,itscom-cable,イッツコム ケーブルインターネット,イッツ・コミュニケーションズ,https://www.itscom.co.jp/service/price/,https://www.itscom.co.jp/info/areamap/index.html,https://www.itscom.co.jp/service/price/|https://www.itscom.co.jp/support/internet/setup/speed/,https://www.itscom.co.jp/service/price/,NULL,https://www.itscom.co.jp/service/price/,かっとびメガ160,apartment,160,10,6996,itscom-cable-c0903fc13f,verified,NULL,NULL,NULL,NULL,東京都|神奈川県,https://www.itscom.co.jp/support/internet/setup/speed/,2026-10-07,verified,公式「各コースと下り/上りの速度表」で確認,NULL,NULL,2026-10-07,現行料金表と通信速度表で確認。建物設備による提供条件は公式エリア確認が必要,イッツ・コミュニケーションズ,resolved,現行料金表と通信速度表で確認。建物設備による提供条件は公式エリア確認が必要,2026-10-07,https://www.itscom.co.jp/support/internet/setup/speed/|https://www.itscom.co.jp/service/price/
東急沿線（東京・神奈川）の一部,CATV,fixed,HFC,true,active,NULL,NULL,false,NULL,NULL,NULL,NULL,NULL,NULL,NULL,NULL,NULL,NULL,NULL,NULL,NULL,NULL,NULL,NULL,NULL,0,NULL,NULL,NULL,NULL,NULL,NULL,NULL,NULL,NULL,2026-10-07,税込,公式ケーブル単体月額。工事費は別途,NULL,NULL,ケーブルモデム設置必須。建物設備と新規受付・契約コース・最大速度を要確認。名称の数字から速度を推定しない。,itscom-cable,イッツコム ケーブルインターネット,イッツ・コミュニケーションズ,https://www.itscom.co.jp/service/price/,https://www.itscom.co.jp/info/areamap/index.html,https://www.itscom.co.jp/service/price/|https://www.itscom.co.jp/support/internet/setup/speed/,https://www.itscom.co.jp/service/price/,NULL,https://www.itscom.co.jp/service/price/,かっとびワイド,apartment,30,3,5456,itscom-cable-f3f6103b55,verified,NULL,NULL,NULL,NULL,東京都|神奈川県,https://www.itscom.co.jp/support/internet/setup/speed/,2026-10-07,verified,公式「各コースと下り/上りの速度表」で確認,NULL,NULL,2026-10-07,現行料金表と通信速度表で確認。建物設備による提供条件は公式エリア確認が必要,イッツ・コミュニケーションズ,resolved,現行料金表と通信速度表で確認。建物設備による提供条件は公式エリア確認が必要,2026-10-07,https://www.itscom.co.jp/support/internet/setup/speed/|https://www.itscom.co.jp/service/price/
J:COM対応地域・建物,CATV系,fixed,HFC,true,active,NULL,NULL,false,NULL,要確認,NULL,NULL,NULL,NULL,NULL,NULL,NULL,NULL,NULL,NULL,NULL,NULL,工事内容・配線状況により変動。未確認額はNULL,24,5060,0,0,NULL,NULL,NULL,NULL,要確認（通常月額に含めない）,NULL,NULL,NULL,2026-10-07,税込,"新規向け定期契約別表のNET単体基本料金。テレビ追加は任意1,100円。建物個別契約は異なる場合あり",ブロードバンドユニバーサルサービス料・追加工事・任意オプション等は別途。適用額は公式で確認,NULL,地域・設備・セット・契約期間で変動。解約料を月額料金として転記しない ／ 320MのJ:COM Wi-Fi対応装置は任意加算550円、高機能Wi-Fiは任意。1G・光は標準Wi-Fi込み、高機能Wi-Fi追加220円。,jcom,J:COM NET,JCOM,https://www.jcom.co.jp/service/net/course/,https://www.jcom.co.jp/service/net/course/,https://www.jcom.co.jp/service/net/course/|https://group-companies.jcom.co.jp/sites/default/files/group-companies/common/yakkan/61601/juusetsu_jcomservice_61601.pdf|https://group-companies.jcom.co.jp/sites/default/files/group-companies/common/yakkan/94188/yakkan_jcom_net_94188.pdf|https://group-companies.jcom.co.jp/sites/default/files/group-companies/common/yakkan/94193/yakkan_jcom_net_94193.pdf,https://group-companies.jcom.co.jp/sites/default/files/group-companies/common/yakkan/94193/yakkan_jcom_net_94193.pdf,https://www.jcom.co.jp/service/net/course/|https://group-companies.jcom.co.jp/sites/default/files/group-companies/common/yakkan/61601/juusetsu_jcomservice_61601.pdf,https://www.jcom.co.jp/service/net/course/,320メガ CATV 2年契約,house,320,10,5060,jcom-a79a9f05ba-2year,verified,NULL,NULL,NULL,NULL,NULL,https://group-companies.jcom.co.jp/sites/default/files/group-companies/common/yakkan/94188/yakkan_jcom_net_94188.pdf,2026-10-07,verified,新規向け約款の各コースの上り仕様を確認。実測値ではない,NULL,NULL,2026-10-07,標準契約と2年契約を別レコード化。キャンペーンとは別の契約料金,JCOM,resolved,現行の2年契約別表で単体料金を確認。受付終了の旧Wi-Fiコースは採用しない,2026-10-07,https://group-companies.jcom.co.jp/sites/default/files/group-companies/common/yakkan/94193/yakkan_jcom_net_94193.pdf
J:COM対応地域・建物,CATV系,fixed,HFC,true,active,NULL,NULL,false,NULL,要確認,NULL,NULL,NULL,NULL,NULL,NULL,NULL,NULL,NULL,NULL,NULL,NULL,工事内容・配線状況により変動。未確認額はNULL,24,4730,0,0,NULL,NULL,NULL,NULL,要確認（通常月額に含めない）,NULL,NULL,NULL,2026-10-07,税込,"新規向け定期契約別表のNET単体基本料金。テレビ追加は任意1,100円。建物個別契約は異なる場合あり",ブロードバンドユニバーサルサービス料・追加工事・任意オプション等は別途。適用額は公式で確認,NULL,地域・設備・セット・契約期間で変動。解約料を月額料金として転記しない ／ 320MのJ:COM Wi-Fi対応装置は任意加算550円、高機能Wi-Fiは任意。1G・光は標準Wi-Fi込み、高機能Wi-Fi追加220円。,jcom,J:COM NET,JCOM,https://www.jcom.co.jp/service/net/course/,https://www.jcom.co.jp/service/net/course/,https://www.jcom.co.jp/service/net/course/|https://group-companies.jcom.co.jp/sites/default/files/group-companies/common/yakkan/61601/juusetsu_jcomservice_61601.pdf|https://group-companies.jcom.co.jp/sites/default/files/group-companies/common/yakkan/94188/yakkan_jcom_net_94188.pdf|https://group-companies.jcom.co.jp/sites/default/files/group-companies/common/yakkan/94193/yakkan_jcom_net_94193.pdf,https://group-companies.jcom.co.jp/sites/default/files/group-companies/common/yakkan/94193/yakkan_jcom_net_94193.pdf,https://www.jcom.co.jp/service/net/course/|https://group-companies.jcom.co.jp/sites/default/files/group-companies/common/yakkan/61601/juusetsu_jcomservice_61601.pdf,https://www.jcom.co.jp/service/net/course/,320メガ CATV 2年契約,apartment,320,10,4730,jcom-069ba8a9bc-2year,verified,NULL,NULL,NULL,NULL,NULL,https://group-companies.jcom.co.jp/sites/default/files/group-companies/common/yakkan/94188/yakkan_jcom_net_94188.pdf,2026-10-07,verified,新規向け約款の各コースの上り仕様を確認。実測値ではない,NULL,NULL,2026-10-07,標準契約と2年契約を別レコード化。キャンペーンとは別の契約料金,JCOM,resolved,現行の2年契約別表で単体料金を確認。受付終了の旧Wi-Fiコースは採用しない,2026-10-07,https://group-companies.jcom.co.jp/sites/default/files/group-companies/common/yakkan/94193/yakkan_jcom_net_94193.pdf
J:COM対応地域・建物,CATV系,fixed,HFC,true,active,NULL,NULL,false,NULL,要確認,NULL,NULL,NULL,NULL,NULL,NULL,NULL,NULL,NULL,NULL,NULL,NULL,工事内容・配線状況により変動。未確認額はNULL,24,5610,0,0,NULL,NULL,NULL,NULL,要確認（通常月額に含めない）,NULL,NULL,NULL,2026-10-07,税込,"新規向け定期契約別表のNET単体基本料金。テレビ追加は任意1,100円。建物個別契約は異なる場合あり",ブロードバンドユニバーサルサービス料・追加工事・任意オプション等は別途。適用額は公式で確認,NULL,地域・設備・セット・契約期間で変動。解約料を月額料金として転記しない ／ 320MのJ:COM Wi-Fi対応装置は任意加算550円、高機能Wi-Fiは任意。1G・光は標準Wi-Fi込み、高機能Wi-Fi追加220円。,jcom,J:COM NET,JCOM,https://www.jcom.co.jp/service/net/course/,https://www.jcom.co.jp/service/net/course/,https://www.jcom.co.jp/service/net/course/|https://group-companies.jcom.co.jp/sites/default/files/group-companies/common/yakkan/61601/juusetsu_jcomservice_61601.pdf|https://group-companies.jcom.co.jp/sites/default/files/group-companies/common/yakkan/94188/yakkan_jcom_net_94188.pdf|https://group-companies.jcom.co.jp/sites/default/files/group-companies/common/yakkan/94193/yakkan_jcom_net_94193.pdf,https://group-companies.jcom.co.jp/sites/default/files/group-companies/common/yakkan/94193/yakkan_jcom_net_94193.pdf,https://www.jcom.co.jp/service/net/course/|https://group-companies.jcom.co.jp/sites/default/files/group-companies/common/yakkan/61601/juusetsu_jcomservice_61601.pdf,https://www.jcom.co.jp/service/net/course/,1000メガ CATV 2年契約,house,1000,100,5610,jcom-62f1cccca4-2year,verified,NULL,NULL,NULL,NULL,NULL,https://group-companies.jcom.co.jp/sites/default/files/group-companies/common/yakkan/94188/yakkan_jcom_net_94188.pdf,2026-10-07,verified,新規向け約款の各コースの上り仕様を確認。実測値ではない,NULL,NULL,2026-10-07,標準契約と2年契約を別レコード化。キャンペーンとは別の契約料金,JCOM,resolved,現行の2年契約別表で単体料金を確認。受付終了の旧Wi-Fiコースは採用しない,2026-10-07,https://group-companies.jcom.co.jp/sites/default/files/group-companies/common/yakkan/94193/yakkan_jcom_net_94193.pdf
J:COM対応地域・建物,CATV系,fixed,HFC,true,active,NULL,NULL,false,NULL,要確認,NULL,NULL,NULL,NULL,NULL,NULL,NULL,NULL,NULL,NULL,NULL,NULL,工事内容・配線状況により変動。未確認額はNULL,24,5280,0,0,NULL,NULL,NULL,NULL,要確認（通常月額に含めない）,NULL,NULL,NULL,2026-10-07,税込,"新規向け定期契約別表のNET単体基本料金。テレビ追加は任意1,100円。建物個別契約は異なる場合あり",ブロードバンドユニバーサルサービス料・追加工事・任意オプション等は別途。適用額は公式で確認,NULL,地域・設備・セット・契約期間で変動。解約料を月額料金として転記しない ／ 320MのJ:COM Wi-Fi対応装置は任意加算550円、高機能Wi-Fiは任意。1G・光は標準Wi-Fi込み、高機能Wi-Fi追加220円。,jcom,J:COM NET,JCOM,https://www.jcom.co.jp/service/net/course/,https://www.jcom.co.jp/service/net/course/,https://www.jcom.co.jp/service/net/course/|https://group-companies.jcom.co.jp/sites/default/files/group-companies/common/yakkan/61601/juusetsu_jcomservice_61601.pdf|https://group-companies.jcom.co.jp/sites/default/files/group-companies/common/yakkan/94188/yakkan_jcom_net_94188.pdf|https://group-companies.jcom.co.jp/sites/default/files/group-companies/common/yakkan/94193/yakkan_jcom_net_94193.pdf,https://group-companies.jcom.co.jp/sites/default/files/group-companies/common/yakkan/94193/yakkan_jcom_net_94193.pdf,https://www.jcom.co.jp/service/net/course/|https://group-companies.jcom.co.jp/sites/default/files/group-companies/common/yakkan/61601/juusetsu_jcomservice_61601.pdf,https://www.jcom.co.jp/service/net/course/,1000メガ CATV 2年契約,apartment,1000,100,5280,jcom-3e38c499b1-2year,verified,NULL,NULL,NULL,NULL,NULL,https://group-companies.jcom.co.jp/sites/default/files/group-companies/common/yakkan/94188/yakkan_jcom_net_94188.pdf,2026-10-07,verified,新規向け約款の各コースの上り仕様を確認。実測値ではない,NULL,NULL,2026-10-07,標準契約と2年契約を別レコード化。キャンペーンとは別の契約料金,JCOM,resolved,現行の2年契約別表で単体料金を確認。受付終了の旧Wi-Fiコースは採用しない,2026-10-07,https://group-companies.jcom.co.jp/sites/default/files/group-companies/common/yakkan/94193/yakkan_jcom_net_94193.pdf
J:COM対応地域・建物,CATV系光,fixed,FTTH,true,active,NULL,NULL,false,NULL,要確認,NULL,NULL,NULL,NULL,NULL,NULL,NULL,NULL,NULL,NULL,NULL,NULL,工事内容・配線状況により変動。未確認額はNULL,24,5610,0,0,NULL,NULL,NULL,NULL,要確認（通常月額に含めない）,NULL,NULL,NULL,2026-10-07,税込,"新規向け定期契約別表のNET単体基本料金。テレビ追加は任意1,100円。建物個別契約は異なる場合あり",ブロードバンドユニバーサルサービス料・追加工事・任意オプション等は別途。適用額は公式で確認,NULL,地域・設備・セット・契約期間で変動。解約料を月額料金として転記しない ／ 320MのJ:COM Wi-Fi対応装置は任意加算550円、高機能Wi-Fiは任意。1G・光は標準Wi-Fi込み、高機能Wi-Fi追加220円。,jcom,J:COM NET,JCOM,https://www.jcom.co.jp/service/net/course/,https://www.jcom.co.jp/service/net/course/,https://www.jcom.co.jp/service/net/course/|https://group-companies.jcom.co.jp/sites/default/files/group-companies/common/yakkan/61601/juusetsu_jcomservice_61601.pdf|https://group-companies.jcom.co.jp/sites/default/files/group-companies/common/yakkan/94188/yakkan_jcom_net_94188.pdf|https://group-companies.jcom.co.jp/sites/default/files/group-companies/common/yakkan/94193/yakkan_jcom_net_94193.pdf,https://group-companies.jcom.co.jp/sites/default/files/group-companies/common/yakkan/94193/yakkan_jcom_net_94193.pdf,https://www.jcom.co.jp/service/net/course/|https://group-companies.jcom.co.jp/sites/default/files/group-companies/common/yakkan/61601/juusetsu_jcomservice_61601.pdf,https://www.jcom.co.jp/service/net/course/,光 1G（J:COM回線） 2年契約,house,1000,1000,5610,jcom-7c8f7654b8-2year,verified,NULL,NULL,NULL,NULL,NULL,https://group-companies.jcom.co.jp/sites/default/files/group-companies/common/yakkan/94188/yakkan_jcom_net_94188.pdf,2026-10-07,verified,新規向け約款の各コースの上り仕様を確認。実測値ではない,NULL,NULL,2026-10-07,標準契約と2年契約を別レコード化。キャンペーンとは別の契約料金,JCOM,resolved,現行の2年契約別表で単体料金を確認。受付終了の旧Wi-Fiコースは採用しない,2026-10-07,https://group-companies.jcom.co.jp/sites/default/files/group-companies/common/yakkan/94193/yakkan_jcom_net_94193.pdf
J:COM対応地域・建物,CATV系光,fixed,FTTH,true,active,NULL,NULL,false,NULL,要確認,NULL,NULL,NULL,NULL,NULL,NULL,NULL,NULL,NULL,NULL,NULL,NULL,工事内容・配線状況により変動。未確認額はNULL,24,5610,0,0,NULL,NULL,NULL,NULL,要確認（通常月額に含めない）,NULL,NULL,NULL,2026-10-07,税込,"新規向け定期契約別表のNET単体基本料金。テレビ追加は任意1,100円。建物個別契約は異なる場合あり",ブロードバンドユニバーサルサービス料・追加工事・任意オプション等は別途。適用額は公式で確認,NULL,地域・設備・セット・契約期間で変動。解約料を月額料金として転記しない ／ 320MのJ:COM Wi-Fi対応装置は任意加算550円、高機能Wi-Fiは任意。1G・光は標準Wi-Fi込み、高機能Wi-Fi追加220円。,jcom,J:COM NET,JCOM,https://www.jcom.co.jp/service/net/course/,https://www.jcom.co.jp/service/net/course/,https://www.jcom.co.jp/service/net/course/|https://group-companies.jcom.co.jp/sites/default/files/group-companies/common/yakkan/61601/juusetsu_jcomservice_61601.pdf|https://group-companies.jcom.co.jp/sites/default/files/group-companies/common/yakkan/94188/yakkan_jcom_net_94188.pdf|https://group-companies.jcom.co.jp/sites/default/files/group-companies/common/yakkan/94193/yakkan_jcom_net_94193.pdf,https://group-companies.jcom.co.jp/sites/default/files/group-companies/common/yakkan/94193/yakkan_jcom_net_94193.pdf,https://www.jcom.co.jp/service/net/course/|https://group-companies.jcom.co.jp/sites/default/files/group-companies/common/yakkan/61601/juusetsu_jcomservice_61601.pdf,https://www.jcom.co.jp/service/net/course/,光 1G（J:COM回線） 2年契約（Wi-Fi 7）,apartment,1000,1000,5610,jcom-1fa7f17aaf-2year,verified,NULL,NULL,NULL,NULL,NULL,https://group-companies.jcom.co.jp/sites/default/files/group-companies/common/yakkan/94188/yakkan_jcom_net_94188.pdf,2026-10-07,verified,新規向け約款の各コースの上り仕様を確認。実測値ではない,NULL,NULL,2026-10-07,標準契約と2年契約を別レコード化。キャンペーンとは別の契約料金,JCOM,resolved,現行の2年契約別表で単体料金を確認。受付終了の旧Wi-Fiコースは採用しない,2026-10-07,https://group-companies.jcom.co.jp/sites/default/files/group-companies/common/yakkan/94193/yakkan_jcom_net_94193.pdf
J:COM対応地域・建物,CATV系光,fixed,FTTH,true,active,NULL,NULL,false,NULL,要確認,NULL,NULL,NULL,NULL,NULL,NULL,NULL,NULL,NULL,NULL,NULL,NULL,工事内容・配線状況により変動。未確認額はNULL,24,6160,0,0,NULL,NULL,NULL,NULL,要確認（通常月額に含めない）,NULL,NULL,NULL,2026-10-07,税込,"新規向け定期契約別表のNET単体基本料金。テレビ追加は任意1,100円。建物個別契約は異なる場合あり",ブロードバンドユニバーサルサービス料・追加工事・任意オプション等は別途。適用額は公式で確認,NULL,地域・設備・セット・契約期間で変動。解約料を月額料金として転記しない ／ 320MのJ:COM Wi-Fi対応装置は任意加算550円、高機能Wi-Fiは任意。1G・光は標準Wi-Fi込み、高機能Wi-Fi追加220円。,jcom,J:COM NET,JCOM,https://www.jcom.co.jp/service/net/course/,https://www.jcom.co.jp/service/net/course/,https://www.jcom.co.jp/service/net/course/|https://group-companies.jcom.co.jp/sites/default/files/group-companies/common/yakkan/61601/juusetsu_jcomservice_61601.pdf|https://group-companies.jcom.co.jp/sites/default/files/group-companies/common/yakkan/94188/yakkan_jcom_net_94188.pdf|https://group-companies.jcom.co.jp/sites/default/files/group-companies/common/yakkan/94193/yakkan_jcom_net_94193.pdf,https://group-companies.jcom.co.jp/sites/default/files/group-companies/common/yakkan/94193/yakkan_jcom_net_94193.pdf,https://www.jcom.co.jp/service/net/course/|https://group-companies.jcom.co.jp/sites/default/files/group-companies/common/yakkan/61601/juusetsu_jcomservice_61601.pdf,https://www.jcom.co.jp/service/net/course/,光 10G（J:COM回線） 2年契約（Wi-Fi 7）,house,10000,10000,6160,jcom-607d0f7411-2year,verified,NULL,NULL,NULL,NULL,NULL,https://group-companies.jcom.co.jp/sites/default/files/group-companies/common/yakkan/94188/yakkan_jcom_net_94188.pdf,2026-10-07,verified,新規向け約款の各コースの上り仕様を確認。実測値ではない,NULL,NULL,2026-10-07,標準契約と2年契約を別レコード化。キャンペーンとは別の契約料金,JCOM,resolved,現行の2年契約別表で単体料金を確認。受付終了の旧Wi-Fiコースは採用しない,2026-10-07,https://group-companies.jcom.co.jp/sites/default/files/group-companies/common/yakkan/94193/yakkan_jcom_net_94193.pdf
J:COM対応地域・建物,CATV系光,fixed,FTTH,true,active,NULL,NULL,false,NULL,要確認,NULL,NULL,NULL,NULL,NULL,NULL,NULL,NULL,NULL,NULL,NULL,NULL,工事内容・配線状況により変動。未確認額はNULL,24,6160,0,0,NULL,NULL,NULL,NULL,要確認（通常月額に含めない）,NULL,NULL,NULL,2026-10-07,税込,"新規向け定期契約別表のNET単体基本料金。テレビ追加は任意1,100円。建物個別契約は異なる場合あり",ブロードバンドユニバーサルサービス料・追加工事・任意オプション等は別途。適用額は公式で確認,NULL,地域・設備・セット・契約期間で変動。解約料を月額料金として転記しない ／ 320MのJ:COM Wi-Fi対応装置は任意加算550円、高機能Wi-Fiは任意。1G・光は標準Wi-Fi込み、高機能Wi-Fi追加220円。,jcom,J:COM NET,JCOM,https://www.jcom.co.jp/service/net/course/,https://www.jcom.co.jp/service/net/course/,https://www.jcom.co.jp/service/net/course/|https://group-companies.jcom.co.jp/sites/default/files/group-companies/common/yakkan/61601/juusetsu_jcomservice_61601.pdf|https://group-companies.jcom.co.jp/sites/default/files/group-companies/common/yakkan/94188/yakkan_jcom_net_94188.pdf|https://group-companies.jcom.co.jp/sites/default/files/group-companies/common/yakkan/94193/yakkan_jcom_net_94193.pdf,https://group-companies.jcom.co.jp/sites/default/files/group-companies/common/yakkan/94193/yakkan_jcom_net_94193.pdf,https://www.jcom.co.jp/service/net/course/|https://group-companies.jcom.co.jp/sites/default/files/group-companies/common/yakkan/61601/juusetsu_jcomservice_61601.pdf,https://www.jcom.co.jp/service/net/course/,光 10G（J:COM回線） 2年契約（Wi-Fi 7）,apartment,10000,10000,6160,jcom-b2beb7a117-2year,verified,NULL,NULL,NULL,NULL,NULL,https://group-companies.jcom.co.jp/sites/default/files/group-companies/common/yakkan/94188/yakkan_jcom_net_94188.pdf,2026-10-07,verified,新規向け約款の各コースの上り仕様を確認。実測値ではない,NULL,NULL,2026-10-07,標準契約と2年契約を別レコード化。キャンペーンとは別の契約料金,JCOM,resolved,現行の2年契約別表で単体料金を確認。受付終了の旧Wi-Fiコースは採用しない,2026-10-07,https://group-companies.jcom.co.jp/sites/default/files/group-companies/common/yakkan/94193/yakkan_jcom_net_94193.pdf
J:COM対応地域・建物,独自回線,fixed,FTTH,true,active,NULL,NULL,false,NULL,要確認,NULL,NULL,NULL,NULL,NULL,NULL,NULL,NULL,NULL,NULL,NULL,NULL,工事内容・配線状況により変動。未確認額はNULL,24,6160,0,0,NULL,NULL,NULL,NULL,要確認（通常月額に含めない）,NULL,NULL,NULL,2026-10-07,税込,"新規向け定期契約別表のNET単体基本料金。テレビ追加は任意1,100円。建物個別契約は異なる場合あり",ブロードバンドユニバーサルサービス料・追加工事・任意オプション等は別途。適用額は公式で確認,NULL,地域・設備・セット・契約期間で変動。解約料を月額料金として転記しない ／ 320MのJ:COM Wi-Fi対応装置は任意加算550円、高機能Wi-Fiは任意。1G・光は標準Wi-Fi込み、高機能Wi-Fi追加220円。,jcom,J:COM NET,JCOM,https://www.jcom.co.jp/service/net/course/,https://www.jcom.co.jp/service/net/course/,https://www.jcom.co.jp/service/net/course/|https://group-companies.jcom.co.jp/sites/default/files/group-companies/common/yakkan/94188/yakkan_jcom_net_94188.pdf|https://group-companies.jcom.co.jp/sites/default/files/group-companies/common/yakkan/94193/yakkan_jcom_net_94193.pdf,https://group-companies.jcom.co.jp/sites/default/files/group-companies/common/yakkan/94193/yakkan_jcom_net_94193.pdf,https://www.jcom.co.jp/service/net/course/,https://www.jcom.co.jp/service/net/course/,光10G on auひかり 2年契約（Wi-Fi 7）,house,10000,10000,6160,jcom-a700d533f9-2year,verified,NULL,NULL,NULL,NULL,NULL,https://group-companies.jcom.co.jp/sites/default/files/group-companies/common/yakkan/94188/yakkan_jcom_net_94188.pdf,2026-10-07,verified,新規向け約款の各コースの上り仕様を確認。実測値ではない,NULL,NULL,2026-10-07,標準契約と2年契約を別レコード化。キャンペーンとは別の契約料金,JCOM,resolved,現行の2年契約別表で単体料金を確認。受付終了の旧Wi-Fiコースは採用しない,2026-10-07,https://group-companies.jcom.co.jp/sites/default/files/group-companies/common/yakkan/94193/yakkan_jcom_net_94193.pdf
J:COM対応地域・建物,独自回線,fixed,FTTH,true,active,NULL,NULL,false,NULL,要確認,NULL,NULL,NULL,NULL,NULL,NULL,NULL,NULL,NULL,NULL,NULL,NULL,工事内容・配線状況により変動。未確認額はNULL,24,5610,0,0,NULL,NULL,NULL,NULL,要確認（通常月額に含めない）,NULL,NULL,NULL,2026-10-07,税込,"新規向け定期契約別表のNET単体基本料金。テレビ追加は任意1,100円。建物個別契約は異なる場合あり",ブロードバンドユニバーサルサービス料・追加工事・任意オプション等は別途。適用額は公式で確認,NULL,地域・設備・セット・契約期間で変動。解約料を月額料金として転記しない ／ 320MのJ:COM Wi-Fi対応装置は任意加算550円、高機能Wi-Fiは任意。1G・光は標準Wi-Fi込み、高機能Wi-Fi追加220円。,jcom,J:COM NET,JCOM,https://www.jcom.co.jp/service/net/course/,https://www.jcom.co.jp/service/net/course/,https://www.jcom.co.jp/service/net/course/|https://group-companies.jcom.co.jp/sites/default/files/group-companies/common/yakkan/94188/yakkan_jcom_net_94188.pdf|https://group-companies.jcom.co.jp/sites/default/files/group-companies/common/yakkan/94193/yakkan_jcom_net_94193.pdf,https://group-companies.jcom.co.jp/sites/default/files/group-companies/common/yakkan/94193/yakkan_jcom_net_94193.pdf,https://www.jcom.co.jp/service/net/course/,https://www.jcom.co.jp/service/net/course/,光1G on auひかり 2年契約,house,1000,1000,5610,jcom-209a56e974-2year,verified,NULL,NULL,NULL,NULL,NULL,https://group-companies.jcom.co.jp/sites/default/files/group-companies/common/yakkan/94188/yakkan_jcom_net_94188.pdf,2026-10-07,verified,新規向け約款の各コースの上り仕様を確認。実測値ではない,NULL,NULL,2026-10-07,標準契約と2年契約を別レコード化。キャンペーンとは別の契約料金,JCOM,resolved,現行の2年契約別表で単体料金を確認。受付終了の旧Wi-Fiコースは採用しない,2026-10-07,https://group-companies.jcom.co.jp/sites/default/files/group-companies/common/yakkan/94193/yakkan_jcom_net_94193.pdf
